CustomerID,Gender,Age,MonthlyCharges,ContractType,TenureMonths,PaymentMethod,SupportCalls,SatisfactionScore,Churn
C00001,Male,20.0,41.38,Monthly,16,Credit Card,5,6.0,No
C00002,Female,24.0,45.75,Two-Year,3,Cash,1,7.0,No
C00003,Female,42.0,34.32, Monthly ,4,Credit Card,2,5.0,No
C00004,Female,23.0,36.59,Monthly,6,,3,4.0,No
C00005,Male,51.0,66.38,Two-Year,13,Credit Card,1,6.0,No
C00006,Male,37.0,57.93,Monthly,21,Bank Transfer,5,6.0,No
C00007,Male,39.0,68.12,Monthly,10,Bank Transfer,5,5.0,Yes
C00008,Female,34.0,60.12,Monthly,2,Cash,0,7.0,Yes
C00009,Female,47.0,74.96,Monthly,8,E-Wallet,2,9.0,No
C00010,Female,47.0,81.06,Monthly,2,Bank Transfer,2,,Yes
C00011,Male,42.0,24.93,Monthly,2,,1,8.0,No
C00012,Female,44.0,,Monthly,11,Bank Transfer,2,10.0,No
C00013,Female,35.0,49.2,Yearly,38,Credit Card,4,8.0,No
C00014,Male,44.0,54.04,Monthly,22,E-Wallet,4,7.0,No
C00015,Male,33.0,40.39,Yearly,18,Bank Transfer,2,7.0,No
C00016,Male,38.0,82.3,Monthly,16,Bank Transfer,2,8.0,No
C00017,Male,34.0,133.08,Monthly,28,Credit Card,2,1.0,Yes
C00018,Female,32.0,59.37,Monthly,17,E-Wallet,3,,Yes
C00019,Male,29.0,56.71,Monthly,12,Credit Card,1,,No
C00020,Male,43.0,80.02,Monthly,6,Credit Card,2,7.0,No
C00021,Female,53.0,23.58,Monthly,2,E-Wallet,5,,No
C00022,Male,52.0,55.3,Two-Year,8,Credit Card,2,6.0,No
C00023,Male,,84.82,Monthly,32,Bank Transfer,4,5.0,No
C00024,Male,53.0,40.88,Monthly,11,E-Wallet,1,4.0,Yes
C00025,Male,200.0,31.44,Monthly,3,E-Wallet,2,6.0,Yes
C00026,Female,45.0,50.22,Yearly,13,E-Wallet,3,5.0,No
C00027,Male,27.0,53.13,Monthly,8,E-Wallet,5,7.0,No
C00028,F,39.0,,Yearly,33,Credit Card,1,8.0,No
C00029,Female,41.0,140.23,Monthly,3,Cash,3,4.0,No
C00030,Male,20.0,44.02,Monthly,15,Credit Card,4,8.0,Yes
C00031,Female,45.0,32.49,Monthly,14,Credit Card,1,1.0,No
C00032,Male,54.0,52.35,Yearly,50,Credit Card,1,9.0,Yes
C00033,Male,35.0,82.15,Monthly,10,Cash,1,5.0,No
C00034,Female,54.0,55.03,Monthly,25,Bank Transfer,3,9.0,No
C00035,Female,35.0,67.93,Monthly,1,Credit Card,2,5.0,No
C00036,Female,48.0,36.89,Monthly,2,Credit Card,3,7.0,No
C00037,Male,18.0,106.64,Monthly,6,,0,5.0,No
C00038,Male,67.0,70.3,Monthly,12,,4,8.0,Yes
C00039,Female,,87.48,Monthly,8,Credit Card,8,5.0,No
C00040,Male,34.0,64.35,Two-Year,3,Bank Transfer,7,3.0,Yes
C00041,Male,18.0,79.14,Monthly,11,E-Wallet,2,8.0,No
C00042,Male,41.0,36.86,Monthly,11,Bank Transfer,2,5.0,No
C00043,Male,20.0,43.77,Monthly,9,E-Wallet,4,10.0,Yes
C00044,Female,43.0,100.07,Yearly,2,Credit Card,1,7.0,No
C00045,Male,42.0,110.15,Monthly,32,Credit Card,4,9.0,No
C00046,Female,26.0,32.58,Monthly,11,E-Wallet,0,,No
C00047,Male,51.0,61.09,Monthly,4,E-Wallet,1,6.0,No
C00048,Female,47.0,44.97,Monthly,14,Bank Transfer,4,6.0,No
C00049,Female,,39.9,Monthly,5,E-Wallet,4,7.0,No
C00050,Male,38.0,62.06,Monthly,9,Bank Transfer,2,5.0,No
C00051,Female,21.0,91.23,Monthly,6,Credit Card,1,,No
C00052,Female,49.0,,Yearly,26,Bank Transfer,4,,No
C00053,Female,34.0,47.29,Yearly,62,Credit Card,2,9.0,No
C00054,Female,21.0,68.83,Monthly,3,Bank Transfer,1,7.0,No
C00055,Female,54.0,46.43,Monthly,1,Credit Card,2,7.0,No
C00056,Female,63.0,65.72,Two-Year,3,Credit Card,2,8.0,No
C00057,Male,37.0,102.35,Yearly,11,E-Wallet,7,9.0,No
C00058,Male,63.0,21.44,Monthly,3,Credit Card,3,8.0,No
C00059,Male,39.0,78.16,Monthly,21,Credit Card,0,6.0,No
C00060,M,33.0,27.31,Two-Year,7,Cash,3,6.0,No
C00061,Male,30.0,94.89,Monthly,12,Bank Transfer,5,1.0,No
C00062,Male,,40.99,Yearly,8,Bank Transfer,0,,No
C00063,Female,28.0,31.56,Monthly,29,E-Wallet,1,8.0,No
C00064,Male,46.0,74.65,Monthly,1,Bank Transfer,3,5.0,No
C00065,Male,31.0,64.32,Monthly,16,Credit Card,3,5.0,No
C00066,Female,32.0,34.83,Monthly,13,Bank Transfer,2,8.0,No
C00067,Male,50.0,31.07,Monthly,13,E-Wallet,2,4.0,No
C00068,Female,33.0,50.18,Yearly,7,E-Wallet,2,5.0,No
C00069,Male,33.0,31.76,Monthly,1,Credit Card,6,5.0,No
C00070,Female,51.0,33.86,Yearly,15,Credit Card,4,4.0,No
C00071,Female,57.0,57.51,Monthly,22,Credit Card,1,5.0,No
C00072,Male,45.0,35.35,Monthly,2,Bank Transfer,3,1.0,No
C00073,Male,30.0,66.15,Monthly,7,Credit Card,5,10.0,Yes
C00074,Female,31.0,106.76,Two-Year,3,E-Wallet,4,6.0,No
C00075,Female,38.0,51.07,Monthly,12,Cash,1,7.0,No
C00076,Female,41.0,57.89,Monthly,19,E-Wallet,2,2.0,Yes
C00077,Female,26.0,135.39,Two-Year,14,Cash,2,5.0,No
C00078,Male,,31.99,Monthly,5,Credit Card,4,7.0,No
C00079,Male,39.0,93.32,Yearly,2,E-Wallet,2,4.0,No
C00080,Male,18.0,88.4,Yearly,19,E-Wallet,5,8.0,No
C00081,Female,26.0,80.19,Monthly,5,Credit Card,4,7.0,No
C00082,Female,31.0,97.64,Monthly,1,Credit Card,4,6.0,No
C00083,Male,37.0,61.95,Two-Year,11,Bank Transfer,3,6.0,No
C00084,Male,60.0,42.0,Monthly,4,E-Wallet,1,5.0,No
C00085,Male,40.0,89.35,Monthly,23,,2,2.0,No
C00086,Male,27.0,90.9,Monthly,2,Bank Transfer,3,7.0,Yes
C00087,Female,40.0,,Monthly,7,E-Wallet,4,4.0,No
C00088,Female,33.0,55.7,Yearly,4, E-Wallet,3,6.0,No
C00089,Female,41.0,39.56,Two-Year,15,E-Wallet,2,9.0,No
C00090,Male,44.0,59.51,Two-Year,10,Bank Transfer,5,6.0,No
C00091,Male,52.0,83.43,Two-Year,19,Credit Card,0,7.0,No
C00092,Female,37.0,86.57,Monthly,8,Cash,5,4.0,Yes
C00093,Female,57.0,45.0,Yearly,1,Bank Transfer,2,3.0,Yes
C00094,Female,48.0,62.92,Monthly,3,E-Wallet,2,8.0,No
C00095,Female,29.0,30.3,Monthly,72,Bank Transfer,2,8.0,No
C00096,M,64.0,85.05,Yearly,7,Cash,2,9.0,No
C00097,Female,41.0,38.38,Monthly,12,Credit Card,2,10.0,No
C00098,Male,27.0,77.74,Two-Year,29,Bank Transfer,1,5.0,No
C00099,Male,57.0,32.55,Monthly,1,Credit Card,3,7.0,No
C00100,FEMALE,62.0,86.85,Yearly,13,Credit Card,5,,No
C00101,Male,37.0,63.11,Monthly,5,Credit Card,3,10.0,No
C00102,Female,31.0,38.41,Monthly,4,Bank Transfer,3,9.0,No
C00103,FEMALE,35.0,74.52,Monthly,4,E-Wallet,1,5.0,No
C00104,Male,46.0,41.86,Monthly,21,Bank Transfer,2,10.0,No
C00105,Female,53.0,76.5,Monthly,6,Bank Transfer,5,8.0,No
C00106,Male,44.0,48.26,Two-Year,1,Cash,1,7.0,No
C00107,Male,39.0,25.17,Monthly,2,E-Wallet,1,,Yes
C00108,Female,55.0,35.09,Monthly,2,Credit Card,2,10.0,No
C00109,Male,34.0,44.98,Monthly,28,Credit Card,1,10.0,No
C00110,Male,50.0,101.06,Monthly,7,Credit Card,4,6.0,Yes
C00111,Male,34.0,81.9,Monthly,30,Credit Card,5,7.0,No
C00112,Male,43.0,113.38,Monthly,21,Credit Card,0,8.0,No
C00113,male,36.0,114.91,Monthly,22,E-Wallet,4,4.0,No
C00114,Female,37.0,42.92,Yearly,5,Credit Card,3,7.0,No
C00115,Female,33.0,50.16, Monthly ,4,Credit Card,3,8.0,Yes
C00116,Female,54.0,45.37,Monthly,10,Credit Card,3,10.0,No
C00117,Female,29.0,40.36,Monthly,7,Bank Transfer,2,6.0,No
C00118,M,29.0,23.84,Monthly,9,E-Wallet,3,7.0,No
C00119,Female,63.0,54.24,Yearly,1,Cash,2,5.0,No
C00120,Female,49.0,30.62,Monthly,43,Bank Transfer,5,8.0,No
C00121,Female,18.0,53.76,Monthly,1,Bank Transfer,2,6.0,No
C00122,Female,31.0,141.47,Monthly,3,E-Wallet,1,8.0,Yes
C00123,Male,18.0,43.41,Two-Year,14,E-Wallet,3,5.0,No
C00124,Male,26.0,59.6,Monthly,3,,0,3.0,No
C00125,Male,18.0,82.1,Monthly,2,E-Wallet,4,5.0,No
C00126,Male,36.0,,Monthly,3,Bank Transfer,4,10.0,No
C00127,Female,24.0,62.28,Monthly,1,Cash,2,6.0,Yes
C00128,Female,,46.38,Monthly,4,Credit Card,2,6.0,Yes
C00129,Male,18.0,49.19,Two-Year,4,Bank Transfer,2,7.0,No
C00130,Male,38.0,35.45,Monthly,9,Credit Card,1,7.0,No
C00131,Male,33.0,79.9,Yearly,7,E-Wallet,1,8.0,No
C00132,Male,56.0,24.94,Monthly,8,Credit Card,3,7.0,No
C00133,Male,54.0,84.52,Monthly,12,Bank Transfer,4,10.0,No
C00134,Male,47.0,29.03,Two-Year,4,E-Wallet,1,9.0,No
C00135,Female,34.0,84.2,Monthly,2,Bank Transfer,2,,Yes
C00136,Male,61.0,46.56,Monthly,26,Bank Transfer,3,8.0,No
C00137,Male,19.0,31.36,Two-Year,13,Bank Transfer,3,7.0,Yes
C00138,Female,21.0,,Two-Year,1,E-Wallet,3,6.0,No
C00139,Male,36.0,82.93,Yearly,39,Bank Transfer,2,8.0,No
C00140,Female,65.0,44.83,Yearly,15,E-Wallet,7,4.0,Yes
C00141,Female,,75.51,Monthly,2,E-Wallet,2,4.0,No
C00142,M,35.0,19.53,Monthly,42,Credit Card,2,6.0,No
C00143,Male,20.0,30.14,Yearly,6,Bank Transfer,4,7.0,No
C00144,Male,49.0,97.67,Two-Year,51,Credit Card,1,5.0,No
C00145,Male,49.0,49.37,Monthly,2,Credit Card,3,8.0,No
C00146,Male,47.0,23.62,Monthly,3,Bank Transfer,3,4.0,No
C00147,Female,30.0,39.87,Monthly,13,,3,6.0,No
C00148,Male,29.0,36.03,Monthly,1,Credit Card,1,3.0,No
C00149,Male,22.0,50.67,Monthly,1,Bank Transfer,5,7.0,Yes
C00150,Male,39.0,46.21,Yearly,19,Credit Card,0,10.0,No
C00151,Female,25.0,59.18,Monthly,3,,0,7.0,Yes
C00152,Male,23.0,52.92,Monthly,31,Bank Transfer,2,,No
C00153,Male,32.0,100.67,Monthly,7,E-Wallet,4,9.0,No
C00154,F,32.0,66.09,Monthly,25,Bank Transfer,1,6.0,No
C00155,Female,31.0,67.08,Monthly,7,Credit Card,1,8.0,Yes
C00156,Male,,92.23,Monthly,10,Cash,4,4.0,No
C00157,Female,38.0,45.84,Monthly,5,Bank Transfer,2,6.0,Yes
C00158,Female,34.0,30.94,Monthly,13,Bank Transfer,2,7.0,No
C00159,Male,,93.99,Monthly,5,Bank Transfer,3,5.0,No
C00160,Female,,58.04,Monthly,4,E-Wallet,6,,Yes
C00161,Male,39.0,58.13,Two-Year,2,,1,5.0,No
C00162,Female,39.0,41.06,Yearly,1,Credit Card,4,8.0,No
C00163,Female,,41.36,Yearly,5,,0,4.0,No
C00164,Female,49.0,79.92,Monthly,17,Credit Card,0,5.0,No
C00165,Male,27.0,85.04,Monthly,3,Bank Transfer,1,7.0,No
C00166,Female,39.0,77.69,Monthly,5,Bank Transfer,3,,No
C00167,Male,51.0,,Yearly,29,,5,10.0,No
C00168,Male,49.0,70.53,Monthly,13,Bank Transfer,3,,No
C00169,Male,38.0,57.93,Yearly,31, E-Wallet,3,5.0,No
C00170,Female,33.0,50.45,Monthly,30, E-Wallet,6,7.0,Yes
C00171,Female,49.0,94.13,Monthly,1,Credit Card,4,10.0,Yes
C00172,Male,46.0,46.15,Monthly,38,Credit Card ,1,3.0,Yes
C00173,Male,30.0,64.49,Yearly,1,Cash,1,4.0,No
C00174,Male,28.0,38.02,Monthly,32,Credit Card,1,5.0,Yes
C00175,Female,18.0,40.58,Monthly,10,Credit Card,1,10.0,No
C00176,Male,39.0,49.09,Two-Year,10,Cash,1,8.0,No
C00177,Female,37.0,38.02,Monthly,15,E-Wallet,5,5.0,No
C00178,Male,51.0,78.18,Monthly,26,E-Wallet,2,9.0,Yes
C00179,Female,42.0,29.77,Monthly,12,Credit Card,4,7.0,No
C00180,Male,54.0,57.09,Monthly,7,Credit Card,6,7.0,Yes
C00181,Male,29.0,57.95,Monthly,2,Credit Card,0,7.0,Yes
C00182,Male,51.0,24.17,Yearly,19,Bank Transfer,1,5.0,No
C00183,Female,31.0,44.77,Monthly,2,Credit Card,1,7.0,Yes
C00184,Female,47.0,61.26,Yearly,16,Credit Card,2,6.0,No
C00185,Male,20.0,66.22,Monthly,10,Credit Card,3,10.0,No
C00186,Female,40.0,49.8,Monthly,6,E-Wallet,5,10.0,No
C00187,Female,18.0,74.04,Two-Year,12,E-Wallet,3,6.0,No
C00188,Female,34.0,51.98,Monthly,18,Bank Transfer,5,7.0,No
C00189,Female,43.0,54.93,Yearly,34,Credit Card,2,4.0,Yes
C00190,Male,31.0,61.14,Yearly,4,E-Wallet,4,7.0,No
C00191,Male,25.0,82.86,Monthly,36,Bank Transfer,2,,No
C00192,Female,48.0,40.28,Monthly,39,Credit Card ,3,5.0,No
C00193,Female,36.0,43.86,Monthly,21,Cash,2,8.0,No
C00194,Female,32.0,40.41,Two-Year,26,Credit Card,1,4.0,No
C00195,Male,38.0,47.02,Monthly,15,Bank Transfer,2,5.0,No
C00196,Male,69.0,103.73,Monthly,1,E-Wallet,3,5.0,No
C00197,Female,51.0,70.65,Monthly,11,Credit Card,2,6.0,No
C00198,Female,51.0,32.82,Monthly,17,Credit Card,2,9.0,No
C00199,Female,43.0,,Monthly,35,,2,9.0,No
C00200,Female,39.0,64.57,Monthly,11,Credit Card,5,6.0,No
C00201,Female,18.0,36.31,Two-Year,19,Bank Transfer,2,9.0,No
C00202,Male,29.0,,Monthly,15,E-Wallet,4,6.0,No
C00203,Male,32.0,100.01,Monthly,4,Credit Card,3,7.0,Yes
C00204,Female,18.0,41.43,Monthly,3,Bank Transfer,0,6.0,Yes
C00205,Female,24.0,83.9,Yearly,17,Credit Card,2,8.0,No
C00206,Male,18.0,96.05,Monthly,4,Credit Card,3,5.0,No
C00207,Male,37.0,39.25,Monthly,4,E-Wallet,0,6.0,No
C00208,Female,47.0,36.58,Monthly,13,E-Wallet,0,9.0,No
C00209,Male,51.0,48.22,Monthly,19,,4,6.0,No
C00210,Male,42.0,33.45,Monthly,11,Credit Card,3,,No
C00211,Female,26.0,57.65,Monthly,26,Bank Transfer,2,3.0,Yes
C00212,Female,18.0,49.77,Monthly,3,Credit Card,2,8.0,Yes
C00213,Female,18.0,64.22,Monthly,4,E-Wallet,5,,No
C00214,Male,,102.37,Yearly,13,Credit Card,2,10.0,No
C00215,Female,,78.88,Monthly,22,E-Wallet,2,8.0,No
C00216,Male,36.0,68.04,Two-Year,10,Credit Card,3,4.0,No
C00217,Male,25.0,22.54,Monthly,1,E-Wallet,1,7.0,No
C00218,Female,42.0,66.65,Yearly,14,Bank Transfer,3,5.0,No
C00219,Female,35.0,118.53,Monthly,21,E-Wallet,2,8.0,No
C00220,Female,38.0,14.09,Monthly,4,E-Wallet,2,6.0,No
C00221,Female,,74.46,Yearly,1,Credit Card,2,10.0,No
C00222,Female,23.0,50.82,Monthly,9,Bank Transfer,4,10.0,No
C00223,Male,43.0,37.25,Monthly,1,Bank Transfer,3,5.0,No
C00224,Male,37.0,78.3,Yearly,7,Bank Transfer,3,6.0,No
C00225,Male,33.0,117.84,Yearly,1,Bank Transfer,0,8.0,No
C00226,Male,48.0,77.39,Monthly,4,Credit Card,4,5.0,No
C00227,Female,48.0,46.2,Monthly,6,Credit Card,1,5.0,No
C00228,FEMALE,26.0,35.71,Monthly,2,Bank Transfer,3,3.0,No
C00229,Female,35.0,58.27,Two-Year,2,Credit Card,3,4.0,No
C00230,Female,41.0,80.88,Monthly,22,Cash,2,8.0,No
C00231,Female,34.0,45.87,Yearly,1,Bank Transfer,1,7.0,No
C00232,F,45.0,47.91,Monthly,15,Bank Transfer,1,5.0,Yes
C00233,Female,41.0,194.4,Monthly,21,Credit Card,3,8.0,No
C00234,Male,59.0,88.71,Monthly,2,Bank Transfer,0,2.0,Yes
C00235,Male,19.0,91.61,Monthly,3,Credit Card,4,6.0,No
C00236,Female,36.0,28.3,Monthly,13,E-Wallet,7,7.0,No
C00237,Male,27.0,39.72,Monthly,5,Credit Card,1,4.0,No
C00238,Male,45.0,56.46,Monthly,8,E-Wallet,4,8.0,No
C00239,Female,18.0,34.8,Monthly,22,Bank Transfer,2,8.0,No
C00240,Male,42.0,112.19,Monthly,2,E-Wallet,4,7.0,Yes
C00241,Female,30.0,102.99, Monthly ,12,Credit Card,2,5.0,Yes
C00242,Female,29.0,42.94,Yearly,35,Credit Card,6,5.0,No
C00243,Female,20.0,121.85,Monthly,1,Credit Card,1,6.0,No
C00244,Male,32.0,54.49,Monthly,1,Bank Transfer,3,5.0,No
C00245,Male,51.0,175.08,Two-Year,10,Credit Card,5,7.0,No
C00246,Female,37.0,,Monthly,39,Credit Card,4,9.0,No
C00247,Male,45.0,70.76,Two-Year,3,Credit Card,2,8.0,Yes
C00248,Female,57.0,102.51,Monthly,5,E-Wallet,2,6.0,No
C00249,Female,41.0,97.02,Monthly,2,Bank Transfer,2,7.0,Yes
C00250,Female,31.0,68.71,Monthly,6,Cash,2,7.0,Yes
C00251,Male,43.0,51.24,Monthly,1,Bank Transfer,3,,Yes
C00252,Male,31.0,68.81,Monthly,6,Credit Card,3,7.0,No
C00253,Female,31.0,37.82,Monthly,10,,2,15.0,No
C00254,Male,19.0,58.47,Yearly,45,Bank Transfer,3,7.0,No
C00255,Male,49.0,33.14,Monthly,21,,5,9.0,No
C00256,Female,33.0,24.5,Monthly,21,Cash,2,4.0,No
C00257,Female,40.0,55.85,Monthly,4,Bank Transfer,3,8.0,Yes
C00258,Female,25.0,96.35,Yearly,2,Credit Card ,4,6.0,No
C00259,Female,43.0,82.82,Monthly,12,E-Wallet,2,7.0,No
C00260,Male,28.0,52.62,Monthly,9,E-Wallet,3,7.0,No
C00261,Female,36.0,119.84,Yearly,9,,1,1.0,No
C00262,Female,48.0,42.26,Two-Year,2,Credit Card,1,10.0,Yes
C00263,Male,47.0,23.03,Monthly,9,Credit Card ,2,4.0,No
C00264,Male,37.0,20.45,Two-Year,2,Credit Card,2,4.0,Yes
C00265,Female,18.0,32.09, Monthly ,7,Credit Card,1,6.0,No
C00266,Female,73.0,78.84,Two-Year,1,,2,5.0,No
C00267,Female,58.0,41.03,Monthly,24,E-Wallet,4,5.0,No
C00268,Female,46.0,67.18,Yearly,1,Credit Card,4,7.0,No
C00269,Male,28.0,114.53,Yearly,34,Credit Card,1,7.0,Yes
C00270,Male,36.0,33.28, Monthly ,24,E-Wallet,2,6.0,No
C00271,Female,31.0,67.72,Monthly,17,Credit Card,1,6.0,No
C00272,Female,53.0,69.58,Monthly,49,,0,6.0,No
C00273,Female,41.0,37.06,Monthly,1,Cash,4,6.0,Yes
C00274,Female,28.0,100.42,Monthly,13,Bank Transfer,3,8.0,No
C00275,Male,32.0,47.97,Two-Year,23,E-Wallet,4,10.0,No
C00276,Male,51.0,45.94,Monthly,2,E-Wallet,2,8.0,No
C00277,male,57.0,141.21,Monthly,11, E-Wallet,6,10.0,No
C00278,Female,56.0,69.08,Monthly,7,Cash,1,1.0,No
C00279,Female,47.0,82.8,Monthly,7,Bank Transfer,3,6.0,Yes
C00280,Female,34.0,100.45,Monthly,30,E-Wallet,2,5.0,No
C00281,Female,18.0,40.74,Monthly,10,E-Wallet,3,10.0,No
C00282,Male,41.0,95.82,Yearly,2,,2,8.0,No
C00283,Male,37.0,43.56,Yearly,34,E-Wallet,3,7.0,No
C00284,Male,39.0,42.73,Yearly,3,E-Wallet,2,8.0,No
C00285,Female,38.0,48.31,Yearly,27,Credit Card,3,10.0,No
C00286,Male,22.0,41.27,Monthly,43,Credit Card,8,5.0,No
C00287,Male,44.0,79.04,Yearly,26,Credit Card,1,5.0,No
C00288,Female,,61.57,Monthly,14,Credit Card ,1,6.0,Yes
C00289,Male,46.0,43.77,Monthly,17,Credit Card,6,7.0,No
C00290,Female,49.0,73.96,Monthly,15,Credit Card,5,8.0,No
C00291,Male,45.0,48.24,Monthly,8,Cash,4,7.0,Yes
C00292,Male,33.0,47.1,Monthly,4,Credit Card,0,7.0,No
C00293,Female,37.0,55.81,Monthly,5,Bank Transfer,1,8.0,Yes
C00294,Male,39.0,67.26,Monthly,16,E-Wallet,4,8.0,No
C00295,Male,39.0,65.07,Monthly,12,Credit Card,3,6.0,No
C00296,Female,49.0,46.36,Yearly,11,Credit Card,8,8.0,No
C00297,Female,45.0,79.93,Monthly,13,Credit Card,1,6.0,No
C00298,Male,62.0,49.4,Two-Year,18,Credit Card,0,6.0,No
C00299,Female,,40.66,Monthly,17,Cash,1,10.0,No
C00300,Male,38.0,,Monthly,2,E-Wallet,1,4.0,Yes
C00301,Male,18.0,84.98,Monthly,6,E-Wallet,0,7.0,No
C00302,Female,52.0,54.9,Two-Year,4,E-Wallet,5,7.0,No
C00303,Female,31.0,60.03,Monthly,10,Credit Card,4,9.0,No
C00304,Female,28.0,87.41,Monthly,1,E-Wallet,3,10.0,No
C00305,Female,33.0,44.04,Monthly,18,E-Wallet,3,,No
C00306,F,32.0,29.42,Monthly,2,Cash,2,7.0,No
C00307,Male,45.0,56.34,Monthly,4,Credit Card,4,8.0,No
C00308,Male,19.0,62.71,Yearly,19,Bank Transfer,2,5.0,No
C00309,Female,25.0,48.51,Monthly,1,Credit Card,1,,No
C00310,Male,42.0,,Monthly,13,Credit Card,3,,No
C00311,Male,45.0,,Monthly,32,E-Wallet,1,10.0,Yes
C00312,Male,45.0,90.38,Monthly,12,Credit Card,2,6.0,No
C00313,Male,28.0,77.95,Two-Year,15,Bank Transfer,4,8.0,No
C00314,Female,26.0,67.06,Yearly,19,Bank Transfer,2,4.0,Yes
C00315,Female,31.0,12.17,Monthly,4,Credit Card,1,,No
C00316,Female,40.0,97.3,Monthly,11,Credit Card,6,6.0,No
C00317,Male,55.0,34.4,Two-Year,5,Cash,2,,Yes
C00318,Male,18.0,43.45,Monthly,4,E-Wallet,3,1.0,No
C00319,M,35.0,50.56,Monthly,3,E-Wallet,3,10.0,Yes
C00320,Male,22.0,65.58,Two-Year,11,E-Wallet,3,4.0,Yes
C00321,Female,18.0,72.8,Monthly,19,Credit Card,2,6.0,No
C00322,Female,49.0,81.6,Monthly,26,Credit Card,1,10.0,Yes
C00323,Female,44.0,78.82,Monthly,7,Credit Card,3,,No
C00324,FEMALE,43.0,61.18,Two-Year,6,Credit Card ,5,4.0,No
C00325,Female,49.0,65.84,Monthly,14,Bank Transfer,5,8.0,No
C00326,Female,32.0,33.42,Monthly,19,Credit Card,2,3.0,No
C00327,Female,32.0,38.94,Yearly,4,Credit Card,0,10.0,No
C00328,Female,64.0,81.69,Yearly,5,,1,6.0,No
C00329,Male,35.0,79.58,Monthly,10,Bank Transfer,3,7.0,No
C00330,Male,46.0,75.62,Monthly,8,Cash,0,7.0,No
C00331,Male,38.0,43.32,Monthly,15,Credit Card,2,6.0,No
C00332,Female,18.0,82.25,Monthly,9,Bank Transfer,2,9.0,No
C00333,Male,18.0,32.38,Monthly,2,E-Wallet,3,4.0,Yes
C00334,Male,,88.66,Yearly,3,E-Wallet,2,6.0,No
C00335,Male,50.0,48.55,Monthly,28,Credit Card,2,7.0,No
C00336,Male,47.0,116.5,Monthly,4,Credit Card,2,,No
C00337,Female,,27.53,Monthly,1,Credit Card,3,3.0,No
C00338,Female,,120.73,Monthly,16,E-Wallet,3,7.0,No
C00339,Male,,,Yearly,14,Bank Transfer,2,6.0,No
C00340,Male,26.0,46.03,Yearly,11,,5,5.0,No
C00341,Male,40.0,59.6,Monthly,9,Credit Card,3,10.0,Yes
C00342,Male,37.0,39.9,Monthly,42,,2,8.0,Yes
C00343,Male,35.0,52.85,Monthly,2,Credit Card,1,5.0,Yes
C00344,Male,54.0,39.18,Monthly,9,E-Wallet,2,6.0,No
C00345,Male,29.0,39.83,Monthly,10,E-Wallet,3,5.0,No
C00346,Female,21.0,67.97,Monthly,1,Bank Transfer,2,5.0,No
C00347,Female,38.0,36.39,Monthly,7,Bank Transfer,5,5.0,Yes
C00348,Male,33.0,38.64,Monthly,19,Credit Card,3,7.0,No
C00349,Male,78.0,29.44,Monthly,8,Bank Transfer,1,5.0,No
C00350,Female,46.0,43.52,Monthly,25,Credit Card,2,4.0,Yes
C00351,Male,33.0,98.52,Monthly,13,E-Wallet,4,3.0,No
C00352,Female,,37.31,Yearly,18,Bank Transfer,2,7.0,Yes
C00353,Female,18.0,39.28,Monthly,20,Credit Card,4,7.0,Yes
C00354,Male,25.0,59.58,Two-Year,15,Credit Card,3,6.0,No
C00355,Male,39.0,46.21,Monthly,17,Credit Card,3,8.0,No
C00356,Female,55.0,148.81,Monthly,15,Credit Card,3,2.0,No
C00357,Male,51.0,50.75,Monthly,10,Cash,1,3.0,No
C00358,Female,40.0,63.49,Monthly,11, E-Wallet,2,6.0,No
C00359,Female,34.0,83.49,Yearly,3,Bank Transfer,3,8.0,Yes
C00360,Female,41.0,82.77,Monthly,22,Bank Transfer,0,5.0,No
C00361,Male,31.0,60.64,Monthly,5, E-Wallet,3,,No
C00362,Female,58.0,50.78,Monthly,10,Credit Card,6,7.0,No
C00363,Male,35.0,135.75,Monthly,4,Credit Card,5,10.0,No
C00364,Female,,52.2,Monthly,15,Bank Transfer,4,5.0,No
C00365,Female,18.0,44.76,Monthly,45,E-Wallet,3,6.0,No
C00366,Male,35.0,40.83,Monthly,20,Cash,4,7.0,No
C00367,Female,48.0,25.1,Yearly,12,Credit Card,0,7.0,No
C00368,Female,25.0,79.02,Monthly,11,Credit Card,4,2.0,No
C00369,Male,28.0,18.98,Monthly,9,E-Wallet,6,6.0,No
C00370,Male,47.0,54.46,Monthly,3,Bank Transfer,3,7.0,No
C00371,Male,20.0,,Yearly,6,Cash,1,5.0,No
C00372,Male,50.0,149.6,Yearly,7,Bank Transfer,1,10.0,No
C00373,Male,,,Monthly,35,Bank Transfer,6,7.0,No
C00374,Female,,36.4,Monthly,7,Credit Card,1,5.0,No
C00375,Male,24.0,51.35,Monthly,11,Credit Card,4,9.0,Yes
C00376,Male,42.0,49.95,Monthly,31,Credit Card,1,6.0,No
C00377,Female,67.0,42.64,Monthly,9,Credit Card,2,7.0,No
C00378,Male,47.0,52.64,Monthly,4,Bank Transfer,2,6.0,No
C00379,Female,27.0,30.98,Yearly,6,E-Wallet,3,9.0,No
C00380,Male,51.0,64.12,Monthly,6,Credit Card,1,5.0,No
C00381,Male,34.0,19.21,Monthly,16,Credit Card,0,5.0,No
C00382,Female,54.0,53.97,Monthly,5,Cash,2,4.0,Yes
C00383,Female,47.0,41.67,Yearly,16,Credit Card,2,6.0,No
C00384,Female,18.0,86.26,Monthly,27,Bank Transfer,5,7.0,Yes
C00385,Female,25.0,120.29,Monthly,5,,2,6.0,No
C00386,Female,49.0,47.04,Monthly,2,Credit Card,4,6.0,Yes
C00387,Male,39.0,102.09,Monthly,13,E-Wallet,3,5.0,No
C00388,Male,25.0,47.36,Monthly,6,Bank Transfer,3,10.0,Yes
C00389,Female,30.0,35.35,Monthly,10,Credit Card,4,4.0,No
C00390,FEMALE,,119.78,Monthly,13,E-Wallet,3,3.0,No
C00391,Female,36.0,69.02,Monthly,7,Bank Transfer,2,6.0,Yes
C00392,Male,64.0,54.71,Monthly,32,Bank Transfer,0,10.0,Yes
C00393,Male,47.0,74.38,Monthly,7,Bank Transfer,2,8.0,No
C00394,Female,64.0,61.77,Monthly,5,Credit Card,1,7.0,No
C00395,Male,48.0,52.92,Monthly,27,Credit Card,3,8.0,No
C00396,Female,50.0,30.06,Yearly,2,Credit Card,4,5.0,No
C00397,Female,61.0,48.34,Yearly,2,Credit Card,1,5.0,No
C00398,Male,42.0,72.27,Two-Year,33,Credit Card,3,6.0,No
C00399,Female,35.0,51.66,Monthly,3,Credit Card,0,8.0,No
C00400,Female,50.0,81.94,Monthly,2,Credit Card,2,5.0,No
C00401,Male,55.0,64.89,Monthly,10,Credit Card,1,5.0,No
C00402,Female,32.0,, Monthly ,1,E-Wallet,5,6.0,Yes
C00403,FEMALE,29.0,30.16,Monthly,12,Credit Card,3,8.0,No
C00404,Female,39.0,50.87,Monthly,8,Bank Transfer,1,7.0,Yes
C00405,Male,47.0,43.12,Monthly,13,Bank Transfer,2,7.0,No
C00406,Female,47.0,,Monthly,5,E-Wallet,3,4.0,No
C00407,M,20.0,39.52,Two-Year,29,Bank Transfer,3,5.0,No
C00408,Male,60.0,41.39,Monthly,4,Cash,3,4.0,No
C00409,male,30.0,87.7,Monthly,13,Bank Transfer,2,4.0,Yes
C00410,Male,34.0,58.36,Monthly,35,Credit Card,0,4.0,No
C00411,Male,27.0,39.8,Yearly,7,Credit Card,0,8.0,Yes
C00412,Female,70.0,55.03,Yearly,3,E-Wallet,3,7.0,No
C00413,Female,40.0,101.55,Monthly,1,Bank Transfer,1,6.0,No
C00414,Female,27.0,62.32,Monthly,40,Bank Transfer,0,5.0,No
C00415,Female,48.0,4587.0,Yearly,18,E-Wallet,2,6.0,No
C00416,Male,,38.92,Monthly,31,Credit Card,1,7.0,No
C00417,Male,35.0,86.65,Two-Year,15,Cash,2,5.0,No
C00418,Male,48.0,154.96,Monthly,6,Bank Transfer,3,6.0,No
C00419,Female,,38.24,Monthly,2,Bank Transfer,3,6.0,No
C00420,Female,32.0,32.08,Yearly,32,Cash,5,9.0,No
C00421,Female,18.0,59.09,Monthly,9,E-Wallet,2,8.0,No
C00422,Female,22.0,80.96,Monthly,7,Bank Transfer,5,10.0,Yes
C00423,Male,59.0,52.4,Monthly,11,E-Wallet,5,,No
C00424,Male,57.0,33.99,Yearly,2,,2,8.0,No
C00425,Male,38.0,51.99,Monthly,5,Bank Transfer,2,,No
C00426,Female,57.0,71.46,Monthly,13,E-Wallet,4,9.0,No
C00427,Male,36.0,45.46,Monthly,2,Credit Card,6,10.0,No
C00428,Female,35.0,71.76,Yearly,2,Bank Transfer,5,4.0,No
C00429,Male,38.0,92.21,Monthly,9,Credit Card,2,5.0,No
C00430,Male,36.0,60.83,Monthly,12,E-Wallet,4,3.0,No
C00431,Male,35.0,53.92,Monthly,3,Credit Card,2,8.0,No
C00432,Female,51.0,79.3,Yearly,1,E-Wallet,1,5.0,No
C00433,F,39.0,37.14,Yearly,39,,2,5.0,Yes
C00434,Male,46.0,35.53,Monthly,1, E-Wallet,1,8.0,No
C00435,Male,50.0,48.43,Yearly,1,Cash,2,4.0,No
C00436,Female,42.0,43.76,Monthly,5, E-Wallet,1,4.0,No
C00437,male,26.0,38.03,Monthly,4,Credit Card,3,5.0,No
C00438,Female,21.0,124.43,Yearly,11,Credit Card,2,7.0,No
C00439,M,39.0,145.1,Monthly,27, E-Wallet,0,6.0,No
C00440,Male,35.0,46.56,Monthly,8,E-Wallet,3,7.0,No
C00441,Male,39.0,56.9,Two-Year,18,E-Wallet,1,9.0,No
C00442,Female,37.0,50.17,Monthly,29,Credit Card,1,8.0,No
C00443,Male,69.0,89.87,Monthly,3,,2,5.0,Yes
C00444,Male,,98.25,Yearly,9,E-Wallet,4,5.0,Yes
C00445,Female,18.0,24.54,Monthly,13,Bank Transfer,2,8.0,No
C00446,Female,41.0,,Monthly,5,E-Wallet,1,6.0,No
C00447,Female,33.0,30.32,Monthly,17,E-Wallet,5,9.0,No
C00448,Female,41.0,120.45,Monthly,15,Credit Card,6,6.0,Yes
C00449,Male,45.0,66.56,Monthly,7,Credit Card,3,4.0,No
C00450,Male,53.0,37.69,Monthly,2,E-Wallet,3,7.0,Yes
C00451,Female,19.0,48.98,Monthly,1,Bank Transfer,2,6.0,Yes
C00452,male,31.0,47.94,Yearly,6,Bank Transfer,5,7.0,No
C00453,FEMALE,43.0,69.15,Monthly,2,Bank Transfer,1,4.0,No
C00454,Female,47.0,87.26,Monthly,19,Credit Card,2,4.0,No
C00455,Male,64.0,32.57,Yearly,5,Bank Transfer,1,,No
C00456,Male,49.0,124.89,Yearly,14,Credit Card,2,5.0,No
C00457,Male,37.0,112.46,Monthly,6,Bank Transfer,1,6.0,No
C00458,FEMALE,27.0,36.82, Monthly ,20,Credit Card,1,3.0,No
C00459,Male,31.0,56.42,Monthly,27, E-Wallet,4,7.0,No
C00460,Male,30.0,117.9,Monthly,22,E-Wallet,1,3.0,Yes
C00461,Male,45.0,95.09,Monthly,8,Bank Transfer,0,,No
C00462,Female,41.0,46.92,Monthly,2,Credit Card,2,,No
C00463,Female,22.0,78.76,Monthly,6,Credit Card,1,5.0,No
C00464,F,32.0,210.34,Two-Year,7,Credit Card,2,8.0,No
C00465,Female,48.0,57.24,Yearly,39,Credit Card,1,7.0,Yes
C00466,Male,42.0,41.07,Monthly,11,Credit Card,1,7.0,No
C00467,Male,44.0,59.0,Monthly,13,E-Wallet,2,6.0,No
C00468,Female,,,Yearly,19,Cash,5,,No
C00469,Male,57.0,43.12,Yearly,11,Credit Card,4,10.0,No
C00470,Female,40.0,,Two-Year,11,Credit Card,6,6.0,Yes
C00471,Male,33.0,31.05,Monthly,4,E-Wallet,5,4.0,Yes
C00472,Female,27.0,40.47,Monthly,1,E-Wallet,2,6.0,Yes
C00473,Male,40.0,76.8,Two-Year,16,Bank Transfer,2,8.0,Yes
C00474,Female,18.0,24.79,Monthly,23,Cash,5,5.0,No
C00475,Female,35.0,81.98,Yearly,7,,4,2.0,No
C00476,Female,35.0,22.08,Monthly,10,E-Wallet,3,1.0,No
C00477,Male,21.0,25.05,Yearly,5,E-Wallet,4,7.0,No
C00478,Female,26.0,43.62,Monthly,8,Credit Card,1,5.0,No
C00479,Female,47.0,62.12,Monthly,3,Bank Transfer,2,8.0,No
C00480,Female,40.0,99.12,Monthly,18,Credit Card,2,6.0,No
C00481,Female,39.0,56.03,Two-Year,9,Bank Transfer,3,9.0,No
C00482,Female,41.0,48.86,Monthly,10,Credit Card,2,3.0,No
C00483,Male,39.0,70.87,Monthly,1,Credit Card,3,7.0,No
C00484,Female,52.0,36.9,Monthly,12,Credit Card,2,8.0,No
C00485,Female,39.0,58.13,Yearly,3,Credit Card,2,7.0,No
C00486,Female,20.0,31.82,Monthly,6,Credit Card,4,7.0,No
C00487,Male,57.0,56.67,Monthly,7,E-Wallet,0,7.0,No
C00488,Male,42.0,51.5,Monthly,8,Bank Transfer,4,4.0,No
C00489,Female,30.0,38.02,Monthly,4,,2,4.0,No
C00490,Female,22.0,58.81,Monthly,23,E-Wallet,1,,Yes
C00491,Male,42.0,,Monthly,7,Credit Card,3,10.0,No
C00492,Female,36.0,92.66,Yearly,12,Bank Transfer,3,5.0,No
C00493,F,56.0,26.51,Monthly,12,E-Wallet,0,8.0,No
C00494,Male,33.0,52.76,Monthly,12,Bank Transfer,4,6.0,Yes
C00495,Male,27.0,38.78,Yearly,10,E-Wallet,1,7.0,No
C00496,Male,48.0,80.75,Two-Year,21,Bank Transfer,3,7.0,Yes
C00497,Female,49.0,76.65,Yearly,21,Bank Transfer,3,5.0,No
C00498,Male,40.0,,Monthly,7,E-Wallet,0,8.0,No
C00499,Female,-5.0,39.78,Monthly,13,Credit Card,3,7.0,No
C00500,Female,37.0,81.33,Monthly,2,Bank Transfer,4,10.0,No
C00501,Female,40.0,27.42,Monthly,2,Credit Card,3,8.0,No
C00502,Female,,25.01,Monthly,8,Credit Card,2,4.0,No
C00503,male,45.0,30.75,Yearly,28,Credit Card,0,8.0,No
C00504,Female,35.0,53.78,Monthly,13,Bank Transfer,4,,Yes
C00505,Female,54.0,73.98,Monthly,14,E-Wallet,5,7.0,No
C00506,Male,18.0,14.31,Monthly,3,Credit Card,3,9.0,No
C00507,Female,62.0,99.01,Monthly,8,E-Wallet,2,3.0,No
C00508,Female,18.0,57.92,Monthly,7,Credit Card,4,,No
C00509,Female,30.0,26.96,Monthly,19,Credit Card,3,7.0,No
C00510,Female,37.0,57.14,Monthly,2,Cash,0,8.0,Yes
C00511,Female,36.0,89.27,Monthly,10,Credit Card,3,5.0,No
C00512,Male,50.0,71.5,Yearly,30,Credit Card,1,3.0,No
C00513,Female,25.0,89.53,Monthly,27,Credit Card,6,6.0,No
C00514,Female,41.0,29.52,Yearly,23,Credit Card,3,7.0,No
C00515,Male,31.0,45.32,Monthly,6,Credit Card,3,4.0,No
C00516,Male,41.0,36.01,Yearly,34,Credit Card,2,8.0,No
C00517,Male,37.0,118.26,Monthly,20,Bank Transfer,0,7.0,No
C00518,Female,39.0,72.8,Yearly,23,Credit Card,2,10.0,No
C00519,Female,31.0,196.6,Monthly,33,,4,7.0,No
C00520,Male,31.0,44.24,Monthly,34,E-Wallet,2,9.0,Yes
C00521,Female,41.0,39.41,Monthly,4,Credit Card,1,7.0,No
C00522,Male,49.0,51.2,Monthly,2,Bank Transfer,2,7.0,No
C00523,Female,30.0,101.52,Monthly,15,Credit Card,4,8.0,No
C00524,Female,27.0,46.3,Two-Year,10,Credit Card,3,7.0,No
C00525,Female,45.0,57.74,Monthly,5,E-Wallet,1,5.0,No
C00526,Male,37.0,57.03, Monthly ,14,Bank Transfer,2,4.0,No
C00527,Male,47.0,55.58,Monthly,1, E-Wallet,2,5.0,No
C00528,Male,27.0,40.71,Monthly,1,Credit Card,2,7.0,No
C00529,Male,18.0,51.33,Monthly,6,Credit Card,4,7.0,No
C00530,Female,31.0,50.35,Monthly,3,E-Wallet,4,9.0,No
C00531,Female,28.0,54.41,Yearly,16,E-Wallet,4,6.0,No
C00532,Female,37.0,83.48,Monthly,36,Credit Card,1,7.0,No
C00533,M,,120.58,Two-Year,14,Credit Card,0,8.0,No
C00534,Female,,37.4,Monthly,13,Credit Card,5,,No
C00535,Female,34.0,45.77,Two-Year,1,E-Wallet,3,4.0,No
C00536,Female,39.0,37.67,Monthly,9,Bank Transfer,2,9.0,Yes
C00537,Female,39.0,59.39,Yearly,21,Credit Card,2,5.0,No
C00538,Male,40.0,42.85,Monthly,13,Credit Card,2,,No
C00539,Male,37.0,60.82,Monthly,4,Credit Card,3,8.0,Yes
C00540,Male,44.0,89.71,Monthly,23,Credit Card ,3,4.0,No
C00541,Female,28.0,17.52,Monthly,41,E-Wallet,2,4.0,Yes
C00542,Female,54.0,68.12,Monthly,4,Credit Card,1,6.0,No
C00543,Male,35.0,44.39,Monthly,3,E-Wallet,6,5.0,No
C00544,Female,22.0,67.17,Monthly,5,Bank Transfer,2,3.0,No
C00545,Female,40.0,36.47,Yearly,1,Credit Card,1,6.0,Yes
C00546,FEMALE,27.0,93.53,Two-Year,25,Bank Transfer,2,7.0,No
C00547,Male,45.0,82.35,Monthly,32,Credit Card,1,4.0,Yes
C00548,Female,64.0,70.51,Monthly,13,Credit Card,4,6.0,No
C00549,Female,28.0,78.02,Monthly,18,Cash,0,9.0,No
C00550,Female,41.0,39.04,Yearly,14,,1,7.0,No
C00551,Female,18.0,41.31,Two-Year,6,Credit Card,2,4.0,Yes
C00552,Female,43.0,76.6,Two-Year,12,Credit Card,5,9.0,No
C00553,FEMALE,27.0,38.65,Two-Year,22,Credit Card,0,7.0,No
C00554,Female,30.0,104.64,Yearly,20,Credit Card,2,6.0,No
C00555,Female,24.0,47.2,Two-Year,2,,1,8.0,No
C00556,Male,46.0,68.43,Monthly,8,Credit Card,3,5.0,No
C00557,Male,50.0,,Two-Year,7,E-Wallet,2,6.0,No
C00558,M,38.0,39.73,Yearly,17,E-Wallet,3,6.0,No
C00559,Female,27.0,56.31,Monthly,9,,4,9.0,No
C00560,Female,,87.74,Monthly,6,Bank Transfer,3,4.0,Yes
C00561,Female,28.0,83.77,Monthly,15,Credit Card,4,8.0,No
C00562,Male,18.0,,Yearly,8,Credit Card,2,6.0,No
C00563,Male,43.0,43.27,Monthly,4,Bank Transfer,3,5.0,Yes
C00564,Male,24.0,49.16,Monthly,27,E-Wallet,2,,No
C00565,Male,49.0,104.75,Yearly,2,Credit Card,1,9.0,No
C00566,Female,33.0,48.15,Monthly,1,,2,8.0,Yes
C00567,Male,45.0,56.55,Yearly,2,Cash,3,3.0,No
C00568,Male,54.0,45.06,Yearly,3,E-Wallet,1,8.0,No
C00569,Female,23.0,75.0,Two-Year,10,Credit Card,3,4.0,Yes
C00570,FEMALE,31.0,58.56,Monthly,12,Credit Card,4,7.0,No
C00571,FEMALE,37.0,34.76,Two-Year,8,Cash,4,2.0,Yes
C00572,Female,56.0,35.31,Monthly,3,Credit Card,3,2.0,No
C00573,Male,30.0,22.21,Monthly,2,Bank Transfer,2,7.0,Yes
C00574,Female,30.0,,Monthly,9,Credit Card,4,10.0,No
C00575,Female,43.0,78.04,Monthly,11,Bank Transfer,2,9.0,No
C00576,Female,31.0,99.06,Two-Year,5,Credit Card,7,6.0,No
C00577,Male,39.0,74.33,Monthly,3,Credit Card ,0,8.0,No
C00578,Female,19.0,70.08,Two-Year,2,Credit Card,0,6.0,Yes
C00579,Male,64.0,,Monthly,1,,2,7.0,Yes
C00580,Male,21.0,77.38,Monthly,2,Credit Card,3,6.0,No
C00581,Male,34.0,,Monthly,17,Credit Card,1,8.0,No
C00582,Female,37.0,122.98,Monthly,6,E-Wallet,3,8.0,No
C00583,Male,60.0,52.23,Two-Year,1,Cash,4,7.0,Yes
C00584,Male,22.0,99.92,Yearly,9,E-Wallet,0,4.0,No
C00585,Female,61.0,80.91,Monthly,10,Credit Card,1,8.0,No
C00586,Male,47.0,76.02,Yearly,7,Bank Transfer,4,7.0,No
C00587,Male,43.0,22.08,Monthly,2,E-Wallet,3,7.0,No
C00588,Male,26.0,82.94,Monthly,17,Bank Transfer,2,1.0,Yes
C00589,Male,44.0,51.55,Monthly,15,E-Wallet,1,3.0,No
C00590,Male,29.0,44.71,Monthly,7,Cash,3,,No
C00591,Male,,28.01,Two-Year,6,Credit Card,1,10.0,No
C00592,Female,26.0,54.46,Monthly,3,E-Wallet,1,5.0,No
C00593,FEMALE,36.0,55.43,Monthly,17,Credit Card,3,6.0,No
C00594,male,31.0,30.38,Monthly,11,E-Wallet,2,1.0,No
C00595,Female,,28.14,Monthly,2,E-Wallet,2,6.0,No
C00596,Male,,67.96,Monthly,6,Bank Transfer,5,6.0,No
C00597,Female,44.0,80.82,Monthly,29,E-Wallet,5,5.0,No
C00598,Male,52.0,59.48,Yearly,8,E-Wallet,0,,No
C00599,Male,18.0,91.64,Monthly,5,Bank Transfer,1,7.0,Yes
C00600,Male,50.0,52.52,Monthly,13,Cash,4,5.0,No
C00601,Male,68.0,53.28,Monthly,3,Credit Card,2,7.0,No
C00602,Male,32.0,36.14,Monthly,9,Cash,0,9.0,No
C00603,Male,60.0,27.06,Yearly,14,Credit Card,1,4.0,No
C00604,Male,34.0,125.79,Monthly,24,Bank Transfer,7,5.0,No
C00605,Male,21.0,,Monthly,15,Credit Card,2,3.0,No
C00606,Male,34.0,29.18,Monthly,6,Credit Card,0,6.0,No
C00607,FEMALE,50.0,58.56,Two-Year,18,Bank Transfer,4,7.0,No
C00608,Male,27.0,52.19,Yearly,28,Credit Card,3,5.0,No
C00609,Male,30.0,48.26,Monthly,8,Cash,4,9.0,No
C00610,Female,45.0,45.42,Monthly,1,Credit Card,5,8.0,Yes
C00611,Male,38.0,64.82,Monthly,26,,2,5.0,No
C00612,Female,45.0,78.9,Yearly,3,E-Wallet,4,4.0,Yes
C00613,Female,40.0,65.44,Monthly,2,E-Wallet,2,4.0,No
C00614,Male,43.0,51.72,Monthly,5,E-Wallet,1,6.0,No
C00615,Female,32.0,50.87,Monthly,6,Credit Card,3,,No
C00616,Female,,83.23,Monthly,20,E-Wallet,4,5.0,No
C00617,Male,26.0,67.26,Monthly,6,Credit Card,2,8.0,No
C00618,Male,53.0,,Monthly,1,Cash,2,6.0,No
C00619,Female,30.0,53.72,Monthly,13,,3,3.0,No
C00620,Female,51.0,63.78,Monthly,14,Credit Card ,0,8.0,Yes
C00621,Male,35.0,44.22,Monthly,21,E-Wallet,0,,No
C00622,Male,40.0,79.02,Monthly,7,Bank Transfer,2,5.0,Yes
C00623,Male,,33.64,Monthly,2,E-Wallet,2,6.0,No
C00624,Male,25.0,45.37,Two-Year,10,Bank Transfer,4,6.0,Yes
C00625,Female,18.0,71.88,Monthly,2,Credit Card,2,8.0,No
C00626,Male,25.0,32.79,Monthly,1,Credit Card,2,5.0,Yes
C00627,Male,34.0,26.9,Yearly,19,Credit Card,1,7.0,No
C00628,Female,40.0,,Monthly,7,E-Wallet,5,8.0,No
C00629,Male,50.0,25.45,Monthly,9,Bank Transfer,1,4.0,Yes
C00630,Male,32.0,30.43,Monthly,14,Bank Transfer,2,,No
C00631,Female,27.0,76.74,Monthly,7,E-Wallet,2,5.0,Yes
C00632,Female,20.0,49.79,Monthly,1,Bank Transfer,3,7.0,No
C00633,Male,43.0,97.37,Monthly,4,Credit Card,2,2.0,No
C00634,Female,54.0,31.75,Yearly,3,Credit Card,3,9.0,No
C00635,Male,53.0,52.34,Yearly,46,Credit Card,3,5.0,No
C00636,FEMALE,46.0,65.35,Monthly,17,Credit Card,2,7.0,No
C00637,Female,45.0,32.24,Yearly,8,Credit Card,2,7.0,No
C00638,Male,58.0,86.86,Monthly,1,Bank Transfer,1,5.0,No
C00639,Male,41.0,68.7,Monthly,2,Credit Card,4,5.0,No
C00640,Male,45.0,26.46,Monthly,21,Credit Card,3,7.0,Yes
C00641,F,34.0,53.68,Monthly,35,Cash,3,9.0,No
C00642,Male,21.0,64.95,Monthly,1,Cash,0,7.0,No
C00643,Male,29.0,41.87,Monthly,29,Bank Transfer,0,6.0,No
C00644,Male,37.0,28.05,Monthly,6,Credit Card,2,9.0,No
C00645,F,38.0,61.89,Yearly,3,E-Wallet,4,10.0,No
C00646,Female,61.0,147.68,Monthly,2,Bank Transfer,2,6.0,No
C00647,Female,38.0,45.87,Monthly,18,Credit Card,1,7.0,No
C00648,Female,52.0,110.63,Monthly,8,Bank Transfer,1,7.0,Yes
C00649,Female,32.0,38.92,Monthly,22,Credit Card,3,10.0,No
C00650,Male,34.0,60.16,Yearly,4,Cash,3,8.0,Yes
C00651,Male,22.0,77.26,Two-Year,14,E-Wallet,4,8.0,No
C00652,Female,29.0,54.39,Yearly,2,Credit Card,5,10.0,No
C00653,Female,44.0,47.75,Yearly,2,Bank Transfer,1,7.0,Yes
C00654,Female,38.0,75.7,Monthly,2,Credit Card,3,8.0,No
C00655,Male,49.0,127.89,Monthly,20,E-Wallet,2,7.0,No
C00656,Male,40.0,62.51,Monthly,13,Credit Card,1,6.0,No
C00657,Male,33.0,43.28,Two-Year,3,Credit Card,3,4.0,No
C00658,Male,63.0,50.13,Monthly,6,Credit Card,2,4.0,No
C00659,Female,36.0,169.67,Monthly,18,Credit Card,4,3.0,No
C00660,Female,51.0,58.02,Monthly,5,Cash,2,7.0,Yes
C00661,Male,33.0,41.78,Monthly,31,Cash,2,8.0,No
C00662,Female,46.0,32.61,Monthly,30,Credit Card,3,4.0,No
C00663,Female,49.0,24.01,Yearly,10,Credit Card,6,5.0,No
C00664,Male,40.0,64.3, Monthly ,12,Bank Transfer,1,6.0,No
C00665,Male,18.0,, Monthly ,13,E-Wallet,3,10.0,No
C00666,Male,,45.67,Two-Year,4,Credit Card,1,6.0,No
C00667,Male,52.0,54.23,Yearly,6,Bank Transfer,3,10.0,No
C00668,Male,44.0,32.24,Two-Year,2,Credit Card,4,1.0,No
C00669,Male,43.0,57.96,Monthly,32,Credit Card,7,,Yes
C00670,Male,18.0,67.81,Two-Year,16,E-Wallet,2,4.0,No
C00671,Male,29.0,42.91,Monthly,1,Bank Transfer,5,6.0,Yes
C00672,Female,42.0,116.83,Yearly,10,Bank Transfer,0,5.0,Yes
C00673,F,42.0,37.46,Monthly,6,E-Wallet,5,6.0,No
C00674,Female,52.0,62.03,Monthly,21,E-Wallet,4,,Yes
C00675,Male,36.0,79.98,Monthly,6,Credit Card,2,5.0,Yes
C00676,Female,42.0,52.73,Monthly,13,Bank Transfer,1,6.0,Yes
C00677,Male,38.0,50.16,Two-Year,3,E-Wallet,4,7.0,No
C00678,Male,26.0,28.7,Yearly,10,Bank Transfer,3,4.0,Yes
C00679,Female,18.0,100.56,Monthly,5,E-Wallet,3,5.0,No
C00680,Female,43.0,50.58,Monthly,3,Credit Card,5,9.0,No
C00681,Female,40.0,69.53,Yearly,12,Credit Card,4,6.0,No
C00682,Male,30.0,73.9,Monthly,13,Credit Card,3,,No
C00683,Male,18.0,41.15,Yearly,50,Bank Transfer,3,5.0,No
C00684,Female,45.0,49.95,Monthly,14,Credit Card,2,7.0,No
C00685,Female,34.0,99.54,Monthly,9,E-Wallet,4,5.0,No
C00686,Female,44.0,33.02,Two-Year,30,Bank Transfer,1,8.0,No
C00687,Female,60.0,142.25,Monthly,22,Bank Transfer,2,6.0,No
C00688,Male,18.0,39.05,Monthly,10,Credit Card ,1,6.0,Yes
C00689,Female,29.0,32.11,Two-Year,9,Bank Transfer,5,10.0,No
C00690,Male,35.0,57.95,Two-Year,35,E-Wallet,3,8.0,No
C00691,Male,55.0,147.49,Two-Year,12,E-Wallet,2,6.0,No
C00692,Male,,23.11,Monthly,16,Credit Card,5,,No
C00693,Male,61.0,51.24,Monthly,2,Credit Card,0,9.0,No
C00694,Male,39.0,67.65,Monthly,16,Cash,1,4.0,Yes
C00695,Male,36.0,55.43,Monthly,4,Bank Transfer,3,6.0,No
C00696,Female,35.0,64.84,Yearly,2,E-Wallet,3,7.0,No
C00697,Male,32.0,39.52,Monthly,23,E-Wallet,3,7.0,No
C00698,Female,50.0,41.68,Monthly,15,Bank Transfer,4,5.0,No
C00699,Male,25.0,51.07,Two-Year,7,Bank Transfer,2,6.0,No
C00700,Male,42.0,32.84,Two-Year,7,Cash,3,3.0,No
C00701,Female,,,Monthly,3,E-Wallet,4,8.0,No
C00702,Male,28.0,45.84,Monthly,1,E-Wallet,5,5.0,No
C00703,Male,69.0,44.19,Yearly,6,Bank Transfer,2,10.0,Yes
C00704,Male,43.0,63.07,Monthly,2,Cash,1,7.0,No
C00705,male,45.0,24.06,Yearly,7,E-Wallet,1,4.0,No
C00706,Female,51.0,49.25,Yearly,22,E-Wallet,1,3.0,No
C00707,Male,20.0,154.9,Monthly,2,Credit Card,3,6.0,No
C00708,F,59.0,33.49,Monthly,2,Bank Transfer,4,7.0,Yes
C00709,Male,18.0,97.37,Monthly,28,Credit Card,4,7.0,Yes
C00710,Female,,55.96,Monthly,17,E-Wallet,2,5.0,No
C00711,Female,32.0,41.62,Monthly,1,,2,10.0,No
C00712,Female,44.0,30.14,Yearly,1,Credit Card,2,8.0,No
C00713,FEMALE,40.0,58.14,Two-Year,14,Bank Transfer,1,9.0,No
C00714,Male,35.0,105.01,Monthly,6,Bank Transfer,1,7.0,No
C00715,Male,37.0,45.83,Two-Year,16,E-Wallet,0,4.0,No
C00716,Female,26.0,52.64,Monthly,7,,2,7.0,Yes
C00717,Female,20.0,86.03,Yearly,42,Bank Transfer,2,6.0,No
C00718,Female,46.0,63.65,Monthly,15,E-Wallet,0,8.0,No
C00719,Male,46.0,26.91,Monthly,1,,7,6.0,No
C00720,Female,57.0,57.08,Monthly,5,Cash,6,6.0,No
C00721,Female,28.0,107.82,Monthly,10,Credit Card,3,3.0,No
C00722,Male,46.0,53.7,Monthly,2,E-Wallet,1,7.0,No
C00723,Male,34.0,15.9,Yearly,1,Credit Card,2,5.0,No
C00724,Female,52.0,65.02,Monthly,1,E-Wallet,4,6.0,No
C00725,Female,50.0,49.93,Two-Year,9,E-Wallet,2,6.0,No
C00726,Female,40.0,23.97,Monthly,13,E-Wallet,2,4.0,Yes
C00727,Male,33.0,25.65,Monthly,2,Credit Card,2,5.0,No
C00728,Female,49.0,84.67,Monthly,14,Cash,2,5.0,No
C00729,Male,45.0,39.27,Two-Year,12,Cash,1,7.0,Yes
C00730,Male,29.0,36.29,Monthly,34,Credit Card,1,5.0,No
C00731,Male,22.0,53.73,Monthly,23,Bank Transfer,5,8.0,No
C00732,Female,34.0,40.86,Two-Year,35,E-Wallet,2,8.0,No
C00733,Female,,57.11,Monthly,41,Bank Transfer,0,5.0,Yes
C00734,Female,51.0,49.84,Monthly,7,Bank Transfer,3,6.0,No
C00735,Male,24.0,1082.0,Monthly,9,,3,7.0,No
C00736,Female,23.0,43.38,Monthly,4,Bank Transfer,0,6.0,No
C00737,Male,53.0,66.64,Monthly,9,Bank Transfer,4,7.0,No
C00738,Female,24.0,55.64,Two-Year,2,Bank Transfer,3,8.0,No
C00739,M,44.0,52.62,Two-Year,14,Bank Transfer,2,9.0,No
C00740,Male,30.0,130.56,Monthly,1,E-Wallet,3,9.0,No
C00741,Male,57.0,75.87,Monthly,4,E-Wallet,1,7.0,No
C00742,Male,28.0,80.13,Monthly,3,E-Wallet,3,5.0,No
C00743,Female,51.0,50.67,Monthly,34,Bank Transfer,3,9.0,No
C00744,Male,,60.28,Monthly,2,,7,6.0,No
C00745,Male,41.0,44.97,Monthly,27,Credit Card,1,7.0,No
C00746,Female,18.0,77.47,Monthly,2,E-Wallet,5,1.0,Yes
C00747,Male,18.0,51.95,Monthly,13,Bank Transfer,2,10.0,No
C00748,Female,35.0,60.34,Yearly,5,Credit Card,1,,No
C00749,Female,40.0,58.69,Yearly,5,Bank Transfer,1,4.0,No
C00750,Female,24.0,54.15,Monthly,72,E-Wallet,1,6.0,No
C00751,Male,24.0,204.83,Yearly,4, E-Wallet,6,5.0,No
C00752,Female,44.0,40.45,Monthly,3,Credit Card,4,3.0,No
C00753,Female,44.0,40.28,Monthly,11,Bank Transfer,1,5.0,No
C00754,Male,36.0,74.62,Yearly,17,Bank Transfer,2,10.0,No
C00755,Male,47.0,41.77,Yearly,49,Bank Transfer,4,,No
C00756,Female,23.0,47.89,Monthly,15,Credit Card ,1,9.0,No
C00757,Female,33.0,33.49,Monthly,10,Bank Transfer,3,,No
C00758,Female,57.0,68.12,Two-Year,7,E-Wallet,3,2.0,No
C00759,Female,38.0,68.51,Monthly,11,,2,6.0,No
C00760,Female,39.0,47.38,Monthly,12,Credit Card,3,,No
C00761,Male,65.0,75.31,Yearly,3,E-Wallet,0,6.0,No
C00762,Male,21.0,23.66,Monthly,14,Bank Transfer,0,3.0,Yes
C00763,Male,47.0,39.72,Monthly,3,E-Wallet,4,8.0,Yes
C00764,Female,57.0,50.58,Two-Year,9,Credit Card,7,5.0,No
C00765,Male,34.0,32.22,Monthly,4,Credit Card,1,6.0,No
C00766,Female,48.0,24.86,Monthly,5,E-Wallet,2,8.0,Yes
C00767,Female,26.0,47.53,Monthly,12,Credit Card,1,5.0,No
C00768,Female,29.0,74.61,Monthly,1,Cash,5,6.0,No
C00769,Male,42.0,97.22,Monthly,1,Bank Transfer,3,7.0,No
C00770,Female,47.0,42.68,Monthly,2,Credit Card,1,10.0,No
C00771,Male,51.0,75.94,Monthly,3,E-Wallet,2,6.0,No
C00772,Female,56.0,72.71,Monthly,3,Bank Transfer,3,8.0,No
C00773,Male,37.0,94.48,Monthly,18,,1,6.0,No
C00774,Male,,46.64,Monthly,8,Credit Card ,7,10.0,No
C00775,Female,33.0,24.3,Monthly,8,Credit Card,2,3.0,No
C00776,Male,48.0,56.35,Monthly,13,Credit Card,3,4.0,Yes
C00777,Male,40.0,34.6,Monthly,16,Bank Transfer,0,7.0,No
C00778,Female,43.0,39.43,Monthly,1,E-Wallet,0,5.0,No
C00779,Female,43.0,47.68,Yearly,24,Credit Card,1,8.0,No
C00780,Female,18.0,46.87,Yearly,54,E-Wallet,1,8.0,No
C00781,Female,24.0,58.19,Monthly,2,E-Wallet,5,3.0,No
C00782,Female,39.0,74.92,Monthly,13,Bank Transfer,2,9.0,No
C00783,Male,18.0,46.27,Monthly,1,E-Wallet,0,7.0,No
C00784,Male,47.0,65.24,Monthly,1,Credit Card,2,10.0,Yes
C00785,Male,48.0,54.96,Monthly,5,Credit Card,3,6.0,No
C00786,Female,41.0,83.18,Monthly,23,Credit Card,3,8.0,No
C00787,Female,24.0,50.16,Monthly,13,E-Wallet,0,8.0,Yes
C00788,Male,54.0,52.69,Two-Year,8,E-Wallet,1,9.0,No
C00789,Male,62.0,46.13,Monthly,7,Cash,0,1.0,No
C00790,Female,39.0,50.75,Yearly,8,Bank Transfer,2,3.0,Yes
C00791,Male,44.0,38.38,Monthly,5,Bank Transfer,2,9.0,No
C00792,Female,40.0,36.7,Monthly,26,E-Wallet,5,9.0,Yes
C00793,Male,44.0,77.41,Monthly,11,Credit Card,5,8.0,No
C00794,Female,36.0,33.53,Two-Year,8,E-Wallet,7,4.0,No
C00795,Male,37.0,47.29,Monthly,8,Credit Card,2,6.0,No
C00796,Female,,86.22,Monthly,33,,1,,No
C00797,Female,,46.59,Monthly,16,Credit Card,1,6.0,No
C00798,Female,21.0,79.28,Yearly,2,Cash,1,6.0,No
C00799,Female,36.0,41.85,Monthly,7,Bank Transfer,2,9.0,No
C00800,Female,23.0,34.02,Monthly,5,Credit Card,2,8.0,No
C00801,Female,57.0,26.64,Two-Year,52,Credit Card,1,7.0,No
C00802,Male,30.0,98.57,Monthly,7,Credit Card,2,7.0,No
C00803,Female,20.0,32.73,Monthly,1,Credit Card,2,8.0,No
C00804,Female,45.0,76.42,Monthly,7,Credit Card,3,6.0,Yes
C00805,Male,58.0,34.81,Yearly,5,E-Wallet,4,8.0,No
C00806,Female,45.0,98.77,Monthly,11,E-Wallet,2,5.0,Yes
C00807,Female,40.0,147.39,Monthly,4,Cash,0,8.0,No
C00808,Female,42.0,25.56,Yearly,1,Credit Card,3,6.0,Yes
C00809,Male,54.0,33.51,Monthly,2,E-Wallet,3,5.0,No
C00810,Male,27.0,77.32,Two-Year,4,Credit Card,4,9.0,No
C00811,Female,36.0,68.78,Monthly,6,Credit Card,1,7.0,Yes
C00812,Female,32.0,77.45,Monthly,22,Credit Card,2,7.0,No
C00813,Male,23.0,42.17,Monthly,4,Cash,3,,No
C00814,Female,34.0,133.54,Yearly,1,Cash,5,3.0,No
C00815,Female,51.0,57.58,Monthly,19,E-Wallet,1,8.0,No
C00816,Male,44.0,31.58,Monthly,25,Credit Card,2,6.0,No
C00817,Female,,48.72,Monthly,9,E-Wallet,1,10.0,Yes
C00818,Male,39.0,31.77,Two-Year,5,Bank Transfer,5,10.0,Yes
C00819,male,44.0,111.71,Monthly,18,Credit Card,2,7.0,No
C00820,Male,-5.0,40.56,Monthly,1,Credit Card,1,7.0,No
C00821,Female,34.0,68.14,Two-Year,31,E-Wallet,1,7.0,No
C00822,Male,40.0,44.18,Yearly,25,E-Wallet,2,3.0,No
C00823,Male,41.0,41.39,Monthly,10,E-Wallet,3,3.0,Yes
C00824,Male,41.0,23.11,Two-Year,4,Bank Transfer,2,4.0,No
C00825,Female,36.0,,Monthly,1,Bank Transfer,2,8.0,No
C00826,Female,33.0,97.97,Monthly,72,E-Wallet,3,10.0,No
C00827,Male,75.0,36.15,Monthly,18,E-Wallet,4,7.0,Yes
C00828,Male,48.0,27.24,Monthly,5,Credit Card,4,4.0,No
C00829,Female,42.0,78.37,Two-Year,1,E-Wallet,3,2.0,Yes
C00830,Male,,26.03,Yearly,13,Credit Card,0,6.0,No
C00831,Male,32.0,94.52,Monthly,53,Credit Card,2,6.0,No
C00832,Male,,36.34,Yearly,15,Credit Card,2,8.0,No
C00833,Male,41.0,33.23,Monthly,2,Bank Transfer,3,9.0,No
C00834,Male,18.0,61.06,Monthly,7,Credit Card,4,7.0,No
C00835,Male,19.0,34.22,Two-Year,2,Cash,3,4.0,No
C00836,Male,30.0,39.72,Yearly,30,Bank Transfer,2,7.0,No
C00837,Female,40.0,64.03,Monthly,5,,3,3.0,No
C00838,Male,35.0,18.3,Monthly,16,Credit Card,3,6.0,No
C00839,Female,55.0,114.33,Monthly,2,E-Wallet,3,9.0,No
C00840,Female,20.0,55.68,Monthly,2,Cash,1,6.0,Yes
C00841,Male,28.0,30.51,Monthly,14,Credit Card,2,9.0,No
C00842,Female,56.0,,Monthly,23,Credit Card,2,6.0,No
C00843,Male,39.0,85.31,Monthly,3,Bank Transfer,2,7.0,No
C00844,Female,48.0,71.56,Yearly,7,Credit Card,4,4.0,No
C00845,Male,62.0,101.91,Monthly,12,Credit Card,5,7.0,No
C00846,male,29.0,40.16,Monthly,20,Cash,0,6.0,No
C00847,Male,36.0,62.39,Two-Year,12,E-Wallet,2,6.0,No
C00848,Female,34.0,66.15,Monthly,2,Bank Transfer,3,9.0,No
C00849,Male,18.0,74.65,Yearly,10,Credit Card,3,7.0,Yes
C00850,Female,34.0,90.67,Monthly,26,Credit Card,4,6.0,No
C00851,Male,48.0,39.54,Monthly,25,Credit Card,3,9.0,No
C00852,Female,44.0,51.86,Monthly,11,Bank Transfer,2,10.0,No
C00853,Male,45.0,41.49,Monthly,66,Bank Transfer,3,4.0,Yes
C00854,Female,33.0,53.32,Monthly,2,Credit Card,2,6.0,Yes
C00855,Male,30.0,74.76,Monthly,8,Cash,5,7.0,Yes
C00856,Male,53.0,25.94,Monthly,18,Bank Transfer,2,,Yes
C00857,Male,32.0,89.95,Monthly,2,Credit Card,1,5.0,No
C00858,Male,,32.7,Monthly,44,E-Wallet,2,6.0,No
C00859,Female,39.0,47.55,Two-Year,6,Credit Card,3,9.0,No
C00860,Male,55.0,95.56,Yearly,6,E-Wallet,2,9.0,No
C00861,Female,49.0,63.28,Yearly,3,E-Wallet,6,4.0,No
C00862,Male,22.0,63.61,Monthly,5,Cash,3,7.0,Yes
C00863,Female,23.0,32.1,Monthly,11,Credit Card,2,6.0,No
C00864,male,44.0,34.13,Monthly,7, E-Wallet,3,3.0,No
C00865,Male,37.0,83.39,Yearly,3,Credit Card,0,5.0,No
C00866,Female,32.0,41.88,Monthly,20,Credit Card,0,8.0,Yes
C00867,Male,50.0,43.7,Monthly,1,E-Wallet,2,5.0,No
C00868,Male,40.0,84.25,Monthly,22,E-Wallet,4,9.0,No
C00869,Female,38.0,,Monthly,4,Cash,2,7.0,No
C00870,Female,47.0,61.63,Monthly,9,Credit Card,1,7.0,No
C00871,Male,33.0,55.66,Two-Year,6,E-Wallet,7,6.0,No
C00872,male,56.0,54.53,Yearly,11,,3,7.0,No
C00873,Female,28.0,43.24,Monthly,20,Cash,5,9.0,Yes
C00874,Male,45.0,42.06,Monthly,55,Credit Card,2,3.0,No
C00875,Male,55.0,33.61,Monthly,5,E-Wallet,2,4.0,No
C00876,Male,21.0,67.84,Monthly,10,Credit Card,2,9.0,No
C00877,Female,33.0,40.42,Yearly,8,Credit Card,3,3.0,No
C00878,Female,51.0,84.43,Monthly,72,E-Wallet,3,4.0,Yes
C00879,Male,51.0,49.35,Yearly,20,E-Wallet,3,8.0,No
C00880,Male,35.0,33.91,Monthly,7,E-Wallet,5,7.0,No
C00881,Male,29.0,49.06,Monthly,8,,4,5.0,No
C00882,Female,49.0,45.38,Monthly,4,Credit Card,6,8.0,No
C00883,Male,52.0,85.98,Yearly,17,Credit Card,1,4.0,No
C00884,Male,24.0,46.24,Monthly,23,E-Wallet,4,10.0,No
C00885,Female,23.0,48.22,Two-Year,41,Credit Card,3,8.0,No
C00886,Male,40.0,103.05,Yearly,11,Cash,1,6.0,No
C00887,Female,45.0,68.63,Yearly,14,Bank Transfer,1,9.0,No
C00888,Male,34.0,115.38,Yearly,8,Bank Transfer,4,8.0,No
C00889,Male,46.0,96.21,Monthly,12,E-Wallet,0,9.0,No
C00890,Male,29.0,36.63,Monthly,6,E-Wallet,0,6.0,No
C00891,FEMALE,18.0,85.24,Monthly,17,Credit Card,4,3.0,Yes
C00892,Female,32.0,108.46,Monthly,1,Credit Card,2,9.0,No
C00893,Female,38.0,108.83,Yearly,1,Credit Card,3,8.0,No
C00894,Male,34.0,85.17,Monthly,16,Bank Transfer,2,8.0,No
C00895,Female,24.0,84.38,Monthly,33,Credit Card,1,5.0,No
C00896,Male,18.0,47.65,Yearly,13,E-Wallet,2,8.0,No
C00897,Male,31.0,37.46,Monthly,16, E-Wallet,0,6.0,No
C00898,Female,48.0,46.6,Monthly,21,E-Wallet,5,9.0,No
C00899,Male,53.0,25.81,Monthly,6,E-Wallet,0,6.0,No
C00900,Male,52.0,,Yearly,2,E-Wallet,5,4.0,No
C00901,Male,28.0,48.06,Monthly,33,Credit Card,1,5.0,No
C00902,Male,24.0,97.62,Two-Year,34,E-Wallet,2,5.0,No
C00903,Male,43.0,31.37,Monthly,7,E-Wallet,2,9.0,No
C00904,Female,45.0,,Yearly,3,Credit Card,6,6.0,No
C00905,Male,42.0,43.7,Monthly,27,Cash,2,6.0,No
C00906,Female,18.0,30.63,Monthly,15,Credit Card,5,10.0,No
C00907,Female,27.0,113.55,Monthly,1,,3,6.0,No
C00908,Male,37.0,89.86,Monthly,2,Bank Transfer,2,4.0,No
C00909,Male,43.0,60.06,Monthly,50,Credit Card,5,10.0,No
C00910,Male,,55.44,Monthly,1,E-Wallet,0,5.0,No
C00911,Female,39.0,66.54,Monthly,4,,1,4.0,No
C00912,Male,41.0,59.6,Yearly,10,Bank Transfer,3,9.0,No
C00913,Female,39.0,38.22,Monthly,3,Bank Transfer,2,5.0,Yes
C00914,Male,46.0,45.36,Two-Year,4,E-Wallet,2,6.0,No
C00915,Female,41.0,131.94,Yearly,6,Credit Card,1,7.0,No
C00916,male,38.0,181.72,Monthly,4,E-Wallet,2,6.0,No
C00917,Male,34.0,110.3,Monthly,20,Credit Card,3,6.0,No
C00918,Female,38.0,67.71,Monthly,9,E-Wallet,0,8.0,No
C00919,Female,43.0,46.9,Yearly,4,Cash,2,6.0,No
C00920,Male,41.0,38.12,Yearly,5,Credit Card,1,5.0,No
C00921,Female,42.0,39.27,Monthly,1,Credit Card,2,6.0,No
C00922,Male,54.0,42.56,Monthly,1,,3,9.0,No
C00923,Female,41.0,143.74,Monthly,16,Credit Card,4,6.0,Yes
C00924,Female,30.0,123.08,Yearly,2,Credit Card,3,8.0,No
C00925,Male,48.0,76.39,Yearly,8,,4,7.0,No
C00926,Male,21.0,35.44,Yearly,23,Bank Transfer,2,6.0,No
C00927,Male,25.0,81.6,Monthly,6,Credit Card,1,5.0,No
C00928,Female,42.0,49.04,Monthly,6,Bank Transfer,2,7.0,No
C00929,Female,44.0,20.72,Two-Year,25,Bank Transfer,6,9.0,No
C00930,Male,23.0,62.13,Two-Year,25,E-Wallet,2,6.0,No
C00931,Male,33.0,37.38,Monthly,26,Cash,0,4.0,Yes
C00932,Female,30.0,37.95,Monthly,11,Bank Transfer,4,5.0,No
C00933,Female,32.0,48.78,Monthly,37,Credit Card,2,8.0,No
C00934,Female,49.0,43.63,Yearly,21,Credit Card,2,5.0,No
C00935,Male,46.0,53.76,Monthly,7,Bank Transfer,1,9.0,Yes
C00936,Male,37.0,52.61,Monthly,12,Cash,4,9.0,No
C00937,Male,31.0,23.47,Monthly,2,E-Wallet,4,5.0,Yes
C00938,Female,21.0,108.22,Monthly,10,Credit Card,4,6.0,No
C00939,Male,55.0,35.07,Monthly,4,E-Wallet,1,9.0,No
C00940,Female,45.0,35.57,Monthly,5,E-Wallet,1,6.0,No
C00941,Male,29.0,47.09,Yearly,2,Credit Card,2,7.0,No
C00942,Female,46.0,52.0,Monthly,6,E-Wallet,2,8.0,Yes
C00943,Female,37.0,105.27,Monthly,8,Credit Card,2,10.0,No
C00944,Female,34.0,61.64,Monthly,12,Bank Transfer,2,8.0,No
C00945,Male,43.0,70.45,Monthly,5,Credit Card,2,7.0,No
C00946,Male,29.0,61.78,Monthly,19,Credit Card,3,6.0,No
C00947,Male,33.0,60.59,Monthly,9,E-Wallet,3,4.0,No
C00948,Female,39.0,62.76,Monthly,13,E-Wallet,2,6.0,No
C00949,Female,32.0,22.88,Two-Year,4,Credit Card,2,6.0,No
C00950,Female,46.0,48.79,Yearly,21,Credit Card,5,8.0,No
C00951,Female,60.0,92.11,Monthly,12,Bank Transfer,6,6.0,No
C00952,Female,28.0,321.84,Two-Year,24,E-Wallet,2,7.0,No
C00953,Male,18.0,31.76,Yearly,3,Credit Card,3,9.0,No
C00954,Female,18.0,66.05,Two-Year,6,E-Wallet,5,7.0,No
C00955,Male,36.0,42.23,Monthly,2,Cash,3,5.0,No
C00956,Male,30.0,137.2,Yearly,3,,2,4.0,Yes
C00957,Male,40.0,29.69,Monthly,7,Credit Card,7,6.0,No
C00958,Male,39.0,72.33,Yearly,27,Credit Card,1,5.0,No
C00959,Male,18.0,28.98,Monthly,10,Credit Card,0,5.0,No
C00960,Female,18.0,47.31,Monthly,5,Credit Card,2,10.0,No
C00961,Male,41.0,53.76,Monthly,17,E-Wallet,1,6.0,No
C00962,Female,39.0,88.35,Yearly,1,Credit Card,3,7.0,No
C00963,Male,32.0,33.63,Yearly,6,Credit Card,2,10.0,No
C00964,Male,18.0,73.59,Monthly,12,Bank Transfer,6,5.0,No
C00965,Male,43.0,55.06,Monthly,11,E-Wallet,2,7.0,No
C00966,Male,53.0,,Yearly,12,Credit Card,2,9.0,No
C00967,Female,41.0,84.04,Monthly,3,E-Wallet,4,7.0,No
C00968,Male,27.0,30.66,Monthly,5,Bank Transfer,5,6.0,No
C00969,Female,38.0,78.63,Yearly,33,E-Wallet,3,8.0,No
C00970,Male,21.0,42.27,Yearly,44,E-Wallet,4,5.0,No
C00971,Female,50.0,89.4,Monthly,5,Credit Card,3,6.0,No
C00972,Female,38.0,63.47,Monthly,13,Bank Transfer,1,3.0,No
C00973,Female,18.0,49.69,Yearly,4,E-Wallet,4,8.0,No
C00974,Male,34.0,41.87,Yearly,6,E-Wallet,1,9.0,Yes
C00975,Male,43.0,79.08,Monthly,19,Credit Card,3,8.0,No
C00976,Male,34.0,96.3,Monthly,9,Credit Card,6,8.0,Yes
C00977,male,34.0,42.96,Monthly,23,Credit Card,3,6.0,No
C00978,Male,23.0,32.79,Two-Year,12,E-Wallet,3,5.0,No
C00979,Male,44.0,74.62,Monthly,12,E-Wallet,1,4.0,No
C00980,Female,30.0,28.45,Monthly,1,Bank Transfer,2,5.0,Yes
C00981,Male,18.0,30.34,Monthly,17,Credit Card,0,5.0,No
C00982,Female,33.0,33.84,Monthly,46,Credit Card,2,7.0,No
C00983,Male,49.0,45.29,Monthly,8,Bank Transfer,1,9.0,No
C00984,Male,33.0,29.92,Monthly,3,Cash,3,7.0,Yes
C00985,male,,22.82,Monthly,46,E-Wallet,6,,Yes
C00986,Male,43.0,32.75,Monthly,5,E-Wallet,1,10.0,Yes
C00987,Female,42.0,72.9,Monthly,7,Bank Transfer,6,8.0,No
C00988,Male,36.0,30.81,Yearly,1,Cash,5,4.0,No
C00989,Male,37.0,,Monthly,2,E-Wallet,0,6.0,No
C00990,Female,34.0,131.11,Yearly,3,Credit Card,3,6.0,Yes
C00991,Female,34.0,53.4,Monthly,10,E-Wallet,0,3.0,No
C00992,Female,44.0,63.7,Monthly,10,Bank Transfer,3,9.0,No
C00993,Male,26.0,35.67,Monthly,12,E-Wallet,3,7.0,No
C00994,Female,25.0,144.54,Two-Year,11,Cash,1,10.0,No
C00995,Male,24.0,42.79,Monthly,9,Credit Card,6,9.0,Yes
C00996,Male,62.0,49.27,Monthly,20,E-Wallet,2,5.0,No
C00997,Female,44.0,98.76,Monthly,33,Bank Transfer,6,8.0,No
C00998,Male,41.0,50.31,Monthly,4,Cash,2,7.0,Yes
C00999,Female,25.0,55.79,Monthly,2,Credit Card,3,6.0,Yes
C01000,Male,45.0,48.1,Two-Year,7,E-Wallet,1,3.0,Yes
C01001,Male,36.0,48.25,Monthly,1,Credit Card,2,8.0,Yes
C01002,Female,40.0,64.5,Monthly,26,,4,3.0,No
C01003,Female,26.0,70.02,Two-Year,4,Credit Card,4,,Yes
C01004,Female,39.0,40.88,Monthly,10,Bank Transfer,2,7.0,No
C01005,Female,32.0,38.68,Monthly,2,Cash,2,,Yes
C01006,Female,,41.51,Monthly,10,Credit Card,2,,No
C01007,Female,46.0,29.06,Monthly,1,Credit Card,2,7.0,No
C01008,Female,19.0,26.69,Monthly,18,,0,8.0,No
C01009,Male,44.0,62.41,Monthly,38,Bank Transfer,2,6.0,No
C01010,Male,46.0,83.29,Yearly,5,Credit Card,4,10.0,Yes
C01011,Male,27.0,80.8,Monthly,4,Cash,3,5.0,Yes
C01012,Female,,18.69,Two-Year,8,Bank Transfer,5,9.0,No
C01013,Female,35.0,48.9,Monthly,12,E-Wallet,3,,No
C01014,Male,41.0,33.25,Monthly,3,E-Wallet,2,10.0,No
C01015,Female,36.0,58.25,Monthly,20,E-Wallet,0,9.0,No
C01016,Female,43.0,,Monthly,3,Cash,0,7.0,No
C01017,Male,59.0,71.26,Monthly,1,Cash,3,8.0,No
C01018,Female,31.0,54.13,Monthly,9,Credit Card,2,9.0,No
C01019,Female,18.0,23.26, Monthly ,2,Cash,8,6.0,No
C01020,Male,47.0,35.33,Two-Year,15,Bank Transfer,2,7.0,No
C01021,Female,58.0,54.74,Monthly,3,Credit Card,2,4.0,No
C01022,Male,42.0,56.86,Yearly,21,Bank Transfer,4,4.0,Yes
C01023,Female,24.0,29.0,Yearly,8,Credit Card,3,9.0,No
C01024,Female,36.0,27.35,Monthly,11,Bank Transfer,4,7.0,No
C01025,FEMALE,24.0,56.0,Monthly,3,E-Wallet,3,9.0,No
C01026,Male,45.0,29.03,Two-Year,2,Credit Card,1,8.0,No
C01027,Female,21.0,,Monthly,12,Credit Card,1,7.0,Yes
C01028,male,,44.69,Two-Year,4, E-Wallet,7,9.0,Yes
C01029,Male,25.0,43.82,Monthly,6,Bank Transfer,2,9.0,No
C01030,Female,39.0,36.77,Monthly,8,Credit Card,1,5.0,Yes
C01031,Male,33.0,39.78,Monthly,4,Cash,0,4.0,No
C01032,Female,40.0,54.94,Two-Year,20,Cash,3,5.0,No
C01033,Male,38.0,39.49,Monthly,34,Credit Card,1,9.0,No
C01034,Male,26.0,56.36,Monthly,7,Credit Card,2,8.0,Yes
C01035,Male,45.0,46.01,Monthly,30,Cash,0,4.0,Yes
C01036,Female,37.0,58.88,Monthly,26,Credit Card,2,6.0,No
C01037,Male,26.0,,Monthly,3,Bank Transfer,1,9.0,Yes
C01038,Female,64.0,79.65,Monthly,3,Credit Card,4,5.0,No
C01039,Male,43.0,97.48,Monthly,8, E-Wallet,1,7.0,Yes
C01040,Male,36.0,79.61,Monthly,9,Credit Card,3,9.0,No
C01041,Female,54.0,60.79,Monthly,6,Bank Transfer,4,8.0,No
C01042,Female,60.0,44.92,Monthly,5,Credit Card,3,4.0,Yes
C01043,Male,36.0,45.86,Monthly,7,Credit Card,0,8.0,No
C01044,Female,42.0,36.78,Monthly,15,Credit Card,2,7.0,No
C01045,Female,26.0,54.71,Yearly,2,Credit Card,0,8.0,No
C01046,Female,36.0,74.73,Monthly,15,E-Wallet,2,5.0,No
C01047,Male,35.0,39.39,Monthly,32,Cash,3,8.0,No
C01048,Male,40.0,53.69,Monthly,18,E-Wallet,0,7.0,No
C01049,Female,41.0,40.25,Monthly,3,Bank Transfer,2,10.0,No
C01050,Male,44.0,59.99,Monthly,2,Credit Card,1,6.0,Yes
C01051,Female,40.0,42.64,Monthly,9,Credit Card,4,5.0,No
C01052,Female,23.0,39.14,Yearly,38,Credit Card,2,15.0,No
C01053,Female,26.0,,Yearly,21,E-Wallet,1,9.0,No
C01054,Female,31.0,68.48,Monthly,10,Credit Card,3,2.0,No
C01055,Female,34.0,52.27,Monthly,2,Cash,3,,No
C01056,Male,50.0,45.02,Yearly,16,E-Wallet,1,7.0,No
C01057,Female,,61.41,Monthly,21,Cash,1,5.0,No
C01058,Male,33.0,45.31,Monthly,33,Bank Transfer,3,4.0,Yes
C01059,Male,49.0,90.64,Monthly,12,Bank Transfer,3,8.0,No
C01060,Female,34.0,35.23,Monthly,9,Credit Card,4,8.0,No
C01061,Female,43.0,50.19,Yearly,12,Bank Transfer,3,7.0,No
C01062,Female,36.0,29.02,Monthly,35,,3,8.0,No
C01063,Female,41.0,46.71,Monthly,12,Credit Card,3,7.0,No
C01064,Male,35.0,25.64, Monthly ,4,Credit Card,5,2.0,No
C01065,Male,46.0,76.39,Monthly,13,Credit Card,1,6.0,No
C01066,Female,,77.09,Monthly,26,Cash,1,7.0,Yes
C01067,Male,33.0,77.7,Monthly,11,Credit Card,4,8.0,No
C01068,Male,41.0,55.31,Monthly,9,E-Wallet,2,7.0,No
C01069,Male,44.0,,Monthly,16,Credit Card,3,8.0,No
C01070,Male,55.0,38.09,Monthly,13,E-Wallet,3,5.0,Yes
C01071,Male,33.0,108.7,Two-Year,1,Bank Transfer,1,7.0,No
C01072,Male,55.0,104.17,Yearly,16,Credit Card,7,8.0,No
C01073,Male,30.0,57.69,Monthly,7,E-Wallet,1,10.0,No
C01074,Male,53.0,43.29,Yearly,34,E-Wallet,7,5.0,No
C01075,Female,,101.08,Monthly,43,Bank Transfer,4,8.0,No
C01076,F,27.0,39.94,Monthly,8,E-Wallet,4,4.0,No
C01077,Male,41.0,,Monthly,42,Credit Card,1,5.0,No
C01078,Female,37.0,100.32,Monthly,5,Cash,1,9.0,Yes
C01079,Male,45.0,37.47,Monthly,14,Credit Card,0,7.0,No
C01080,Female,35.0,79.29,Monthly,1,Credit Card,2,6.0,No
C01081,Female,34.0,69.01,Yearly,2,Credit Card,1,10.0,No
C01082,Male,54.0,53.64,Monthly,24,Credit Card,1,,No
C01083,Male,36.0,34.92,Monthly,27,Bank Transfer,1,7.0,No
C01084,Female,47.0,39.41,Monthly,10,Bank Transfer,1,8.0,Yes
C01085,Female,35.0,62.19,Monthly,5,Bank Transfer,5,3.0,Yes
C01086,Male,57.0,,Monthly,8,Credit Card,3,6.0,Yes
C01087,FEMALE,29.0,,Monthly,25,Credit Card,5,4.0,Yes
C01088,Male,30.0,69.65,Monthly,3,E-Wallet,3,2.0,No
C01089,Female,56.0,85.06,Monthly,5,E-Wallet,3,7.0,Yes
C01090,Male,32.0,29.1,Monthly,19,Credit Card,2,8.0,No
C01091,Female,57.0,98.72,Two-Year,33,Bank Transfer,1,,No
C01092,Female,48.0,117.09, Monthly ,2,Credit Card,3,5.0,Yes
C01093,Female,36.0,65.67,Yearly,20,E-Wallet,2,10.0,No
C01094,Male,18.0,34.22,Yearly,13,Cash,2,10.0,No
C01095,Male,37.0,47.1,Monthly,4,Credit Card,4,8.0,No
C01096,Male,39.0,53.44,Monthly,17,E-Wallet,5,7.0,No
C01097,Male,52.0,61.66,Monthly,16,Credit Card,2,5.0,No
C01098,Male,57.0,55.14,Monthly,2,Credit Card,1,7.0,Yes
C01099,Female,29.0,61.96,Monthly,9,Bank Transfer,1,6.0,No
C01100,Male,47.0,52.41,Monthly,18,,4,8.0,No
C01101,Male,47.0,61.52,Monthly,3,E-Wallet,1,9.0,No
C01102,Female,50.0,44.38,Monthly,8,E-Wallet,6,7.0,No
C01103,Female,43.0,46.89,Monthly,2,Cash,3,7.0,No
C01104,Female,18.0,42.13,Two-Year,5,Bank Transfer,5,4.0,Yes
C01105,Female,36.0,129.38,Monthly,3,Bank Transfer,2,7.0,No
C01106,Male,24.0,105.5,Monthly,9,Bank Transfer,3,8.0,No
C01107,Male,35.0,70.1,Yearly,2,Credit Card,1,9.0,No
C01108,Female,,99.13,Yearly,6,Bank Transfer,2,3.0,No
C01109,Female,41.0,78.2,Monthly,4,E-Wallet,3,7.0,No
C01110,Male,51.0,59.24,Monthly,17,Credit Card,2,5.0,No
C01111,Female,42.0,27.73,Monthly,15,Cash,2,8.0,No
C01112,Male,22.0,48.52,Monthly,2,E-Wallet,4,7.0,No
C01113,Male,18.0,46.96,Monthly,37,E-Wallet,1,5.0,No
C01114,M,39.0,32.79,Monthly,17,Cash,3,10.0,No
C01115,male,35.0,27.97,Monthly,12,Bank Transfer,2,6.0,No
C01116,Female,26.0,68.15,Two-Year,8,Credit Card,1,5.0,No
C01117,Male,18.0,63.18,Monthly,3,E-Wallet,1,6.0,No
C01118,Female,29.0,32.29,Monthly,40,E-Wallet,4,3.0,No
C01119,Male,35.0,39.03,Two-Year,1,Credit Card,4,3.0,No
C01120,Male,,92.07,Monthly,15,Credit Card,2,9.0,Yes
C01121,M,40.0,36.78,Monthly,9,Credit Card,5,7.0,No
C01122,Female,57.0,,Monthly,28,Credit Card,1,8.0,Yes
C01123,Female,25.0,50.13,Two-Year,6,Cash,4,7.0,Yes
C01124,Female,48.0,68.57,Monthly,9,Credit Card,3,7.0,No
C01125,Female,38.0,37.14,Monthly,17,E-Wallet,0,6.0,No
C01126,Female,46.0,56.86,Yearly,1,E-Wallet,3,5.0,Yes
C01127,Male,32.0,58.9,Monthly,1,E-Wallet,5,8.0,No
C01128,Male,50.0,60.56,Yearly,3,Credit Card,4,7.0,No
C01129,Male,41.0,56.58,Two-Year,2,E-Wallet,2,4.0,No
C01130,Male,29.0,63.76,Monthly,1,Cash,1,8.0,No
C01131,Female,37.0,146.39,Monthly,12,Credit Card,1,10.0,Yes
C01132,Male,35.0,172.88,Yearly,20,Credit Card,5,7.0,No
C01133,Male,,40.95,Monthly,38,,4,5.0,No
C01134,Male,23.0,19.24,Yearly,7,Bank Transfer,3,,No
C01135,Female,37.0,,Monthly,4,Bank Transfer,2,8.0,No
C01136,Male,42.0,59.37,Monthly,24,Cash,2,4.0,Yes
C01137,Female,38.0,88.01,Monthly,23,E-Wallet,2,6.0,No
C01138,Male,54.0,62.07,Monthly,12,Credit Card,4,7.0,No
C01139,Male,47.0,56.06,Monthly,4,Bank Transfer,3,6.0,No
C01140,Female,37.0,90.74,Monthly,29,Credit Card,3,7.0,No
C01141,Female,40.0,96.64,Monthly,3,Credit Card,3,9.0,No
C01142,Male,41.0,29.25,Monthly,1,Bank Transfer,1,4.0,Yes
C01143,Female,42.0,37.81,Yearly,20,,2,4.0,No
C01144,Female,,52.06,Yearly,10,,6,6.0,No
C01145,Male,34.0,57.07,Monthly,4,Credit Card,1,7.0,Yes
C01146,Female,20.0,49.32,Monthly,14,Bank Transfer,4,4.0,No
C01147,Female,53.0,66.38,Monthly,18,E-Wallet,2,10.0,No
C01148,Female,37.0,85.48,Monthly,23,Credit Card ,3,8.0,No
C01149,Female,35.0,118.54,Monthly,4,Bank Transfer,2,4.0,Yes
C01150,Female,48.0,70.85,Yearly,1,Bank Transfer,5,7.0,Yes
C01151,Female,43.0,37.21,Monthly,9,Cash,1,7.0,No
C01152,Female,24.0,51.09,Yearly,24,Credit Card,1,0.0,Yes
C01153,Female,37.0,52.78,Yearly,3,E-Wallet,2,3.0,Yes
C01154,Female,33.0,68.83,Monthly,7,Cash,2,5.0,No
C01155,Female,18.0,65.02,Monthly,4,Credit Card,3,8.0,No
C01156,Female,29.0,137.37,Monthly,1,Cash,6,4.0,No
C01157,Male,35.0,44.36,Monthly,28,E-Wallet,4,9.0,No
C01158,Female,36.0,,Monthly,2,Bank Transfer,2,5.0,No
C01159,Female,20.0,,Monthly,18,Credit Card,5,1.0,Yes
C01160,Male,51.0,,Monthly,6,Cash,4,9.0,No
C01161,Female,36.0,58.28,Monthly,4,Credit Card,0,6.0,No
C01162,Male,38.0,35.69,Monthly,34,,5,6.0,No
C01163,Male,42.0,56.65,Monthly,13,E-Wallet,5,7.0,No
C01164,Female,28.0,38.43,Monthly,14,E-Wallet,1,4.0,Yes
C01165,Male,43.0,87.45,Monthly,18,Credit Card,3,4.0,No
C01166,Female,33.0,58.34,Monthly,6,Credit Card,1,6.0,No
C01167,Female,,35.84,Yearly,10,E-Wallet,2,9.0,No
C01168,Male,44.0,79.7,Yearly,4,Bank Transfer,2,7.0,No
C01169,Male,55.0,59.2,Monthly,22,Credit Card,3,7.0,No
C01170,Male,46.0,83.83,Monthly,11,Credit Card,3,8.0,No
C01171,Female,49.0,32.58,Yearly,4,Bank Transfer,3,8.0,No
C01172,Female,31.0,64.46,Monthly,28,Bank Transfer,3,5.0,Yes
C01173,Female,200.0,77.32,Monthly,11,E-Wallet,1,5.0,No
C01174,Male,55.0,45.13,Yearly,9,Credit Card,3,8.0,No
C01175,Female,62.0,30.98,Monthly,1,,3,6.0,No
C01176,Female,,,Monthly,29,E-Wallet,2,6.0,No
C01177,Female,33.0,94.88,Two-Year,37,Bank Transfer,2,2.0,Yes
C01178,Male,24.0,90.62,Monthly,10,Credit Card,2,6.0,Yes
C01179,Female,25.0,45.02,Two-Year,8,Cash,2,8.0,No
C01180,Female,18.0,,Monthly,6,Credit Card,1,6.0,No
C01181,Female,36.0,44.97,Monthly,4,Bank Transfer,2,6.0,No
C01182,Male,57.0,44.22,Monthly,11,Bank Transfer,3,10.0,No
C01183,Female,36.0,66.75,Yearly,2,E-Wallet,3,5.0,No
C01184,Female,41.0,52.08,Monthly,31,Bank Transfer,5,10.0,No
C01185,Male,54.0,38.9,Monthly,3,Bank Transfer,5,3.0,Yes
C01186,Female,,89.74,Yearly,17,E-Wallet,4,7.0,No
C01187,Female,62.0,58.16,Monthly,5,Cash,4,3.0,Yes
C01188,Male,61.0,66.42,Monthly,4,Bank Transfer,6,8.0,Yes
C01189,Male,36.0,25.12,Monthly,10,,7,5.0,No
C01190,Female,31.0,18.34,Monthly,18,E-Wallet,2,4.0,No
C01191,Male,46.0,28.59,Yearly,16,E-Wallet,0,5.0,No
C01192,Female,33.0,43.98,Monthly,4,Credit Card,2,5.0,No
C01193,Male,24.0,70.76,Monthly,5,Bank Transfer,5,6.0,No
C01194,Female,,19.03,Monthly,25,Credit Card,1,8.0,No
C01195,Male,52.0,111.81,Monthly,16,Bank Transfer,1,9.0,No
C01196,Female,39.0,58.95,Monthly,15,E-Wallet,1,10.0,Yes
C01197,Female,22.0,100.7,Monthly,4,Credit Card,4,6.0,No
C01198,Female,23.0,36.65,Two-Year,19,Credit Card,2,6.0,No
C01199,Female,39.0,68.49,Yearly,6,Bank Transfer,1,7.0,No
C01200,Male,32.0,56.73,Monthly,7,E-Wallet,3,6.0,No
C01201,Female,33.0,78.88,Monthly,5,E-Wallet,2,2.0,No
C01202,Male,50.0,49.15,Monthly,2,Credit Card,7,7.0,No
C01203,Male,46.0,67.56,Monthly,7,Credit Card,5,4.0,No
C01204,Male,54.0,89.66,Monthly,1,,2,6.0,Yes
C01205,Male,26.0,40.73,Monthly,8,Bank Transfer,0,6.0,No
C01206,Female,33.0,60.89,Monthly,16,Bank Transfer,2,4.0,No
C01207,Female,47.0,23.35,Monthly,39,Bank Transfer,1,5.0,No
C01208,Male,43.0,74.9,Two-Year,1,Bank Transfer,2,4.0,No
C01209,Male,56.0,131.58,Monthly,4,Bank Transfer,5,7.0,No
C01210,Female,43.0,31.19,Monthly,9,E-Wallet,0,6.0,No
C01211,Male,60.0,52.4,Monthly,3,E-Wallet,6,7.0,No
C01212,Male,44.0,81.14,Monthly,2,Credit Card,2,4.0,Yes
C01213,Male,,55.38,Two-Year,8,Bank Transfer,2,7.0,Yes
C01214,Female,34.0,,Monthly,11,Bank Transfer,1,10.0,No
C01215,Female,38.0,45.79,Two-Year,21,Credit Card,1,7.0,No
C01216,Male,48.0,45.03,Monthly,72,Bank Transfer,7,9.0,No
C01217,Male,57.0,52.51,Monthly,18,Bank Transfer,3,6.0,Yes
C01218,Female,46.0,55.63,Monthly,4,E-Wallet,3,6.0,No
C01219,Female,37.0,32.08,Yearly,17,Credit Card,1,8.0,No
C01220,Male,54.0,53.0,Monthly,10,Credit Card,4,6.0,No
C01221,Female,18.0,,Two-Year,8,Credit Card,2,9.0,No
C01222,Male,,45.21,Monthly,33,E-Wallet,2,6.0,Yes
C01223,Male,46.0,31.29,Monthly,15,Cash,1,7.0,No
C01224,Female,38.0,51.0,Monthly,14,Bank Transfer,1,6.0,Yes
C01225,Male,45.0,,Monthly,1,Bank Transfer,2,4.0,No
C01226,Female,38.0,29.9,Monthly,25,Credit Card,0,6.0,No
C01227,Male,44.0,58.13,Yearly,19,Bank Transfer,1,6.0,No
C01228,Male,28.0,39.66,Monthly,5,Bank Transfer,2,5.0,No
C01229,Female,44.0,41.22,Monthly,5,Credit Card,5,7.0,No
C01230,Male,49.0,58.5,Monthly,1,E-Wallet,5,9.0,No
C01231,Female,52.0,27.39,Monthly,1,Credit Card,3,9.0,Yes
C01232,Male,62.0,24.94,Monthly,14,E-Wallet,2,6.0,No
C01233,Male,40.0,73.84,Monthly,3,Bank Transfer,4,5.0,Yes
C01234,Male,41.0,22.9,Yearly,31,Cash,0,5.0,No
C01235,Female,19.0,35.18,Monthly,23,Credit Card,3,10.0,No
C01236,Male,31.0,24.29,Yearly,6,Credit Card,1,9.0,No
C01237,Female,35.0,43.87,Monthly,6,Cash,2,7.0,Yes
C01238,Male,50.0,,Monthly,5,Credit Card,1,2.0,No
C01239,Female,30.0,57.43,Monthly,2,,4,6.0,No
C01240,Male,47.0,160.19,Yearly,1,Credit Card,3,8.0,No
C01241,F,37.0,89.04,Yearly,8,Bank Transfer,6,5.0,No
C01242,Female,35.0,35.91,Monthly,35,Bank Transfer,5,4.0,Yes
C01243,Female,40.0,31.86,Monthly,30,E-Wallet,4,8.0,No
C01244,Female,33.0,184.57,Monthly,20,Credit Card,1,,No
C01245,Female,32.0,88.07,Yearly,12,E-Wallet,3,7.0,No
C01246,Female,18.0,71.18,Yearly,24,Bank Transfer,2,7.0,No
C01247,Male,35.0,56.47,Monthly,9,Bank Transfer,3,4.0,No
C01248,Male,32.0,61.75,Monthly,3,Bank Transfer,3,5.0,Yes
C01249,FEMALE,31.0,28.02,Yearly,14,Cash,4,6.0,No
C01250,Female,43.0,,Monthly,31,,3,,Yes
C01251,Female,45.0,56.38,Monthly,1,Credit Card,1,5.0,No
C01252,Male,40.0,36.35,Monthly,4,E-Wallet,3,9.0,Yes
C01253,Male,49.0,42.85,Monthly,4,Bank Transfer,4,7.0,No
C01254,Male,44.0,107.97,Two-Year,2,E-Wallet,9,7.0,No
C01255,Female,34.0,51.61,Two-Year,4,Credit Card,4,8.0,No
C01256,Male,32.0,138.66,Monthly,6,Credit Card,0,8.0,No
C01257,Male,41.0,24.95,Monthly,34,Bank Transfer,2,7.0,No
C01258,Male,44.0,,Yearly,24,E-Wallet,2,5.0,Yes
C01259,Male,54.0,27.21,Monthly,36,Credit Card,1,5.0,No
C01260,Female,,31.68,Monthly,2,Credit Card,0,7.0,No
C01261,Male,31.0,37.61,Monthly,1,E-Wallet,3,10.0,Yes
C01262,Female,36.0,62.92,Monthly,2,Credit Card,0,2.0,No
C01263,Male,46.0,61.56,Monthly,30, E-Wallet,3,8.0,No
C01264,Male,50.0,40.22,Monthly,3,E-Wallet,5,4.0,No
C01265,Male,49.0,20.04,Monthly,11,E-Wallet,4,7.0,No
C01266,Male,37.0,106.16,Yearly,4,E-Wallet,3,6.0,No
C01267,Male,22.0,48.01,Two-Year,1,Bank Transfer,4,6.0,No
C01268,male,26.0,33.04, Monthly ,2,Credit Card,6,7.0,No
C01269,Female,41.0,61.79,Monthly,15,,4,8.0,No
C01270,Male,42.0,59.86,Monthly,3,Credit Card,4,9.0,No
C01271,Female,24.0,47.22,Yearly,4,Credit Card,0,5.0,No
C01272,Female,38.0,58.37,Two-Year,6,Credit Card,3,,No
C01273,Female,45.0,32.47,Monthly,13,E-Wallet,2,7.0,No
C01274,Male,24.0,76.86,Monthly,8,Bank Transfer,2,,No
C01275,Male,,34.86,Monthly,35,Cash,1,6.0,No
C01276,Male,33.0,41.57,Monthly,7,Credit Card,2,8.0,No
C01277,Male,53.0,73.11,Monthly,3,E-Wallet,3,10.0,No
C01278,Female,31.0,93.86,Two-Year,10,Bank Transfer,3,7.0,No
C01279,Male,25.0,111.45,Monthly,8,Credit Card,2,6.0,No
C01280,FEMALE,32.0,87.8,Monthly,19,Bank Transfer,2,6.0,No
C01281,M,36.0,47.19,Two-Year,33,Credit Card ,3,7.0,No
C01282,Female,33.0,27.29,Monthly,22,Bank Transfer,1,6.0,No
C01283,Female,35.0,102.75,Yearly,6,,3,10.0,No
C01284,Male,42.0,,Monthly,3,Cash,2,4.0,Yes
C01285,Male,35.0,40.35,Two-Year,30,Credit Card,4,9.0,Yes
C01286,Male,37.0,,Monthly,6,Cash,3,,Yes
C01287,Male,18.0,1787.0,Two-Year,18,E-Wallet,4,6.0,No
C01288,Male,,107.29,Monthly,55,E-Wallet,3,8.0,No
C01289,Male,36.0,43.31,Monthly,11,Credit Card,1,5.0,No
C01290,Male,57.0,133.01,Monthly,8,Bank Transfer,2,5.0,No
C01291,Male,26.0,77.77,Monthly,15,Bank Transfer,1,5.0,Yes
C01292,Male,18.0,122.6,Monthly,3,Credit Card,4,5.0,No
C01293,Female,45.0,44.31,Two-Year,9,Credit Card,3,7.0,No
C01294,Female,42.0,65.51,Monthly,5,Credit Card,3,10.0,No
C01295,Female,25.0,35.3,Monthly,3,Credit Card,0,8.0,No
C01296,Male,19.0,79.82,Monthly,12,Credit Card,2,8.0,No
C01297,Male,56.0,,Yearly,11,Credit Card,4,4.0,No
C01298,Male,54.0,160.56,Monthly,18,E-Wallet,1,4.0,No
C01299,Female,18.0,67.82,Two-Year,25,E-Wallet,2,8.0,No
C01300,Female,32.0,,Monthly,3,Cash,2,3.0,No
C01301,Male,57.0,44.17,Monthly,19,Credit Card,2,6.0,No
C01302,FEMALE,32.0,69.66,Monthly,6,E-Wallet,1,9.0,No
C01303,Male,32.0,46.02,Yearly,12,Bank Transfer,1,6.0,No
C01304,Female,34.0,57.52,Monthly,23,Bank Transfer,2,6.0,No
C01305,Female,24.0,59.06,Yearly,4,Bank Transfer,5,8.0,No
C01306,Female,18.0,46.59,Monthly,12,E-Wallet,5,6.0,No
C01307,Female,50.0,56.17,Monthly,8,Credit Card,1,8.0,No
C01308,Female,18.0,46.11,Two-Year,19,Credit Card,0,5.0,No
C01309,Male,40.0,46.02,Monthly,15,Credit Card,5,9.0,No
C01310,Female,48.0,88.63,Monthly,18,Credit Card,2,6.0,No
C01311,Male,20.0,59.08,Yearly,5,,1,4.0,Yes
C01312,Female,26.0,63.83,Monthly,15,Bank Transfer,5,7.0,No
C01313,Female,52.0,28.34,Monthly,12,E-Wallet,3,4.0,No
C01314,M,44.0,66.06,Monthly,8,Credit Card,3,7.0,Yes
C01315,Male,30.0,69.32,Two-Year,6,E-Wallet,2,5.0,No
C01316,Female,52.0,45.64,Yearly,5,Credit Card,2,3.0,No
C01317,Female,52.0,139.53,Monthly,1,Credit Card,4,3.0,Yes
C01318,Female,41.0,19.49,Monthly,3,E-Wallet,0,8.0,No
C01319,Male,27.0,77.71,Monthly,1,E-Wallet,2,4.0,No
C01320,Male,33.0,75.25,Yearly,23,Bank Transfer,5,8.0,No
C01321,Male,41.0,69.67,Monthly,24,Credit Card,2,,No
C01322,Male,35.0,59.1,Yearly,23,Cash,0,9.0,No
C01323,Female,49.0,69.95,Monthly,21,E-Wallet,4,7.0,No
C01324,Male,19.0,80.7,Monthly,4,Bank Transfer,3,2.0,Yes
C01325,FEMALE,20.0,39.38,Monthly,9,Cash,1,8.0,No
C01326,Male,40.0,62.47,Monthly,29,Credit Card,0,6.0,No
C01327,Male,,50.27,Yearly,18,,1,9.0,No
C01328,Female,30.0,33.37,Yearly,1,Cash,3,7.0,No
C01329,Female,18.0,75.39,Monthly,8,Bank Transfer,3,8.0,No
C01330,Male,38.0,42.35,Monthly,1,Bank Transfer,4,,No
C01331,Female,37.0,,Yearly,4,Credit Card,1,5.0,No
C01332,Female,45.0,42.84,Monthly,7,Credit Card,1,8.0,No
C01333,Male,38.0,38.11,Monthly,27,Credit Card,1,7.0,No
C01334,Female,36.0,86.73,Monthly,13,Bank Transfer,3,8.0,No
C01335,Female,52.0,58.49,Yearly,6,Credit Card,1,7.0,No
C01336,Female,22.0,101.7,Monthly,9,Credit Card,2,6.0,No
C01337,Male,44.0,40.45,Yearly,21,Bank Transfer,4,4.0,Yes
C01338,Female,18.0,80.91,Yearly,5,E-Wallet,3,6.0,No
C01339,Male,27.0,,Yearly,12,E-Wallet,3,8.0,No
C01340,Male,23.0,64.09,Two-Year,4,E-Wallet,4,6.0,No
C01341,Male,47.0,,Yearly,8,Bank Transfer,1,7.0,No
C01342,Male,37.0,74.6,Monthly,1,Credit Card,4,1.0,Yes
C01343,Female,37.0,28.79,Monthly,23,E-Wallet,2,9.0,No
C01344,Female,24.0,71.07,Monthly,1,,2,8.0,No
C01345,Female,34.0,62.67,Monthly,4,Bank Transfer,2,7.0,No
C01346,Male,28.0,48.58,Monthly,5,Bank Transfer,2,9.0,No
C01347,Male,42.0,36.68,Monthly,12,Bank Transfer,2,7.0,No
C01348,Male,26.0,74.61,Monthly,16,Credit Card,3,9.0,No
C01349,Female,53.0,35.25,Monthly,2,Credit Card,4,6.0,Yes
C01350,Male,18.0,142.61,Yearly,1,Bank Transfer,2,6.0,Yes
C01351,Female,,57.48,Yearly,20,Credit Card,2,7.0,No
C01352,Female,58.0,31.49,Two-Year,15,Cash,0,4.0,No
C01353,Male,32.0,43.32,Monthly,22,Cash,1,9.0,No
C01354,Female,22.0,48.17,Monthly,14,Bank Transfer,2,9.0,No
C01355,M,40.0,161.67,Monthly,17,Cash,3,10.0,No
C01356,Female,32.0,36.67,Monthly,6,E-Wallet,1,6.0,No
C01357,Female,27.0,51.82,Monthly,11,Credit Card,1,7.0,No
C01358,Male,24.0,42.86,Monthly,20,Bank Transfer,1,7.0,No
C01359,Male,71.0,68.35,Monthly,3,Credit Card,2,,No
C01360,Female,34.0,43.17,Yearly,7,E-Wallet,3,7.0,No
C01361,Female,,32.7,Yearly,17,Credit Card,1,7.0,No
C01362,Male,55.0,50.0,Monthly,10,E-Wallet,4,1.0,No
C01363,Female,45.0,47.72,Monthly,14,Bank Transfer,3,5.0,No
C01364,Female,28.0,41.82,Monthly,5,Credit Card ,4,9.0,No
C01365,Female,26.0,42.84,Monthly,1,E-Wallet,5,7.0,Yes
C01366,Male,46.0,93.05,Two-Year,1,E-Wallet,3,3.0,No
C01367,Female,35.0,47.28,Yearly,35,E-Wallet,1,4.0,Yes
C01368,F,18.0,32.77,Monthly,35,E-Wallet,0,,No
C01369,Male,59.0,44.35,Monthly,3,E-Wallet,4,5.0,No
C01370,M,32.0,55.95,Monthly,2,Credit Card,5,8.0,Yes
C01371,Female,55.0,29.92,Monthly,1,Credit Card,1,7.0,No
C01372,Male,53.0,113.49,Two-Year,4,Credit Card,3,8.0,No
C01373,Female,25.0,80.67,Yearly,5,Credit Card,1,7.0,No
C01374,Male,50.0,103.92,Monthly,4,Credit Card,3,6.0,No
C01375,Male,30.0,65.13,Monthly,20,Bank Transfer,2,10.0,No
C01376,Female,18.0,21.28,Yearly,17,Credit Card,3,5.0,No
C01377,Male,32.0,108.95,Monthly,2,Credit Card,2,1.0,Yes
C01378,Male,42.0,37.02,Monthly,15,E-Wallet,1,3.0,No
C01379,Male,32.0,38.4,Monthly,9,Credit Card,2,5.0,No
C01380,Female,34.0,58.58,Monthly,2,Credit Card,6,10.0,No
C01381,Male,51.0,101.51,Monthly,17,Bank Transfer,2,8.0,Yes
C01382,Male,39.0,87.71,Monthly,2,Credit Card,3,4.0,No
C01383,Female,27.0,82.09,Monthly,3,Cash,1,5.0,Yes
C01384,Male,46.0,47.45,Monthly,2,E-Wallet,2,,No
C01385,Female,40.0,47.11,Monthly,34,,1,6.0,No
C01386,Male,,63.79,Yearly,15,Credit Card,0,4.0,No
C01387,Female,43.0,51.49,Monthly,7,Credit Card,2,4.0,No
C01388,Male,42.0,81.47,Yearly,21,E-Wallet,4,5.0,No
C01389,M,38.0,79.32,Monthly,3,Cash,3,4.0,No
C01390,Male,48.0,,Monthly,33,Bank Transfer,3,5.0,No
C01391,Male,29.0,17.52,Yearly,15,E-Wallet,4,7.0,No
C01392,Male,42.0,57.84,Monthly,10,Credit Card,2,7.0,No
C01393,Male,,51.99,Monthly,19,Bank Transfer,2,2.0,No
C01394,Male,42.0,58.89,Monthly,13,Credit Card,4,6.0,No
C01395,Male,61.0,38.88,Monthly,27,Credit Card,2,5.0,No
C01396,Female,26.0,30.08,Yearly,22,Bank Transfer,3,7.0,No
C01397,Male,28.0,67.25,Monthly,3,Credit Card,2,8.0,No
C01398,Male,29.0,46.51, Monthly ,4,E-Wallet,4,8.0,No
C01399,Female,39.0,70.71,Monthly,1,Cash,2,4.0,No
C01400,Female,25.0,40.37,Monthly,3,Credit Card,2,,No
C01401,Male,43.0,103.25,Yearly,6,Credit Card,3,9.0,No
C01402,Male,48.0,,Monthly,1,Credit Card,1,5.0,No
C01403,Male,44.0,62.4,Monthly,5,Credit Card,0,1.0,No
C01404,Female,18.0,49.6,Monthly,18,Bank Transfer,3,8.0,No
C01405,Female,49.0,80.12,Monthly,23,Credit Card,1,4.0,Yes
C01406,Male,49.0,65.15,Monthly,1,Bank Transfer,3,9.0,No
C01407,Female,47.0,,Monthly,1,E-Wallet,4,6.0,Yes
C01408,Female,42.0,87.29,Monthly,2,Credit Card,3,9.0,No
C01409,Female,,103.75,Yearly,25,E-Wallet,0,4.0,No
C01410,Female,,31.08,Yearly,8,Cash,6,6.0,No
C01411,Male,61.0,34.03,Monthly,49,Credit Card,3,7.0,No
C01412,Male,26.0,38.43,Monthly,27,Bank Transfer,1,,No
C01413,Male,50.0,27.77,Monthly,27,,4,7.0,No
C01414,Male,36.0,53.08,Monthly,2,E-Wallet,4,7.0,No
C01415,Female,36.0,71.53,Yearly,8,Credit Card,2,7.0,No
C01416,Female,19.0,54.07,Two-Year,61,E-Wallet,2,4.0,No
C01417,Male,34.0,,Monthly,2,Bank Transfer,2,8.0,No
C01418,Male,26.0,90.64,Monthly,11,Bank Transfer,4,2.0,No
C01419,Male,32.0,58.16,Monthly,6,E-Wallet,0,7.0,No
C01420,Female,24.0,63.71,Monthly,6,Cash,4,3.0,Yes
C01421,Male,32.0,91.78,Monthly,27,E-Wallet,3,7.0,No
C01422,Male,33.0,51.65,Monthly,11,,0,6.0,No
C01423,Male,39.0,137.98,Monthly,18,Credit Card,1,6.0,No
C01424,Male,18.0,44.63,Monthly,14,Credit Card,3,7.0,Yes
C01425,Female,20.0,134.17,Monthly,10,Bank Transfer,5,6.0,No
C01426,Female,42.0,35.21,Monthly,19,Credit Card,3,7.0,No
C01427,Male,28.0,68.91,Yearly,43,,2,8.0,No
C01428,Female,50.0,40.89,Yearly,41,Credit Card,2,1.0,Yes
C01429,Female,40.0,90.36,Two-Year,19,Bank Transfer,1,10.0,No
C01430,Female,45.0,44.03,Monthly,9,E-Wallet,0,4.0,No
C01431,Male,54.0,62.23,Monthly,3,Credit Card ,4,7.0,No
C01432,Male,34.0,40.74,Monthly,1,Credit Card,3,8.0,No
C01433,Male,31.0,83.24,Yearly,4,E-Wallet,4,8.0,No
C01434,FEMALE,48.0,40.65,Monthly,5,E-Wallet,4,8.0,No
C01435,Male,,116.46,Monthly,2,Bank Transfer,5,4.0,Yes
C01436,Male,35.0,34.88,Monthly,4,E-Wallet,2,6.0,No
C01437,Male,54.0,29.8,Two-Year,2,,3,8.0,Yes
C01438,Female,35.0,,Yearly,9,Credit Card,3,6.0,No
C01439,Male,38.0,41.84,Monthly,2,Credit Card,3,8.0,No
C01440,Female,38.0,54.42,Yearly,17,E-Wallet,6,7.0,No
C01441,Female,26.0,47.23,Monthly,5,Credit Card,3,7.0,No
C01442,Male,38.0,30.24,Monthly,14,E-Wallet,0,9.0,No
C01443,Female,54.0,52.74,Yearly,26,Credit Card,2,3.0,No
C01444,Male,43.0,96.47,Monthly,2,E-Wallet,3,3.0,No
C01445,Female,38.0,85.75,Monthly,55,Credit Card,2,8.0,No
C01446,Male,36.0,60.6,Yearly,13,Bank Transfer,4,6.0,No
C01447,Female,41.0,90.06,Monthly,1,E-Wallet,2,6.0,No
C01448,Female,46.0,33.89,Two-Year,5,E-Wallet,2,6.0,No
C01449,Female,45.0,47.16,Monthly,27,E-Wallet,1,9.0,No
C01450,Female,34.0,65.24,Monthly,11,Bank Transfer,3,6.0,No
C01451,M,41.0,51.49,Monthly,5,Bank Transfer,3,7.0,No
C01452,Female,43.0,48.86,Yearly,34,Credit Card,1,7.0,No
C01453,Female,25.0,31.81,Monthly,19,Credit Card,2,9.0,Yes
C01454,Female,40.0,21.4,Monthly,16,E-Wallet,2,7.0,No
C01455,Male,18.0,78.89,Monthly,27,Cash,1,7.0,No
C01456,Female,,60.91,Yearly,18,Bank Transfer,1,4.0,No
C01457,Female,45.0,81.93,Monthly,5,E-Wallet,4,4.0,No
C01458,Female,46.0,44.85,Monthly,11,,1,5.0,No
C01459,male,33.0,39.62,Monthly,23,Cash,0,6.0,No
C01460,FEMALE,41.0,54.76,Monthly,3,E-Wallet,2,,No
C01461,Male,55.0,80.19,Monthly,3,Bank Transfer,0,6.0,No
C01462,Female,54.0,49.2,Monthly,3,Credit Card,0,,No
C01463,Male,37.0,78.32,Yearly,3,Credit Card,5,2.0,No
C01464,Female,39.0,, Monthly ,2,Credit Card,2,6.0,No
C01465,male,51.0,50.77,Monthly,22,E-Wallet,2,5.0,Yes
C01466,Male,19.0,52.9,Monthly,21,Bank Transfer,6,8.0,Yes
C01467,Female,34.0,94.81,Two-Year,2,Bank Transfer,3,7.0,Yes
C01468,Male,54.0,59.95,Monthly,15,Cash,1,9.0,No
C01469,Female,49.0,119.79,Yearly,12,E-Wallet,3,9.0,Yes
C01470,male,42.0,29.77,Yearly,4,E-Wallet,3,10.0,No
C01471,Female,19.0,57.89,Monthly,4,Credit Card,2,,No
C01472,Female,37.0,59.19,Monthly,4,Credit Card,1,8.0,No
C01473,Female,30.0,72.17,Monthly,16,Credit Card,1,6.0,No
C01474,Male,41.0,37.86,Yearly,5,E-Wallet,2,6.0,No
C01475,Male,28.0,116.51, Monthly ,4,Bank Transfer,3,4.0,Yes
C01476,Female,25.0,54.92,Yearly,1,Credit Card,2,5.0,No
C01477,Female,18.0,33.48,Monthly,29,E-Wallet,5,10.0,No
C01478,Female,52.0,54.21,Monthly,17,Credit Card,4,6.0,No
C01479,Female,33.0,47.42,Monthly,8,Bank Transfer,1,3.0,Yes
C01480,Male,39.0,191.03,Monthly,35,E-Wallet,3,5.0,No
C01481,Female,37.0,87.57,Monthly,5,Bank Transfer,3,6.0,No
C01482,Male,25.0,55.83,Monthly,14,Cash,2,4.0,Yes
C01483,Female,,51.92,Monthly,5,Bank Transfer,3,8.0,No
C01484,Male,25.0,83.76,Monthly,5,Credit Card,1,6.0,Yes
C01485,Male,29.0,85.58,Monthly,23,Credit Card,1,7.0,No
C01486,Male,42.0,14.73,Yearly,19,Bank Transfer,3,3.0,No
C01487,Male,28.0,72.92,Monthly,5,E-Wallet,1,4.0,Yes
C01488,Female,58.0,55.29,Yearly,2,Cash,2,4.0,Yes
C01489,Male,50.0,30.26,Monthly,6,Cash,2,8.0,No
C01490,Male,47.0,81.13,Monthly,18,Bank Transfer,1,6.0,No
C01491,Male,36.0,,Monthly,2,Bank Transfer,1,7.0,Yes
C01492,Male,56.0,70.14,Monthly,14,Bank Transfer,2,10.0,No
C01493,Male,35.0,89.59,Monthly,27,Bank Transfer,1,5.0,No
C01494,F,37.0,122.96,Yearly,3,Credit Card,3,,No
C01495,Female,40.0,37.58,Monthly,24,Credit Card,3,6.0,No
C01496,Female,46.0,23.67,Monthly,1,,5,,Yes
C01497,Female,45.0,73.38,Monthly,14,Credit Card,4,7.0,No
C01498,Male,32.0,48.84,Monthly,19,E-Wallet,6,5.0,No
C01499,Male,31.0,29.42,Monthly,8, E-Wallet,3,3.0,Yes
C01500,Female,45.0,52.71,Monthly,3,Bank Transfer,1,1.0,Yes
C01501,F,46.0,75.75,Monthly,32,Credit Card,6,7.0,No
C01502,Male,33.0,3149.0,Monthly,1,Bank Transfer,0,7.0,No
C01503,Male,18.0,38.32,Monthly,10,Bank Transfer,3,8.0,No
C01504,male,35.0,49.37,Monthly,6,Bank Transfer,6,9.0,No
C01505,Male,45.0,,Monthly,8,E-Wallet,4,6.0,No
C01506,Male,59.0,22.91,Monthly,10,E-Wallet,5,6.0,No
C01507,Female,23.0,,Yearly,10,E-Wallet,2,3.0,Yes
C01508,Female,32.0,29.82,Monthly,3,Bank Transfer,2,10.0,No
C01509,F,33.0,73.45,Monthly,14,Credit Card,2,1.0,No
C01510,Female,54.0,,Monthly,1,Bank Transfer,1,6.0,No
C01511,Female,37.0,,Yearly,1,,3,,No
C01512,Female,27.0,45.42,Two-Year,8,E-Wallet,2,5.0,No
C01513,Female,44.0,42.76,Monthly,10,Credit Card,0,4.0,No
C01514,Male,33.0,62.33,Monthly,4,E-Wallet,3,8.0,No
C01515,Male,,36.98,Monthly,10,Credit Card,1,10.0,No
C01516,Male,27.0,61.89,Monthly,9,Bank Transfer,3,10.0,Yes
C01517,Female,58.0,39.27,Monthly,6,E-Wallet,3,4.0,No
C01518,Female,42.0,42.5,Monthly,13,Bank Transfer,3,7.0,No
C01519,Male,39.0,65.52,Monthly,39,Bank Transfer,1,9.0,No
C01520,male,35.0,32.71,Monthly,9,Credit Card,0,8.0,No
C01521,Male,41.0,30.91,Yearly,19,Credit Card,7,7.0,No
C01522,Female,41.0,61.05,Monthly,4,E-Wallet,0,5.0,No
C01523,Male,,53.94,Monthly,18,E-Wallet,3,6.0,No
C01524,Male,39.0,58.9,Monthly,13,E-Wallet,3,5.0,No
C01525,Male,48.0,63.27,Two-Year,13,Credit Card,0,4.0,No
C01526,Male,38.0,56.03,Monthly,27,E-Wallet,3,4.0,No
C01527,Male,26.0,71.78,Monthly,4,Credit Card,1,5.0,Yes
C01528,Male,30.0,57.05,Yearly,6,Credit Card,8,8.0,Yes
C01529,Female,18.0,22.13,Monthly,2,Bank Transfer,3,8.0,No
C01530,Female,62.0,24.86,Monthly,16,Bank Transfer,1,6.0,No
C01531,Male,48.0,130.01,Monthly,23,Credit Card,2,5.0,No
C01532,Female,28.0,54.6,Yearly,7,Credit Card,1,2.0,No
C01533,Female,34.0,83.73,Two-Year,6,Bank Transfer,5,6.0,No
C01534,Male,30.0,46.73,Yearly,13,Credit Card,0,7.0,No
C01535,Male,56.0,53.19,Two-Year,1,Credit Card,1,10.0,No
C01536,Male,20.0,44.52,Monthly,5,Bank Transfer,2,9.0,Yes
C01537,Male,39.0,165.62,Two-Year,6,Credit Card,3,7.0,No
C01538,Female,36.0,61.19,Monthly,9,Bank Transfer,2,6.0,No
C01539,Male,47.0,42.92,Two-Year,8,Cash,6,4.0,No
C01540,Female,36.0,25.97,Monthly,3,Credit Card,3,7.0,Yes
C01541,Female,,132.71,Yearly,10,Cash,4,7.0,No
C01542,Male,34.0,50.73,Monthly,32,Credit Card,2,7.0,No
C01543,Female,26.0,76.32,Monthly,1,Credit Card,4,5.0,No
C01544,Male,38.0,80.25,Monthly,14,E-Wallet,1,10.0,No
C01545,male,55.0,44.33,Monthly,12,E-Wallet,2,10.0,No
C01546,Male,18.0,73.89,Monthly,31,Bank Transfer,2,6.0,Yes
C01547,F,28.0,41.6,Two-Year,13,Credit Card,2,8.0,No
C01548,Female,31.0,34.96,Monthly,12,E-Wallet,1,3.0,Yes
C01549,Male,33.0,92.2,Two-Year,18,Cash,3,4.0,No
C01550,Female,46.0,50.85, Monthly ,4,Cash,3,8.0,No
C01551,Female,35.0,68.95,Monthly,11,Bank Transfer,3,8.0,Yes
C01552,Female,42.0,65.69,Monthly,9,E-Wallet,2,8.0,No
C01553,Female,30.0,72.75,Monthly,7,,3,7.0,No
C01554,Female,40.0,,Monthly,1,E-Wallet,3,8.0,No
C01555,Male,47.0,41.96,Monthly,5,Cash,5,4.0,No
C01556,Male,29.0,47.18,Monthly,4,E-Wallet,2,6.0,No
C01557,Female,47.0,37.56,Monthly,16,E-Wallet,1,10.0,No
C01558,Male,38.0,66.22,Monthly,31,Credit Card,3,6.0,No
C01559,Female,50.0,93.14,Monthly,4,Bank Transfer,1,9.0,Yes
C01560,Female,,100.02,Monthly,1,E-Wallet,3,6.0,No
C01561,Male,42.0,46.87,Yearly,72,Credit Card,1,7.0,No
C01562,Male,37.0,62.26,Monthly,15,Credit Card,7,9.0,No
C01563,Female,36.0,66.72,Monthly,27,Credit Card,2,4.0,No
C01564,Male,41.0,,Monthly,2,Cash,4,9.0,Yes
C01565,Female,44.0,36.78,Yearly,20,E-Wallet,1,6.0,No
C01566,Male,23.0,123.87,Monthly,21,Credit Card,2,8.0,Yes
C01567,Female,55.0,82.84,Monthly,2,Credit Card,1,5.0,Yes
C01568,Male,18.0,83.82,Monthly,3,E-Wallet,0,5.0,No
C01569,Female,29.0,93.84,Two-Year,5,Bank Transfer,0,4.0,No
C01570,Male,36.0,69.43,Two-Year,3,Credit Card,7,5.0,No
C01571,Female,42.0,34.39,Monthly,45,Cash,2,7.0,No
C01572,Male,56.0,51.29,Yearly,6,Bank Transfer,3,7.0,No
C01573,Female,18.0,25.97,Monthly,18,E-Wallet,2,8.0,No
C01574,Female,31.0,65.81,Monthly,20,E-Wallet,3,6.0,No
C01575,Male,18.0,50.6,Monthly,6,Credit Card,5,9.0,No
C01576,Male,38.0,53.61,Monthly,14,Bank Transfer,1,9.0,No
C01577,Male,41.0,93.86,Yearly,2,Bank Transfer,1,15.0,No
C01578,Female,57.0,44.45,Two-Year,7,Cash,0,1.0,No
C01579,Female,39.0,48.74,Monthly,42,Credit Card,2,7.0,Yes
C01580,Female,50.0,,Monthly,3,E-Wallet,2,6.0,No
C01581,Male,45.0,23.86,Monthly,6,Bank Transfer,2,4.0,No
C01582,Male,32.0,48.44, Monthly ,19,E-Wallet,4,10.0,Yes
C01583,Female,21.0,17.84,Two-Year,14,E-Wallet,0,6.0,No
C01584,Male,,41.95,Yearly,12,Credit Card,4,4.0,No
C01585,Female,20.0,80.22,Monthly,24,Credit Card,4,10.0,Yes
C01586,Male,53.0,66.77,Monthly,1,Credit Card,0,6.0,No
C01587,Female,,,Yearly,18,Bank Transfer,4,6.0,No
C01588,Male,52.0,55.61,Monthly,26,Cash,5,7.0,No
C01589,Male,32.0,33.66,Two-Year,1,Credit Card,3,4.0,Yes
C01590,Female,41.0,54.54,Monthly,10,Bank Transfer,1,5.0,Yes
C01591,Female,40.0,204.11,Monthly,6,E-Wallet,5,6.0,No
C01592,Female,37.0,125.29,Monthly,1,Cash,2,10.0,No
C01593,Male,32.0,,Monthly,7,E-Wallet,5,5.0,No
C01594,Male,,58.68,Monthly,13,E-Wallet,4,8.0,No
C01595,Female,26.0,35.13,Monthly,31,,3,7.0,Yes
C01596,Female,23.0,38.06,Yearly,12,Credit Card,3,6.0,No
C01597,Male,52.0,64.26,Monthly,24,Credit Card,2,5.0,No
C01598,Male,46.0,43.11,Monthly,2,Bank Transfer,5,4.0,Yes
C01599,Male,38.0,82.01,Yearly,3,Bank Transfer,2,10.0,No
C01600,Female,57.0,110.65,Yearly,43,Credit Card,2,9.0,Yes
C01601,Male,34.0,63.41,Monthly,27,Credit Card,3,6.0,No
C01602,Male,53.0,,Yearly,4,Credit Card,1,6.0,No
C01603,Male,40.0,25.63,Two-Year,12,,2,5.0,No
C01604,Male,25.0,76.43,Monthly,6,,3,4.0,No
C01605,Male,60.0,,Monthly,8,Cash,4,5.0,No
C01606,Male,49.0,45.24,Monthly,24,Credit Card,2,6.0,Yes
C01607,Male,36.0,84.08,Monthly,16,Credit Card,1,9.0,No
C01608,Female,46.0,86.78,Monthly,4,E-Wallet,4,,No
C01609,Male,33.0,44.26,Monthly,5,Credit Card,1,5.0,Yes
C01610,Female,47.0,45.42,Two-Year,5,Cash,3,,No
C01611,Female,18.0,39.86,Monthly,19,Credit Card,1,5.0,No
C01612,Female,25.0,31.85,Monthly,9,Bank Transfer,3,6.0,No
C01613,Female,49.0,41.03,Yearly,37,E-Wallet,4,9.0,No
C01614,Male,35.0,26.42,Monthly,21,Credit Card,1,,No
C01615,Male,40.0,74.25,Monthly,3,Credit Card,3,5.0,No
C01616,Female,,65.2,Monthly,19,E-Wallet,0,5.0,Yes
C01617,Female,60.0,70.26,Monthly,9,Cash,0,7.0,No
C01618,Female,52.0,35.54,Two-Year,4,E-Wallet,2,3.0,No
C01619,Female,35.0,31.89,Monthly,6,E-Wallet,1,6.0,No
C01620,Female,,55.93,Yearly,43,Cash,2,4.0,Yes
C01621,Male,50.0,56.2,Monthly,8,Credit Card,1,6.0,No
C01622,FEMALE,61.0,51.1,Yearly,16,Credit Card,1,8.0,No
C01623,Female,49.0,47.93,Monthly,8,Credit Card,1,4.0,No
C01624,Female,64.0,117.9,Monthly,6,Credit Card,3,4.0,Yes
C01625,Male,26.0,66.14,Two-Year,20,,1,5.0,Yes
C01626,Female,28.0,132.53,Monthly,23,Credit Card,0,5.0,No
C01627,Male,23.0,96.64,Monthly,1,Credit Card,2,8.0,No
C01628,Female,43.0,117.5,Monthly,4,Credit Card,3,3.0,Yes
C01629,Male,40.0,33.67,Monthly,9,,2,6.0,No
C01630,Male,36.0,71.3,Yearly,5,Credit Card,4,5.0,No
C01631,Female,47.0,44.96,Yearly,19,Credit Card,5,4.0,No
C01632,Male,52.0,25.83,Monthly,2,E-Wallet,1,4.0,No
C01633,Female,,107.04,Two-Year,20,E-Wallet,2,5.0,No
C01634,Female,30.0,,Monthly,12,E-Wallet,3,4.0,Yes
C01635,Female,47.0,33.96,Monthly,5, E-Wallet,1,5.0,No
C01636,Male,32.0,45.31,Monthly,6,Cash,2,6.0,No
C01637,Male,28.0,38.16,Monthly,3,Credit Card,4,4.0,No
C01638,Male,50.0,39.96,Monthly,4,Cash,1,6.0,No
C01639,male,,49.42,Monthly,16,Bank Transfer,3,7.0,No
C01640,Female,34.0,118.97,Two-Year,6,Credit Card,2,,No
C01641,Female,41.0,40.45,Monthly,14,E-Wallet,0,6.0,Yes
C01642,Female,31.0,115.2,Monthly,9,Credit Card,5,7.0,No
C01643,Female,47.0,80.0,Monthly,2,Credit Card,6,3.0,No
C01644,Female,31.0,,Monthly,9,Credit Card,4,4.0,Yes
C01645,Male,54.0,76.45,Monthly,17,Bank Transfer,2,7.0,Yes
C01646,Female,36.0,54.93,Monthly,5,E-Wallet,0,6.0,No
C01647,Male,46.0,97.39,Monthly,13,Credit Card,4,6.0,No
C01648,Female,46.0,70.47,Monthly,3,E-Wallet,2,5.0,No
C01649,Female,30.0,25.81,Yearly,2,Credit Card,5,8.0,No
C01650,Female,18.0,62.38,Two-Year,6,Credit Card,3,9.0,No
C01651,Male,42.0,77.69,Monthly,6,Credit Card,1,5.0,No
C01652,Male,38.0,47.94,Monthly,18,E-Wallet,4,6.0,No
C01653,Male,44.0,57.79,Monthly,8,Cash,3,8.0,No
C01654,Male,35.0,41.44,Yearly,2,,0,8.0,No
C01655,Male,32.0,29.37,Monthly,13,Cash,2,5.0,No
C01656,Female,62.0,27.18,Monthly,8,E-Wallet,1,3.0,No
C01657,Female,20.0,27.34,Monthly,5,Credit Card,3,10.0,No
C01658,Male,46.0,73.78,Yearly,20,Bank Transfer,5,4.0,No
C01659,Male,31.0,17.8,Monthly,3,E-Wallet,2,10.0,No
C01660,Male,,40.45,Monthly,30,Bank Transfer,2,10.0,No
C01661,Female,34.0,38.69,Monthly,5,Bank Transfer,3,8.0,No
C01662,F,28.0,48.09,Monthly,8,Bank Transfer,0,8.0,No
C01663,Female,44.0,23.68,Yearly,32,Credit Card,2,6.0,No
C01664,Male,54.0,65.48,Yearly,18,Credit Card,3,,No
C01665,Female,43.0,30.79,Yearly,1,,3,5.0,No
C01666,Female,39.0,3858.0,Monthly,11,E-Wallet,3,9.0,No
C01667,Male,26.0,41.27,Monthly,5,E-Wallet,1,10.0,No
C01668,Female,44.0,52.3,Monthly,9,Bank Transfer,3,9.0,No
C01669,Male,63.0,54.69,Monthly,17,Credit Card,1,0.0,Yes
C01670,Female,33.0,60.94,Yearly,9,Credit Card,0,4.0,No
C01671,Male,33.0,,Monthly,1,E-Wallet,5,10.0,No
C01672,Female,31.0,,Monthly,10,Bank Transfer,2,4.0,No
C01673,Female,32.0,63.71,Two-Year,1,Bank Transfer,5,7.0,No
C01674,Female,18.0,67.34,Two-Year,6,Credit Card,3,8.0,No
C01675,Female,42.0,38.69,Monthly,8,Credit Card,4,,No
C01676,Male,27.0,66.15,Monthly,13,Credit Card,2,9.0,Yes
C01677,Male,18.0,93.34,Monthly,9,E-Wallet,0,6.0,No
C01678,Male,47.0,75.01,Two-Year,2,Bank Transfer,4,5.0,No
C01679,Male,25.0,83.06,Monthly,33,Bank Transfer,4,4.0,No
C01680,Female,33.0,58.99,Two-Year,13,Cash,7,2.0,Yes
C01681,Male,55.0,35.83,Monthly,5,Credit Card,3,7.0,No
C01682,Female,21.0,37.93,Monthly,41,Credit Card,4,9.0,No
C01683,Female,19.0,63.05,Monthly,26,Credit Card,2,5.0,No
C01684,Female,41.0,83.45,Monthly,2,Bank Transfer,3,7.0,No
C01685,Male,51.0,191.27,Two-Year,13,E-Wallet,5,8.0,No
C01686,Female,19.0,84.93,Monthly,10,E-Wallet,1,6.0,Yes
C01687,Female,42.0,32.24,Monthly,3,Bank Transfer,0,8.0,No
C01688,Male,44.0,38.66,Monthly,4,E-Wallet,5,10.0,No
C01689,Female,18.0,152.22,Yearly,10,E-Wallet,0,6.0,No
C01690,Female,47.0,49.58,Monthly,5,Bank Transfer,5,7.0,No
C01691,Male,48.0,55.78,Yearly,22,Credit Card,2,7.0,No
C01692,Male,34.0,35.44,Monthly,2,E-Wallet,2,3.0,Yes
C01693,Male,53.0,110.42,Monthly,30,E-Wallet,1,2.0,No
C01694,Male,51.0,68.38,Monthly,23,Bank Transfer,3,7.0,No
C01695,Male,39.0,38.53,Monthly,17,Credit Card,3,6.0,No
C01696,Male,32.0,34.91,Monthly,4,Credit Card,4,,Yes
C01697,Male,26.0,62.69,Two-Year,16,Bank Transfer,3,7.0,No
C01698,Male,37.0,55.7,Monthly,7,Credit Card,4,8.0,No
C01699,Female,44.0,79.4,Monthly,13,Bank Transfer,3,4.0,No
C01700,Female,34.0,69.84,Monthly,5,Credit Card,2,5.0,No
C01701,Female,18.0,48.47,Monthly,22,Bank Transfer,3,1.0,Yes
C01702,Male,53.0,42.75,Yearly,1,Credit Card,2,8.0,No
C01703,Male,40.0,50.81,Yearly,15,Cash,2,9.0,No
C01704,Male,33.0,42.61,Monthly,22,Credit Card,1,7.0,Yes
C01705,Male,48.0,51.49,Monthly,13,Bank Transfer,3,3.0,Yes
C01706,Male,56.0,55.0,Monthly,3,Credit Card ,1,9.0,No
C01707,Female,18.0,36.45,Monthly,5,Credit Card,2,7.0,No
C01708,Male,43.0,72.52,Monthly,9,E-Wallet,5,5.0,Yes
C01709,Female,20.0,46.22,Yearly,5,Credit Card,1,8.0,Yes
C01710,Female,43.0,37.38,Monthly,1,Bank Transfer,1,7.0,No
C01711,Male,39.0,46.61,Monthly,1,Credit Card,2,5.0,No
C01712,Male,45.0,60.89,Monthly,18,Bank Transfer,3,4.0,Yes
C01713,Female,32.0,56.68,Monthly,2,E-Wallet,4,5.0,No
C01714,Male,18.0,66.02,Monthly,32,Cash,1,7.0,No
C01715,Male,32.0,81.8,Monthly,8,Bank Transfer,3,8.0,No
C01716,Female,42.0,98.22,Yearly,18,E-Wallet,2,5.0,No
C01717,Male,50.0,62.08,Monthly,2,E-Wallet,0,5.0,No
C01718,Female,23.0,33.74,Monthly,32, E-Wallet,2,5.0,No
C01719,Female,50.0,48.37,Yearly,1,E-Wallet,2,8.0,No
C01720,Male,30.0,34.75,Yearly,1,Bank Transfer,1,8.0,No
C01721,Male,42.0,117.17,Monthly,1,Credit Card,2,6.0,No
C01722,Male,31.0,133.53,Monthly,2,Cash,3,4.0,No
C01723,Male,40.0,73.16,Yearly,9,Credit Card,1,7.0,No
C01724,Male,48.0,80.34,Monthly,19,Bank Transfer,3,3.0,No
C01725,Female,23.0,61.13,Monthly,5,Bank Transfer,1,4.0,Yes
C01726,Male,29.0,64.37,Monthly,17,Bank Transfer,1,8.0,Yes
C01727,Male,40.0,26.61,Two-Year,18,E-Wallet,1,10.0,No
C01728,Female,66.0,52.81,Monthly,29,Credit Card,3,2.0,No
C01729,Female,27.0,36.73,Monthly,2,Credit Card,3,7.0,No
C01730,Female,62.0,61.97,Monthly,2,Credit Card,3,1.0,No
C01731,Male,62.0,53.15,Yearly,2,Credit Card,4,6.0,Yes
C01732,Female,36.0,131.11,Monthly,6,E-Wallet,2,5.0,No
C01733,Female,34.0,82.47,Yearly,9,E-Wallet,1,7.0,No
C01734,Male,29.0,62.06,Monthly,8,Bank Transfer,2,7.0,No
C01735,Male,37.0,48.42,Monthly,4,Credit Card,1,8.0,Yes
C01736,Female,21.0,116.07,Yearly,12,Bank Transfer,5,4.0,No
C01737,Male,37.0,53.87,Monthly,5,Credit Card,3,,No
C01738,Male,55.0,63.39,Two-Year,6,Credit Card ,8,,No
C01739,Male,30.0,55.65,Yearly,2,Credit Card,6,6.0,No
C01740,Male,35.0,45.52,Two-Year,11,Bank Transfer,1,8.0,No
C01741,Female,18.0,55.5,Yearly,13,Bank Transfer,3,9.0,No
C01742,Female,42.0,22.58,Yearly,18,Cash,4,7.0,No
C01743,FEMALE,41.0,27.21,Monthly,29,Credit Card,3,,No
C01744,Male,38.0,63.9,Monthly,18,,2,9.0,No
C01745,F,35.0,110.57,Monthly,4,Cash,1,6.0,No
C01746,Male,34.0,63.86,Monthly,4,Bank Transfer,3,8.0,No
C01747,Male,44.0,39.48,Yearly,30,E-Wallet,1,6.0,No
C01748,Male,150.0,28.52,Monthly,19,E-Wallet,5,3.0,No
C01749,Female,41.0,77.71,Monthly,19,Credit Card,6,5.0,No
C01750,Male,40.0,42.3,Yearly,16,Credit Card,4,8.0,No
C01751,Female,51.0,72.93,Two-Year,4,Credit Card,3,4.0,No
C01752,Male,46.0,65.07,Yearly,23,E-Wallet,4,6.0,No
C01753,Male,40.0,67.71,Yearly,2,E-Wallet,1,9.0,Yes
C01754,Male,56.0,55.43,Monthly,6,E-Wallet,5,8.0,No
C01755,Female,,64.89,Yearly,6,Bank Transfer,1,10.0,No
C01756,Female,53.0,51.74,Monthly,10,Credit Card,0,6.0,No
C01757,Female,45.0,41.02,Two-Year,8,Bank Transfer,2,8.0,No
C01758,Male,18.0,35.39,Monthly,8,Cash,2,7.0,No
C01759,Male,53.0,18.67,Yearly,10,E-Wallet,3,3.0,No
C01760,Female,39.0,50.32,Monthly,7,Credit Card,1,9.0,No
C01761,Male,37.0,108.17,Monthly,4,Credit Card,1,6.0,No
C01762,Female,41.0,75.83,Yearly,14,E-Wallet,0,7.0,No
C01763,Male,33.0,60.49,Yearly,19,Bank Transfer,2,8.0,No
C01764,Male,40.0,39.24,Yearly,8,Bank Transfer,2,6.0,No
C01765,Male,30.0,,Monthly,13,Bank Transfer,3,3.0,No
C01766,Male,53.0,,Monthly,10,Credit Card,2,3.0,Yes
C01767,Female,36.0,110.91,Monthly,1,Credit Card,5,6.0,No
C01768,Male,33.0,35.11,Monthly,7,Credit Card,3,5.0,No
C01769,Male,,38.96,Monthly,1,Credit Card,0,6.0,Yes
C01770,Male,41.0,37.29,Yearly,14,Credit Card,4,4.0,Yes
C01771,Male,40.0,28.02,Monthly,9,Credit Card,4,5.0,No
C01772,Female,42.0,35.81,Yearly,2,,1,5.0,No
C01773,Female,,57.19,Monthly,10,Credit Card,0,5.0,No
C01774,Female,18.0,39.63,Monthly,28,Credit Card,2,6.0,No
C01775,Female,45.0,9.63,Monthly,5,Bank Transfer,3,8.0,No
C01776,Male,55.0,88.54,Yearly,49,Cash,1,9.0,No
C01777,Female,25.0,25.59,Yearly,39,,6,9.0,No
C01778,Male,57.0,71.18,Monthly,19,Credit Card,1,6.0,No
C01779,Male,,55.37,Monthly,21,Credit Card,5,5.0,No
C01780,Female,37.0,,Monthly,7,E-Wallet,1,4.0,No
C01781,Male,33.0,85.51,Yearly,7,Credit Card,5,7.0,No
C01782,Female,21.0,43.51,Yearly,38,Credit Card,3,6.0,No
C01783,Male,49.0,39.81,Monthly,6,Cash,0,7.0,No
C01784,Female,28.0,107.36,Monthly,2,Credit Card,3,7.0,No
C01785,Female,28.0,28.1,Monthly,2,Cash,2,9.0,No
C01786,Female,49.0,59.5,Monthly,15,E-Wallet,3,7.0,No
C01787,Female,18.0,51.47,Monthly,6,E-Wallet,5,7.0,Yes
C01788,Female,19.0,46.78,Monthly,3,Bank Transfer,1,5.0,No
C01789,Male,37.0,,Monthly,21,Credit Card,2,10.0,No
C01790,Male,41.0,,Monthly,9,E-Wallet,1,6.0,No
C01791,Male,43.0,67.08,Monthly,11,Credit Card,1,6.0,No
C01792,Female,34.0,58.12,Monthly,3,,3,7.0,No
C01793,FEMALE,68.0,65.89,Monthly,3,Credit Card,1,5.0,No
C01794,Female,35.0,56.94,Monthly,2,Credit Card,0,8.0,No
C01795,Male,35.0,40.58,Monthly,9,Bank Transfer,2,10.0,No
C01796,Male,,54.7,Monthly,18,Bank Transfer,5,5.0,No
C01797,Female,39.0,39.59,Yearly,16,Credit Card,2,7.0,No
C01798,FEMALE,45.0,38.43,Two-Year,4,Bank Transfer,3,6.0,No
C01799,Male,52.0,46.93,Monthly,23,E-Wallet,4,7.0,No
C01800,Male,20.0,51.74,Monthly,2,Bank Transfer,2,8.0,No
C01801,Female,35.0,55.47,Yearly,2,,4,7.0,No
C01802,Female,43.0,750.0,Two-Year,23,E-Wallet,4,8.0,No
C01803,Male,45.0,43.63,Monthly,4,E-Wallet,2,4.0,Yes
C01804,Male,38.0,59.66,Monthly,15,Bank Transfer,2,8.0,Yes
C01805,Male,,57.58,Yearly,1,Cash,2,7.0,Yes
C01806,Female,28.0,41.52,Monthly,2,Credit Card,3,10.0,Yes
C01807,Female,56.0,56.44, Monthly ,12,Credit Card,4,6.0,No
C01808,Male,49.0,85.73,Monthly,3,E-Wallet,4,10.0,Yes
C01809,Male,21.0,59.38,Yearly,1,Credit Card,3,9.0,No
C01810,Male,25.0,60.46,Monthly,8,E-Wallet,4,8.0,Yes
C01811,Female,25.0,39.75,Monthly,5,,2,7.0,No
C01812,Female,46.0,132.42,Two-Year,20,E-Wallet,2,10.0,No
C01813,Male,22.0,40.78,Monthly,21,Bank Transfer,4,5.0,Yes
C01814,Male,34.0,25.78,Monthly,12,Credit Card,4,8.0,No
C01815,Male,43.0,80.41,Yearly,5,E-Wallet,2,10.0,No
C01816,Female,37.0,51.85,Monthly,8,E-Wallet,2,,Yes
C01817,Male,41.0,47.64,Monthly,15,Cash,4,8.0,No
C01818,Female,25.0,42.71,Monthly,1,Bank Transfer,1,5.0,No
C01819,Female,45.0,126.76,Monthly,5,Bank Transfer,1,10.0,No
C01820,Male,30.0,64.04,Yearly,21,E-Wallet,2,6.0,No
C01821,Male,34.0,69.92, Monthly ,7,Credit Card,2,6.0,No
C01822,Male,40.0,58.74,Monthly,12,Credit Card,1,5.0,No
C01823,Female,39.0,61.65,Monthly,2,Credit Card,4,6.0,No
C01824,Female,38.0,102.45,Monthly,19,Cash,4,6.0,No
C01825,Female,28.0,48.77,Yearly,2,Credit Card,1,7.0,No
C01826,Female,34.0,28.34,Yearly,24,E-Wallet,5,6.0,No
C01827,Male,38.0,80.69,Two-Year,2,Bank Transfer,2,2.0,No
C01828,Female,21.0,68.27,Two-Year,27,Credit Card,0,8.0,No
C01829,F,32.0,57.32,Monthly,6,Cash,3,10.0,No
C01830,Male,42.0,67.48,Monthly,12,Bank Transfer,4,4.0,No
C01831,Female,22.0,46.21,Monthly,23,Bank Transfer,1,7.0,No
C01832,Female,51.0,55.11,Monthly,1,Credit Card,5,10.0,No
C01833,F,53.0,51.46,Monthly,4,Credit Card,4,6.0,No
C01834,Female,23.0,41.84,Yearly,29,E-Wallet,1,6.0,No
C01835,Female,54.0,93.24,Monthly,6, E-Wallet,2,5.0,No
C01836,male,36.0,28.92,Monthly,15,Bank Transfer,5,9.0,Yes
C01837,Male,43.0,157.97,Monthly,2,Credit Card,2,8.0,No
C01838,Male,32.0,81.03,Yearly,14,E-Wallet,2,5.0,No
C01839,Female,,24.53,Monthly,1,E-Wallet,4,7.0,No
C01840,Male,42.0,49.36,Monthly,16,E-Wallet,3,5.0,No
C01841,Male,28.0,50.61,Monthly,5,Credit Card,1,5.0,No
C01842,Male,24.0,,Yearly,8,Bank Transfer,2,5.0,No
C01843,Male,20.0,34.98,Monthly,3,Credit Card,2,6.0,No
C01844,Female,,55.39,Two-Year,12,Credit Card,4,5.0,No
C01845,Female,44.0,51.7,Monthly,5,,3,7.0,No
C01846,Male,45.0,39.18,Two-Year,6,Cash,2,10.0,No
C01847,Male,36.0,36.8,Yearly,13,Cash,2,5.0,Yes
C01848,Male,24.0,82.55,Monthly,3,Credit Card ,5,5.0,Yes
C01849,Female,29.0,25.45,Monthly,23,Bank Transfer,5,7.0,No
C01850,Female,,67.7,Monthly,17,Bank Transfer,0,15.0,No
C01851,Male,32.0,78.17,Yearly,11,Credit Card,2,5.0,No
C01852,Female,,49.48,Monthly,2,,1,7.0,No
C01853,Female,25.0,55.9,Monthly,14,E-Wallet,1,6.0,No
C01854,Female,42.0,92.16,Monthly,1,Bank Transfer,1,6.0,No
C01855,Female,32.0,39.76,Yearly,20,,2,8.0,No
C01856,Male,50.0,41.65,Monthly,5,Cash,4,6.0,No
C01857,Female,47.0,43.69,Monthly,2,Credit Card,2,9.0,Yes
C01858,Male,32.0,92.24,Monthly,3,Bank Transfer,1,7.0,No
C01859,Female,36.0,97.66,Monthly,40,Cash,3,4.0,No
C01860,Female,31.0,29.13,Monthly,18,E-Wallet,2,7.0,No
C01861,Female,20.0,85.87,Yearly,4,E-Wallet,4,6.0,No
C01862,Female,27.0,78.93,Monthly,40,Credit Card,1,4.0,No
C01863,Male,,109.85,Monthly,2,Credit Card,2,6.0,Yes
C01864,Female,41.0,64.93,Monthly,16,Credit Card,1,6.0,No
C01865,Female,39.0,53.52,Two-Year,13,Credit Card,1,10.0,No
C01866,Female,34.0,91.41,Monthly,21,E-Wallet,3,6.0,No
C01867,Male,49.0,74.78,Two-Year,6,Bank Transfer,2,7.0,No
C01868,Male,38.0,149.94,Monthly,7,Cash,2,5.0,No
C01869,Male,46.0,84.05,Monthly,12,Credit Card,5,6.0,No
C01870,Female,18.0,58.5,Yearly,7,Credit Card,4,8.0,No
C01871,Female,18.0,32.19, Monthly ,1,Credit Card,0,,No
C01872,Male,41.0,42.04,Yearly,16,Credit Card,3,7.0,No
C01873,Male,20.0,28.61,Yearly,13,Bank Transfer,1,3.0,Yes
C01874,Female,35.0,,Monthly,7,Credit Card,5,10.0,No
C01875,Female,34.0,,Monthly,5,Credit Card,2,,No
C01876,Female,57.0,54.51,Monthly,5, E-Wallet,2,1.0,No
C01877,Female,42.0,86.47,Yearly,17,Credit Card,2,3.0,No
C01878,Male,39.0,63.56,Monthly,16,Credit Card,2,6.0,Yes
C01879,Male,48.0,45.54,Monthly,21,Credit Card ,3,,No
C01880,Female,42.0,56.79,Monthly,18,E-Wallet,1,6.0,Yes
C01881,Female,32.0,67.52,Two-Year,18,Cash,3,5.0,No
C01882,Female,50.0,58.13,Monthly,4,E-Wallet,2,8.0,No
C01883,Female,24.0,58.43,Monthly,2,Cash,4,9.0,Yes
C01884,Female,41.0,38.63,Monthly,18,Credit Card,1,4.0,No
C01885,Male,19.0,44.93,Yearly,2,Credit Card,2,10.0,No
C01886,Male,40.0,150.85,Monthly,49,E-Wallet,4,9.0,No
C01887,Male,40.0,94.9,Monthly,25,E-Wallet,2,1.0,No
C01888,Male,58.0,28.13,Monthly,10,E-Wallet,4,5.0,No
C01889,Female,19.0,18.82,Monthly,6,Bank Transfer,5,4.0,No
C01890,Female,30.0,56.5,Monthly,9,Credit Card,1,5.0,No
C01891,male,47.0,81.62,Monthly,16,Credit Card,2,1.0,No
C01892,Male,42.0,43.21,Monthly,17,Credit Card,2,7.0,No
C01893,Female,40.0,86.47,Monthly,1,Credit Card,5,5.0,No
C01894,Male,26.0,56.08,Monthly,20,E-Wallet,7,8.0,No
C01895,Female,30.0,50.74,Monthly,13,Credit Card,1,10.0,No
C01896,Female,52.0,76.73,Yearly,1,Credit Card,2,10.0,No
C01897,Female,37.0,42.98,Monthly,5,Cash,1,5.0,No
C01898,Male,42.0,47.99,Monthly,9,Bank Transfer,2,6.0,No
C01899,Male,36.0,73.82,Monthly,3,Credit Card,5,8.0,No
C01900,Female,23.0,53.83,Monthly,3,E-Wallet,4,10.0,No
C01901,Female,49.0,128.89,Yearly,1,,4,7.0,No
C01902,Male,44.0,74.61,Monthly,30,Credit Card,2,4.0,Yes
C01903,Female,65.0,72.46,Monthly,1,E-Wallet,0,8.0,No
C01904,Male,25.0,,Yearly,6,Credit Card,4,4.0,No
C01905,Female,47.0,80.93,Yearly,3,E-Wallet,3,4.0,Yes
C01906,Male,22.0,47.22,Yearly,17,Credit Card ,3,9.0,No
C01907,Female,39.0,62.0,Monthly,15,Bank Transfer,2,9.0,No
C01908,Male,49.0,36.15,Monthly,20,Bank Transfer,2,,No
C01909,Male,18.0,87.16,Two-Year,12,E-Wallet,3,10.0,No
C01910,Male,,,Two-Year,11,E-Wallet,2,8.0,No
C01911,Male,,133.24,Monthly,7,Credit Card ,1,6.0,No
C01912,Female,29.0,160.22,Yearly,13,Credit Card,5,4.0,Yes
C01913,Female,42.0,76.98,Monthly,2,E-Wallet,3,6.0,Yes
C01914,Male,51.0,56.31,Monthly,14,Credit Card,3,6.0,No
C01915,Male,36.0,35.67,Monthly,2,Bank Transfer,5,6.0,No
C01916,Female,40.0,82.03,Monthly,24,Bank Transfer,0,,No
C01917,Female,39.0,60.02,Monthly,9,Credit Card,4,6.0,Yes
C01918,Female,38.0,69.55,Monthly,10,Credit Card,3,7.0,Yes
C01919,Male,24.0,,Monthly,11,E-Wallet,3,4.0,Yes
C01920,Male,51.0,37.68,Monthly,18,Credit Card,1,7.0,No
C01921,Female,41.0,36.02,Monthly,8,Credit Card,1,4.0,No
C01922,Male,42.0,49.09,Yearly,7,Bank Transfer,2,7.0,No
C01923,Female,28.0,79.01,Monthly,5,Credit Card,1,6.0,Yes
C01924,Male,32.0,70.08,Yearly,2,Credit Card,6,7.0,No
C01925,Female,35.0,36.49,Monthly,3,Bank Transfer,1,10.0,No
C01926,Male,19.0,76.74,Yearly,1,Credit Card,5,2.0,No
C01927,Female,18.0,31.8,Monthly,25,Cash,4,6.0,No
C01928,Male,30.0,,Yearly,18,Cash,1,7.0,No
C01929,Female,44.0,51.83,Monthly,3,Bank Transfer,2,6.0,No
C01930,Male,30.0,42.56,Monthly,1,Credit Card,2,7.0,No
C01931,Female,25.0,81.49,Monthly,9,Bank Transfer,2,7.0,No
C01932,Female,28.0,62.11,Two-Year,7,Credit Card,2,10.0,No
C01933,Female,32.0,120.84,Yearly,18,Credit Card,3,3.0,Yes
C01934,Female,33.0,48.85,Monthly,7,Credit Card,3,3.0,No
C01935,Female,63.0,51.68,Monthly,24,E-Wallet,3,,Yes
C01936,FEMALE,50.0,,Yearly,2,Credit Card,4,9.0,No
C01937,Male,50.0,52.41,Two-Year,6,Bank Transfer,2,9.0,No
C01938,Female,52.0,106.94,Monthly,33,Credit Card,4,6.0,No
C01939,Male,26.0,69.64,Two-Year,1,Bank Transfer,6,4.0,No
C01940,Male,23.0,18.94,Monthly,6,Credit Card,4,,No
C01941,Male,24.0,92.75,Two-Year,4,Cash,2,8.0,No
C01942,Male,54.0,82.33,Yearly,10,Bank Transfer,3,4.0,No
C01943,Female,31.0,83.77,Monthly,4,Credit Card,1,5.0,No
C01944,Female,22.0,23.11,Monthly,25,Credit Card,3,7.0,Yes
C01945,Female,32.0,40.51,Monthly,34,Credit Card,4,7.0,No
C01946,Male,35.0,41.89,Monthly,23,Bank Transfer,2,,Yes
C01947,Male,41.0,37.39,Two-Year,7,Credit Card,2,,No
C01948,Male,41.0,119.57,Yearly,56,Bank Transfer,4,4.0,Yes
C01949,Male,28.0,54.31,Monthly,16,Credit Card,0,7.0,No
C01950,Male,46.0,53.71,Two-Year,6,E-Wallet,2,4.0,No
C01951,Male,30.0,69.99,Monthly,2,Bank Transfer,4,7.0,No
C01952,Male,36.0,70.54,Yearly,14,E-Wallet,3,6.0,No
C01953,Female,46.0,12.17,Yearly,16,Cash,1,10.0,No
C01954,Female,30.0,40.82,Two-Year,2,,3,7.0,Yes
C01955,Female,31.0,28.91,Monthly,10,Credit Card,3,9.0,No
C01956,Female,45.0,65.37,Monthly,53,E-Wallet,1,6.0,No
C01957,Female,27.0,,Monthly,5,Bank Transfer,4,6.0,No
C01958,Male,33.0,54.98,Monthly,5,Bank Transfer,2,8.0,No
C01959,Female,44.0,21.43,Monthly,29,E-Wallet,1,5.0,No
C01960,Female,62.0,47.49,Yearly,2,Credit Card,3,7.0,No
C01961,Male,45.0,90.18,Monthly,33,Bank Transfer,2,5.0,Yes
C01962,M,43.0,102.95,Monthly,19,Bank Transfer,2,10.0,No
C01963,Female,44.0,75.45,Monthly,6,Credit Card,2,7.0,Yes
C01964,Male,25.0,29.94,Monthly,2,E-Wallet,4,5.0,No
C01965,Female,39.0,96.23,Monthly,1,Credit Card,2,6.0,No
C01966,Female,37.0,75.63, Monthly ,6,E-Wallet,4,8.0,No
C01967,Male,41.0,51.79,Monthly,15,Cash,4,7.0,No
C01968,Male,,21.95,Monthly,9,E-Wallet,3,5.0,No
C01969,Male,42.0,83.86,Monthly,17,E-Wallet,4,9.0,No
C01970,Male,34.0,41.83,Monthly,14,Credit Card,1,7.0,No
C01971,Male,38.0,63.8,Yearly,11,Bank Transfer,0,7.0,No
C01972,Female,23.0,56.3,Yearly,42,Bank Transfer,0,5.0,No
C01973,Male,34.0,109.1,Monthly,16,E-Wallet,3,6.0,No
C01974,Male,,51.6,Monthly,30,Credit Card,6,6.0,No
C01975,Male,41.0,54.23,Two-Year,4,E-Wallet,3,5.0,No
C01976,Female,37.0,111.09,Monthly,16,Credit Card,1,2.0,No
C01977,Male,60.0,40.6,Monthly,11,Credit Card,3,9.0,Yes
C01978,Male,21.0,78.76,Monthly,31,Bank Transfer,3,4.0,No
C01979,Female,24.0,49.93,Yearly,9,Bank Transfer,4,5.0,Yes
C01980,Female,58.0,34.77,Two-Year,4,Cash,0,5.0,Yes
C01981,Male,38.0,54.63,Monthly,6,E-Wallet,4,10.0,No
C01982,Female,35.0,74.53,Monthly,3,Bank Transfer,2,6.0,No
C01983,Male,23.0,100.4,Monthly,3,Credit Card,2,7.0,No
C01984,Male,43.0,106.02,Two-Year,8,Credit Card,2,8.0,No
C01985,Male,44.0,47.82,Yearly,27,Bank Transfer,2,9.0,No
C01986,Male,24.0,35.01,Monthly,3,Credit Card,1,5.0,Yes
C01987,Female,36.0,47.3,Yearly,5,E-Wallet,0,8.0,No
C01988,Male,33.0,32.08,Monthly,24,Credit Card,1,5.0,No
C01989,Male,41.0,49.51,Monthly,5,Credit Card,3,3.0,No
C01990,Female,24.0,46.82,Monthly,40,E-Wallet,1,6.0,No
C01991,Female,53.0,75.74,Monthly,4,E-Wallet,1,5.0,No
C01992,Male,48.0,,Monthly,8,Credit Card,3,10.0,No
C01993,M,33.0,39.25,Yearly,2,Credit Card,4,10.0,No
C01994,Male,35.0,39.39, Monthly ,59,Cash,0,9.0,No
C01995,Female,36.0,93.15,Monthly,27,E-Wallet,1,7.0,No
C01996,Female,28.0,33.07,Monthly,21,E-Wallet,5,6.0,No
C01997,Female,32.0,60.46,Monthly,3,Credit Card,3,7.0,No
C01998,Male,34.0,51.54,Monthly,42,Bank Transfer,1,6.0,No
C01999,Male,57.0,87.3,Monthly,32,Credit Card,3,5.0,Yes
C02000,Male,49.0,71.39,Monthly,7,Credit Card,2,,No
C02001,Male,49.0,57.66,Monthly,14,Credit Card,2,8.0,No
C02002,Male,42.0,42.54,Monthly,59,Credit Card,6,10.0,No
C02003,Female,24.0,23.72,Monthly,7,Cash,4,7.0,No
C02004,Male,37.0,61.02,Monthly,2,Bank Transfer,2,7.0,Yes
C02005,Male,49.0,69.32,Monthly,25,E-Wallet,2,,Yes
C02006,Female,22.0,26.88,Monthly,8,Cash,0,3.0,No
C02007,Male,45.0,31.34,Yearly,53,Credit Card,2,,No
C02008,Female,65.0,61.16,Yearly,10,Credit Card,2,5.0,No
C02009,Male,50.0,63.6,Two-Year,1,Credit Card,4,3.0,No
C02010,Male,54.0,34.96,Monthly,9,E-Wallet,4,10.0,No
C02011,Male,,42.17,Monthly,16,E-Wallet,2,9.0,Yes
C02012,Male,49.0,23.89,Yearly,1,Bank Transfer,2,3.0,No
C02013,Female,29.0,101.47,Monthly,7,E-Wallet,1,10.0,No
C02014,Male,47.0,30.42,Monthly,3,Credit Card,1,3.0,No
C02015,Female,45.0,69.69,Yearly,13,Credit Card,1,3.0,No
C02016,Male,41.0,53.75,Monthly,38,Bank Transfer,1,3.0,Yes
C02017,Male,150.0,97.55,Monthly,12,E-Wallet,7,6.0,No
C02018,Female,31.0,38.22,Yearly,15,Credit Card,1,9.0,No
C02019,Male,35.0,56.12,Yearly,7,Credit Card,3,3.0,Yes
C02020,Female,39.0,25.42,Yearly,10,Bank Transfer,3,5.0,No
C02021,Female,25.0,22.82,Monthly,10,Credit Card,3,7.0,No
C02022,Female,40.0,71.4,Yearly,18,E-Wallet,3,5.0,No
C02023,Female,18.0,24.45,Yearly,24,Bank Transfer,5,7.0,No
C02024,Male,50.0,49.27,Yearly,14,Bank Transfer,9,8.0,No
C02025,Male,38.0,86.06,Yearly,47,E-Wallet,4,5.0,No
C02026,Male,31.0,76.4,Monthly,22,E-Wallet,1,5.0,No
C02027,Female,27.0,40.49,Monthly,2,Credit Card,5,7.0,No
C02028,Female,35.0,26.71,Yearly,9,Bank Transfer,3,7.0,No
C02029,Male,46.0,68.67,Monthly,29,Credit Card,5,8.0,No
C02030,Female,44.0,99.88,Monthly,35,E-Wallet,5,,No
C02031,Male,29.0,,Yearly,6,E-Wallet,6,3.0,Yes
C02032,Female,27.0,38.04,Monthly,16,Bank Transfer,2,5.0,Yes
C02033,M,45.0,43.11,Monthly,7,E-Wallet,5,5.0,No
C02034,Female,29.0,70.61,Monthly,2,Bank Transfer,3,6.0,No
C02035,Female,38.0,94.9,Monthly,26,E-Wallet,1,,No
C02036,Male,39.0,31.25,Monthly,33,Credit Card,3,15.0,No
C02037,Male,41.0,27.82,Yearly,9,Credit Card,2,6.0,No
C02038,Male,48.0,156.49,Monthly,1,E-Wallet,0,4.0,No
C02039,Male,22.0,50.41,Monthly,21,Credit Card,3,9.0,No
C02040,Male,18.0,61.18,Two-Year,8,E-Wallet,1,5.0,No
C02041,Female,,39.99,Monthly,1,,2,10.0,No
C02042,Female,59.0,68.07,Monthly,3,,3,6.0,No
C02043,Female,62.0,84.1,Two-Year,2,E-Wallet,2,6.0,No
C02044,Male,59.0,62.48,Monthly,14,Bank Transfer,4,5.0,No
C02045,Female,35.0,119.51,Yearly,5,E-Wallet,3,6.0,No
C02046,Female,18.0,47.13,Two-Year,2,Bank Transfer,4,3.0,Yes
C02047,Male,18.0,48.51,Yearly,30,Bank Transfer,4,3.0,Yes
C02048,Female,30.0,,Monthly,38,Bank Transfer,2,5.0,No
C02049,Female,35.0,67.3,Monthly,2,Cash,2,8.0,Yes
C02050,male,,60.5,Monthly,4,Credit Card,2,9.0,Yes
C02051,Male,48.0,30.63,Yearly,11,E-Wallet,4,3.0,No
C02052,F,40.0,62.84,Yearly,2,Credit Card,0,8.0,No
C02053,Male,27.0,46.14,Yearly,3,,4,7.0,No
C02054,Female,26.0,,Monthly,5,Cash,2,8.0,No
C02055,Female,41.0,55.4,Monthly,36,Credit Card,2,6.0,No
C02056,Female,46.0,35.42,Monthly,40,E-Wallet,1,8.0,No
C02057,Male,42.0,32.76,Monthly,23,Bank Transfer,0,5.0,No
C02058,Male,25.0,,Yearly,15,E-Wallet,1,6.0,No
C02059,Female,45.0,119.85,Monthly,16,E-Wallet,0,4.0,No
C02060,Female,43.0,70.11,Monthly,8,Credit Card,5,3.0,No
C02061,Male,25.0,51.8,Yearly,10,Bank Transfer,3,1.0,Yes
C02062,Male,28.0,40.44, Monthly ,13,Credit Card,2,5.0,Yes
C02063,Female,46.0,14.97,Two-Year,16,Bank Transfer,2,7.0,No
C02064,Male,35.0,39.34,Monthly,2,E-Wallet,1,8.0,No
C02065,Male,57.0,75.35,Two-Year,4,Credit Card,3,9.0,No
C02066,male,44.0,83.43,Monthly,40,E-Wallet,2,10.0,No
C02067,Male,32.0,72.9,Monthly,5,Credit Card,2,6.0,No
C02068,Male,,58.63,Monthly,4,Credit Card,4,5.0,Yes
C02069,male,38.0,98.17,Yearly,7,,2,10.0,No
C02070,Male,29.0,47.09,Monthly,5,Credit Card,7,,No
C02071,Female,27.0,88.97,Monthly,2,Bank Transfer,4,4.0,Yes
C02072,Male,46.0,45.92,Two-Year,3,Credit Card,1,5.0,Yes
C02073,Male,48.0,36.73,Monthly,13,Cash,4,5.0,No
C02074,Female,45.0,34.72,Yearly,4,Cash,2,8.0,No
C02075,Female,56.0,33.82,Monthly,13,Bank Transfer,4,6.0,No
C02076,Female,31.0,73.45,Monthly,2,Bank Transfer,1,6.0,No
C02077,Male,,39.09,Monthly,1,Cash,3,8.0,No
C02078,Male,27.0,541.0,Monthly,24,E-Wallet,4,6.0,No
C02079,Female,25.0,75.28,Monthly,18,Credit Card,3,6.0,No
C02080,Female,18.0,63.28,Monthly,14,E-Wallet,2,5.0,No
C02081,Male,32.0,84.2,Monthly,1,Credit Card,2,15.0,Yes
C02082,Male,31.0,,Monthly,4,Bank Transfer,2,8.0,No
C02083,Male,44.0,38.9,Monthly,21,Bank Transfer,5,7.0,No
C02084,Female,40.0,56.5,Monthly,2,E-Wallet,6,6.0,No
C02085,Female,23.0,57.76,Monthly,21,Credit Card,2,9.0,No
C02086,Male,33.0,36.1,Two-Year,11,Credit Card,1,3.0,Yes
C02087,Male,33.0,33.21,Monthly,17,E-Wallet,0,9.0,No
C02088,Female,18.0,40.19,Monthly,13,E-Wallet,2,7.0,Yes
C02089,Female,26.0,136.52,Monthly,7,Bank Transfer,5,4.0,Yes
C02090,Male,28.0,45.34,Yearly,5,E-Wallet,2,3.0,Yes
C02091,Female,55.0,95.09,Monthly,14,E-Wallet,2,5.0,No
C02092,Female,40.0,44.22,Monthly,20,Bank Transfer,4,6.0,No
C02093,Male,45.0,81.45, Monthly ,1,Credit Card,0,8.0,Yes
C02094,Female,20.0,81.95,Monthly,6,Bank Transfer,1,8.0,No
C02095,Male,52.0,83.82,Monthly,6,Cash,0,8.0,No
C02096,Female,53.0,65.01,Two-Year,10,E-Wallet,4,8.0,No
C02097,Female,,101.48,Monthly,2,Bank Transfer,5,9.0,Yes
C02098,Female,29.0,64.73,Monthly,33,Credit Card,2,10.0,No
C02099,Female,43.0,118.05,Monthly,10,E-Wallet,2,5.0,No
C02100,Male,45.0,26.34,Monthly,31,Bank Transfer,2,6.0,No
C02101,Female,29.0,63.86,Monthly,21,Bank Transfer,4,4.0,No
C02102,Female,34.0,62.02,Monthly,3,Credit Card,2,6.0,Yes
C02103,FEMALE,30.0,35.82,Monthly,2,E-Wallet,1,5.0,No
C02104,Female,39.0,70.87,Monthly,24,Credit Card,2,10.0,No
C02105,Female,52.0,27.92,Two-Year,10,Bank Transfer,2,6.0,Yes
C02106,Male,28.0,40.68,Yearly,1,Bank Transfer,2,4.0,Yes
C02107,Female,50.0,22.21,Monthly,33,E-Wallet,1,,No
C02108,Female,28.0,110.1,Monthly,8,Bank Transfer,0,6.0,No
C02109,Male,27.0,49.2,Monthly,5,Bank Transfer,3,4.0,No
C02110,Female,47.0,144.76,Monthly,9,Credit Card,1,7.0,No
C02111,Male,49.0,78.36,Two-Year,21,E-Wallet,2,9.0,No
C02112,Male,48.0,66.8,Two-Year,2,Credit Card,4,3.0,No
C02113,Male,22.0,41.94,Monthly,6,Credit Card,1,7.0,No
C02114,Female,32.0,34.09,Monthly,5,Bank Transfer,3,2.0,No
C02115,Female,47.0,69.08,Two-Year,22,E-Wallet,5,8.0,No
C02116,Male,,52.87,Yearly,19,E-Wallet,4,4.0,No
C02117,Male,25.0,29.88,Monthly,7,E-Wallet,1,9.0,No
C02118,Female,43.0,27.59,Monthly,14,Credit Card,2,8.0,No
C02119,Male,29.0,,Monthly,7,Credit Card,3,7.0,Yes
C02120,Female,59.0,123.9,Two-Year,11,,1,6.0,No
C02121,Female,56.0,147.82,Monthly,57,Credit Card,3,5.0,Yes
C02122,Male,45.0,59.87,Yearly,10,Bank Transfer,2,7.0,No
C02123,Female,54.0,58.38,Monthly,54,Credit Card,0,7.0,No
C02124,Male,38.0,46.93,Two-Year,17,Bank Transfer,2,7.0,No
C02125,Female,47.0,35.85,Monthly,2,E-Wallet,2,5.0,Yes
C02126,Female,55.0,101.38,Monthly,20,E-Wallet,2,9.0,No
C02127,Female,40.0,126.86,Monthly,3,E-Wallet,4,10.0,No
C02128,Male,34.0,36.52,Monthly,10,E-Wallet,1,6.0,No
C02129,Female,18.0,52.6,Monthly,12,Credit Card,3,7.0,Yes
C02130,Male,37.0,44.59,Monthly,27,E-Wallet,3,7.0,No
C02131,Male,47.0,45.19,Monthly,3,Credit Card,4,7.0,Yes
C02132,Male,49.0,93.1,Monthly,26,Credit Card,2,5.0,No
C02133,Female,,30.25,Monthly,33,Credit Card,2,,No
C02134,FEMALE,31.0,67.35,Monthly,2,Credit Card,2,4.0,No
C02135,Female,18.0,75.77,Monthly,26,Bank Transfer,2,7.0,No
C02136,Female,32.0,51.21,Monthly,4,,2,2.0,No
C02137,Male,34.0,81.6,Monthly,2,Cash,6,8.0,No
C02138,Female,34.0,58.35,Monthly,39,E-Wallet,4,7.0,No
C02139,Male,45.0,94.42,Monthly,6,Cash,2,5.0,No
C02140,Female,61.0,27.52,Monthly,12,E-Wallet,2,7.0,No
C02141,Female,39.0,46.67,Monthly,10, E-Wallet,5,10.0,No
C02142,Female,35.0,52.86,Monthly,3,Credit Card,0,10.0,No
C02143,Female,34.0,16.4,Monthly,14,Bank Transfer,5,8.0,Yes
C02144,Male,39.0,33.49,Monthly,1,Credit Card,4,8.0,No
C02145,Male,28.0,37.86,Yearly,3,Bank Transfer,1,9.0,No
C02146,Female,39.0,83.65,Monthly,35,E-Wallet,2,8.0,No
C02147,Male,43.0,39.72,Monthly,37,Bank Transfer,3,5.0,No
C02148,Male,40.0,37.78,Monthly,8,Credit Card,2,7.0,No
C02149,Male,43.0,78.88,Yearly,3,Bank Transfer,1,6.0,No
C02150,Female,43.0,26.36,Monthly,7,Credit Card,1,,No
C02151,Male,,21.5,Yearly,26,E-Wallet,2,8.0,No
C02152,Male,45.0,46.4,Yearly,1,Bank Transfer,7,6.0,No
C02153,Female,29.0,28.46,Yearly,2,E-Wallet,3,6.0,No
C02154,Female,24.0,28.95,Yearly,28,Cash,3,3.0,Yes
C02155,Male,24.0,70.67,Monthly,7,Credit Card,4,7.0,No
C02156,Male,43.0,80.98,Monthly,2,Cash,1,5.0,Yes
C02157,Male,35.0,77.87,Two-Year,2,Cash,4,7.0,No
C02158,Male,18.0,89.92,Two-Year,26,Bank Transfer,6,10.0,No
C02159,Male,43.0,95.44,Monthly,9,E-Wallet,1,6.0,No
C02160,Female,20.0,20.95,Monthly,3,Credit Card,1,4.0,Yes
C02161,Female,39.0,66.87,Yearly,27,Cash,3,6.0,No
C02162,Female,40.0,43.02,Monthly,23,,4,6.0,No
C02163,Male,48.0,39.0,Monthly,1,Cash,4,6.0,No
C02164,Female,59.0,70.26,Monthly,11,Credit Card,3,7.0,No
C02165,Male,21.0,25.06,Monthly,4,E-Wallet,3,,No
C02166,Female,37.0,24.83,Monthly,10,Bank Transfer,4,7.0,No
C02167,Female,34.0,72.61,Yearly,4,Credit Card,1,7.0,Yes
C02168,Male,43.0,68.0,Monthly,5,Cash,1,10.0,No
C02169,Female,40.0,58.06,Two-Year,12,E-Wallet,1,8.0,No
C02170,Male,33.0,36.75,Two-Year,10,E-Wallet,1,9.0,No
C02171,M,32.0,76.3,Yearly,7,Bank Transfer,1,5.0,No
C02172,Male,24.0,74.15,Two-Year,2,Cash,4,8.0,No
C02173,Male,49.0,56.73,Monthly,42,E-Wallet,2,8.0,No
C02174,Female,43.0,32.14,Monthly,3,,1,4.0,No
C02175,Male,49.0,45.09,Yearly,13,E-Wallet,2,5.0,No
C02176,Female,34.0,79.6,Monthly,2,Credit Card,3,7.0,No
C02177,Male,30.0,99.21,Monthly,14,E-Wallet,2,7.0,No
C02178,Female,25.0,47.14,Monthly,2,Credit Card,2,7.0,No
C02179,Female,42.0,48.8,Monthly,4,Bank Transfer,2,6.0,No
C02180,Male,,50.77,Yearly,13,E-Wallet,4,,Yes
C02181,Male,60.0,61.79,Monthly,4,Bank Transfer,3,6.0,Yes
C02182,Male,22.0,42.04,Yearly,10,E-Wallet,5,7.0,No
C02183,Male,41.0,14.84,Monthly,2,,3,8.0,Yes
C02184,Male,56.0,93.39,Monthly,3,Credit Card,3,6.0,Yes
C02185,Female,45.0,122.44,Monthly,16,Bank Transfer,3,8.0,No
C02186,Female,40.0,41.45,Yearly,1,Credit Card,2,7.0,No
C02187,Female,26.0,33.78,Monthly,2,Bank Transfer,4,9.0,Yes
C02188,Female,21.0,51.33,Two-Year,3,Credit Card,4,7.0,No
C02189,Female,47.0,50.18,Yearly,1,Bank Transfer,3,8.0,Yes
C02190,Female,56.0,85.45,Monthly,2,Credit Card,2,1.0,Yes
C02191,Male,32.0,55.96,Two-Year,4,E-Wallet,1,4.0,No
C02192,Female,24.0,38.22,Monthly,2,Credit Card,3,7.0,No
C02193,male,18.0,30.17,Monthly,25,Credit Card,4,8.0,No
C02194,Female,26.0,80.6,Monthly,1,Bank Transfer,3,7.0,No
C02195,Male,36.0,71.51,Monthly,24,Credit Card,2,6.0,No
C02196,Male,57.0,87.99,Monthly,21,Credit Card,4,4.0,No
C02197,Male,46.0,35.32,Monthly,2,E-Wallet,3,6.0,No
C02198,Female,41.0,124.87,Yearly,1,Bank Transfer,2,8.0,No
C02199,Female,33.0,24.91,Monthly,1,Credit Card,2,7.0,No
C02200,Male,31.0,75.14,Monthly,11,Credit Card,5,8.0,Yes
C02201,Female,54.0,23.12,Monthly,14,Bank Transfer,5,6.0,Yes
C02202,Male,40.0,38.26,Monthly,12,E-Wallet,4,7.0,No
C02203,Male,18.0,110.22,Monthly,10,Credit Card,3,3.0,No
C02204,Male,29.0,79.37,Monthly,3,Credit Card,4,5.0,Yes
C02205,Female,27.0,42.7,Yearly,23,Credit Card,7,9.0,No
C02206,Female,31.0,,Monthly,5,Cash,4,8.0,Yes
C02207,Male,44.0,57.13,Monthly,52,Bank Transfer,5,8.0,Yes
C02208,Female,36.0,68.81,Monthly,6,Credit Card,3,6.0,No
C02209,Male,37.0,95.89,Monthly,4,Bank Transfer,3,10.0,No
C02210,Female,53.0,44.46,Yearly,27,Credit Card ,2,7.0,No
C02211,Female,29.0,26.44,Two-Year,11,Credit Card,1,5.0,No
C02212,Female,60.0,58.59,Yearly,16,Bank Transfer,2,7.0,No
C02213,Male,29.0,44.44,Monthly,7,E-Wallet,3,8.0,No
C02214,Female,39.0,30.41,Monthly,27,Credit Card,3,8.0,No
C02215,FEMALE,34.0,62.42,Monthly,30,Cash,6,5.0,No
C02216,Male,39.0,49.61,Monthly,7,Bank Transfer,3,7.0,No
C02217,Female,43.0,62.67,Monthly,4,Bank Transfer,2,9.0,Yes
C02218,male,43.0,36.51,Monthly,13,Cash,1,6.0,No
C02219,Female,28.0,67.97,Monthly,38,Credit Card,2,7.0,No
C02220,Male,24.0,4187.0,Monthly,12,E-Wallet,7,4.0,No
C02221,FEMALE,68.0,37.62,Monthly,38,E-Wallet,5,8.0,Yes
C02222,Female,32.0,48.94,Yearly,6,Bank Transfer,1,5.0,No
C02223,Male,46.0,119.56,Monthly,30,Credit Card,4,10.0,Yes
C02224,Male,18.0,77.72,Monthly,2,Bank Transfer,1,8.0,Yes
C02225,Male,34.0,88.65,Monthly,6,Credit Card,3,6.0,No
C02226,Male,36.0,103.3,Monthly,9,Bank Transfer,5,3.0,Yes
C02227,Male,43.0,276.24,Monthly,13,E-Wallet,1,6.0,No
C02228,Female,18.0,55.63,Monthly,5,Credit Card ,4,2.0,No
C02229,M,39.0,103.46,Monthly,31,Bank Transfer,3,6.0,No
C02230,Male,24.0,86.12,Monthly,29,Credit Card,1,10.0,No
C02231,male,41.0,85.47,Monthly,20,Credit Card,4,6.0,No
C02232,Male,25.0,121.32,Yearly,2,E-Wallet,3,5.0,No
C02233,Female,27.0,45.21,Monthly,1,Credit Card,2,,Yes
C02234,Female,,43.62,Monthly,9,Credit Card,2,7.0,No
C02235,Female,25.0,63.05,Monthly,18,Cash,1,7.0,Yes
C02236,Female,32.0,50.29,Monthly,2,Bank Transfer,0,10.0,No
C02237,Female,23.0,,Monthly,13,E-Wallet,9,7.0,No
C02238,Male,18.0,110.3,Monthly,10,Credit Card,1,7.0,No
C02239,Male,50.0,44.03,Yearly,16,Credit Card,1,6.0,No
C02240,Male,22.0,47.6,Monthly,7,Bank Transfer,2,6.0,No
C02241,Female,35.0,59.05,Monthly,15,Bank Transfer,2,10.0,No
C02242,Male,47.0,49.27,Monthly,3,Cash,3,8.0,Yes
C02243,Female,30.0,23.07,Monthly,3,Bank Transfer,3,4.0,Yes
C02244,Female,28.0,42.05,Two-Year,29,Credit Card,4,8.0,No
C02245,Female,40.0,74.39,Monthly,5,Credit Card,0,9.0,No
C02246,Female,51.0,104.26,Monthly,51,Credit Card,2,10.0,No
C02247,Male,23.0,32.47,Two-Year,1,Credit Card,3,7.0,No
C02248,F,36.0,32.41,Yearly,9,Bank Transfer,7,6.0,No
C02249,Female,18.0,55.35,Monthly,5,Credit Card,3,9.0,No
C02250,Male,33.0,21.46,Monthly,67,Credit Card,3,6.0,No
C02251,Male,38.0,44.69,Yearly,56,Cash,3,8.0,No
C02252,Female,,25.0,Yearly,4,Bank Transfer,0,10.0,No
C02253,Female,32.0,101.1,Monthly,4,Credit Card,3,7.0,Yes
C02254,Female,21.0,,Monthly,17,Credit Card,2,8.0,No
C02255,Female,38.0,114.87,Monthly,27,E-Wallet,1,6.0,No
C02256,Female,50.0,90.11,Monthly,14,E-Wallet,3,3.0,Yes
C02257,Male,24.0,40.82,Monthly,25,E-Wallet,2,8.0,No
C02258,Male,30.0,,Monthly,1,Bank Transfer,5,8.0,No
C02259,Male,44.0,50.04,Monthly,13,E-Wallet,1,8.0,No
C02260,Male,52.0,52.09,Monthly,15,Cash,2,5.0,No
C02261,Female,20.0,63.8,Monthly,3,Credit Card,4,5.0,Yes
C02262,Female,35.0,38.5,Monthly,19,E-Wallet,6,7.0,No
C02263,Female,41.0,76.39,Yearly,35,E-Wallet,3,7.0,No
C02264,Male,36.0,61.52,Yearly,28,Credit Card ,5,4.0,Yes
C02265,FEMALE,18.0,46.84, Monthly ,4,Credit Card,2,4.0,No
C02266,Female,44.0,39.63,Monthly,5,Bank Transfer,3,6.0,No
C02267,Female,56.0,50.24,Monthly,9,Credit Card,2,6.0,No
C02268,Female,,37.8,Yearly,3,Credit Card,5,4.0,Yes
C02269,Male,25.0,56.05,Yearly,37,Cash,3,5.0,Yes
C02270,Male,31.0,56.74,Yearly,3,Bank Transfer,3,6.0,Yes
C02271,Male,59.0,61.42,Monthly,18,Bank Transfer,2,7.0,No
C02272,Male,48.0,120.88,Monthly,6,Credit Card,3,4.0,No
C02273,Male,,,Yearly,11,Bank Transfer,3,8.0,No
C02274,Female,42.0,85.8,Yearly,1,E-Wallet,4,7.0,No
C02275,Female,30.0,60.54,Yearly,3,Credit Card,5,7.0,No
C02276,Female,35.0,49.05,Monthly,8,Credit Card,2,9.0,No
C02277,Female,37.0,51.75,Monthly,14,Credit Card,0,8.0,No
C02278,Male,44.0,53.17,Monthly,19,Credit Card,1,3.0,No
C02279,Female,56.0,61.92, Monthly ,1,E-Wallet,3,4.0,No
C02280,Male,51.0,35.46,Yearly,2,Credit Card,5,8.0,Yes
C02281,Male,20.0,28.24,Monthly,16,Credit Card,3,5.0,No
C02282,Male,40.0,73.29,Monthly,21,Bank Transfer,1,8.0,No
C02283,Male,46.0,81.79,Monthly,4,Bank Transfer,1,7.0,No
C02284,Male,,76.37,Monthly,4,Credit Card,2,6.0,No
C02285,Male,30.0,58.54,Monthly,2,Bank Transfer,1,4.0,No
C02286,Male,72.0,77.11,Yearly,2,Credit Card,5,7.0,Yes
C02287,Female,22.0,75.27,Yearly,1,Credit Card,5,4.0,Yes
C02288,Male,25.0,77.82,Monthly,11,Credit Card,3,8.0,No
C02289,Male,40.0,37.08,Monthly,29,Credit Card,2,9.0,No
C02290,Male,63.0,33.33,Monthly,2,Credit Card,1,6.0,No
C02291,Female,-5.0,45.84,Monthly,17,Bank Transfer,2,7.0,No
C02292,Male,-5.0,54.17,Two-Year,11,Credit Card,6,9.0,No
C02293,Male,50.0,48.97,Yearly,34,Credit Card,1,6.0,No
C02294,Male,37.0,23.46,Monthly,20,E-Wallet,0,5.0,Yes
C02295,Male,33.0,118.48,Monthly,23,Bank Transfer,2,8.0,No
C02296,Male,44.0,48.26,Monthly,13,Credit Card,2,4.0,No
C02297,M,41.0,59.01,Monthly,21,Credit Card,0,3.0,Yes
C02298,male,50.0,,Monthly,6,E-Wallet,2,3.0,No
C02299,Male,,19.01,Monthly,3,Credit Card,3,6.0,No
C02300,FEMALE,41.0,43.37,Yearly,30,Bank Transfer,3,7.0,No
C02301,Female,41.0,45.87,Monthly,16,Credit Card,4,5.0,No
C02302,Female,40.0,,Two-Year,2,E-Wallet,8,4.0,No
C02303,Male,43.0,50.5,Monthly,25,E-Wallet,0,7.0,No
C02304,Male,150.0,104.71,Yearly,6,E-Wallet,1,5.0,No
C02305,Female,37.0,73.93,Yearly,5,Credit Card,2,8.0,No
C02306,Male,52.0,84.03,Monthly,12,Bank Transfer,2,9.0,Yes
C02307,Male,56.0,55.77,Monthly,11,Bank Transfer,5,9.0,No
C02308,Female,19.0,29.09,Yearly,10,Credit Card,3,7.0,No
C02309,Male,38.0,21.42,Monthly,4,E-Wallet,1,7.0,No
C02310,Male,29.0,27.43,Monthly,39,Cash,2,,No
C02311,Male,34.0,64.19,Two-Year,36,Credit Card,4,7.0,No
C02312,Female,42.0,55.38,Monthly,1,E-Wallet,3,8.0,Yes
C02313,Male,46.0,49.67,Monthly,5,Bank Transfer,1,9.0,No
C02314,Female,36.0,46.25,Monthly,1,Bank Transfer,2,9.0,No
C02315,Female,18.0,135.0,Monthly,23,Credit Card,3,6.0,No
C02316,Male,26.0,37.7,Monthly,27,Credit Card,1,9.0,No
C02317,Male,48.0,82.89, Monthly ,9,Cash,5,6.0,No
C02318,Male,18.0,54.65,Yearly,22,E-Wallet,2,8.0,Yes
C02319,Male,52.0,53.12,Monthly,15,Bank Transfer,3,6.0,No
C02320,Male,44.0,92.71,Monthly,9,E-Wallet,5,5.0,No
C02321,Female,53.0,105.44,Monthly,6,E-Wallet,2,,No
C02322,Female,35.0,49.02,Yearly,4,Credit Card,1,,No
C02323,Female,18.0,78.23,Monthly,4,Credit Card,4,4.0,Yes
C02324,Male,43.0,64.31,Two-Year,10,E-Wallet,3,7.0,No
C02325,Female,53.0,54.78,Monthly,3,E-Wallet,3,6.0,No
C02326,Female,49.0,59.85,Monthly,3,Cash,3,7.0,No
C02327,Female,30.0,40.06,Monthly,1,Credit Card,1,8.0,No
C02328,Male,39.0,47.57,Monthly,12,Bank Transfer,1,8.0,No
C02329,Female,31.0,42.04,Monthly,63,E-Wallet,5,4.0,Yes
C02330,Male,28.0,81.91,Yearly,27,Bank Transfer,2,3.0,No
C02331,Male,49.0,52.31,Yearly,15,E-Wallet,2,8.0,No
C02332,Male,23.0,30.45,Monthly,19,Credit Card,3,4.0,No
C02333,Female,27.0,39.43,Monthly,7,Credit Card,6,6.0,No
C02334,Female,24.0,,Yearly,5,Credit Card,0,,No
C02335,Male,20.0,43.71,Monthly,6,Credit Card,5,6.0,No
C02336,Male,39.0,55.53,Monthly,2,Credit Card,2,8.0,No
C02337,Male,51.0,51.35,Monthly,13,E-Wallet,2,15.0,Yes
C02338,Male,35.0,133.1,Monthly,3,Credit Card,2,4.0,No
C02339,Male,19.0,70.72,Monthly,18,Bank Transfer,1,5.0,No
C02340,Male,48.0,69.32,Monthly,3,Cash,0,6.0,No
C02341,Female,58.0,26.06,Monthly,4,Bank Transfer,2,4.0,Yes
C02342,Male,,46.34,Yearly,38,Credit Card,2,8.0,No
C02343,M,32.0,43.86,Monthly,2,Credit Card,0,4.0,No
C02344,Male,44.0,38.33,Monthly,9,Bank Transfer,4,4.0,Yes
C02345,Female,57.0,38.09,Monthly,1,Credit Card,4,8.0,No
C02346,Female,31.0,24.2,Two-Year,2,Cash,5,6.0,No
C02347,Female,22.0,,Monthly,13,,2,9.0,No
C02348,Male,45.0,80.91,Monthly,12,E-Wallet,1,1.0,No
C02349,Female,47.0,51.2,Monthly,3,Bank Transfer,1,5.0,No
C02350,Male,38.0,43.47,Monthly,25,Cash,2,9.0,No
C02351,Female,,54.47,Monthly,15,,2,5.0,No
C02352,Female,49.0,92.33,Monthly,5,E-Wallet,3,8.0,Yes
C02353,Female,44.0,54.7,Monthly,4,E-Wallet,1,5.0,Yes
C02354,Female,,69.63,Two-Year,17,E-Wallet,2,7.0,No
C02355,Female,,37.3,Monthly,16,Credit Card,0,6.0,Yes
C02356,Male,21.0,41.33,Yearly,2,Credit Card,2,10.0,No
C02357,Female,46.0,64.03,Monthly,6,Credit Card,1,7.0,No
C02358,male,34.0,127.96,Monthly,3,Credit Card,4,5.0,No
C02359,Female,32.0,103.9,Two-Year,5,E-Wallet,4,5.0,No
C02360,F,37.0,70.97,Yearly,5,Credit Card,2,8.0,No
C02361,Male,38.0,58.45,Monthly,45,Credit Card,5,9.0,No
C02362,Male,48.0,102.56,Monthly,17,Credit Card,1,5.0,No
C02363,Male,45.0,78.07,Two-Year,19,Cash,3,9.0,Yes
C02364,Male,36.0,19.45,Monthly,4,E-Wallet,4,8.0,No
C02365,Female,47.0,33.98,Monthly,1,Bank Transfer,2,7.0,Yes
C02366,Male,42.0,63.57,Monthly,1,E-Wallet,1,6.0,No
C02367,Male,32.0,24.43,Monthly,10,,1,9.0,No
C02368,Female,36.0,36.46,Monthly,5,E-Wallet,2,7.0,No
C02369,Male,36.0,39.85,Yearly,3,Credit Card,1,7.0,Yes
C02370,Female,44.0,48.65,Monthly,1,E-Wallet,1,5.0,No
C02371,Female,,47.97,Two-Year,26,Bank Transfer,4,6.0,No
C02372,Female,33.0,47.94,Monthly,11,E-Wallet,1,10.0,No
C02373,Female,61.0,79.15,Monthly,2,Bank Transfer,0,6.0,No
C02374,Male,49.0,48.46,Monthly,18,Cash,2,10.0,No
C02375,Female,28.0,45.92,Two-Year,17,Bank Transfer,4,2.0,Yes
C02376,Male,44.0,29.75,Monthly,5,Bank Transfer,2,5.0,No
C02377,Male,39.0,86.57,Monthly,3,E-Wallet,3,8.0,No
C02378,Female,42.0,,Two-Year,21,Credit Card,2,8.0,No
C02379,Male,39.0,33.48,Two-Year,5,Credit Card,3,5.0,No
C02380,Female,52.0,,Monthly,23,Bank Transfer,0,,No
C02381,Female,42.0,38.66,Two-Year,1,Bank Transfer,5,10.0,No
C02382,Female,37.0,43.09,Yearly,9,Credit Card,3,10.0,No
C02383,Female,50.0,61.33,Monthly,3,E-Wallet,2,9.0,Yes
C02384,Male,40.0,47.14,Monthly,14,E-Wallet,1,4.0,No
C02385,Male,39.0,154.5,Monthly,71,Bank Transfer,3,8.0,No
C02386,Female,41.0,52.79,Monthly,7,Bank Transfer,1,7.0,No
C02387,Male,36.0,72.1,Yearly,2,Credit Card,4,8.0,No
C02388,Female,38.0,22.79,Monthly,5,,5,4.0,No
C02389,Female,30.0,37.07,Yearly,27,E-Wallet,5,7.0,No
C02390,Female,28.0,33.48,Yearly,18,Bank Transfer,3,6.0,No
C02391,Male,26.0,35.54,Monthly,4,E-Wallet,0,6.0,No
C02392,Male,21.0,65.82,Two-Year,37,Credit Card,1,7.0,No
C02393,Male,27.0,87.01,Yearly,12,Credit Card,3,3.0,Yes
C02394,Male,35.0,63.76,Monthly,3,Credit Card,0,9.0,No
C02395,Female,39.0,,Yearly,11,Credit Card,1,8.0,No
C02396,Male,34.0,41.1,Two-Year,8,Bank Transfer,3,6.0,No
C02397,Male,18.0,90.12,Monthly,21,Bank Transfer,5,,No
C02398,Male,,138.67,Two-Year,6,Credit Card,3,4.0,No
C02399,Female,51.0,58.02,Monthly,25,Bank Transfer,2,8.0,No
C02400,Female,43.0,83.32,Monthly,21,Credit Card,1,5.0,No
C02401,FEMALE,60.0,63.72,Yearly,14,E-Wallet,3,5.0,No
C02402,Male,26.0,76.71,Yearly,4,Credit Card,2,4.0,No
C02403,Male,60.0,32.33,Yearly,43,Bank Transfer,3,7.0,No
C02404,Male,26.0,43.83,Monthly,10,Bank Transfer,1,5.0,No
C02405,Female,40.0,65.23,Monthly,29,Credit Card,5,5.0,No
C02406,Female,22.0,94.22,Monthly,3,Bank Transfer,3,8.0,No
C02407,F,,37.78,Monthly,50,E-Wallet,2,6.0,Yes
C02408,Male,42.0,21.87,Monthly,21,Bank Transfer,0,3.0,Yes
C02409,Female,36.0,43.63,Yearly,36,Credit Card,2,6.0,No
C02410,Male,,86.02,Monthly,3,,5,,No
C02411,Female,39.0,26.77,Monthly,7,Bank Transfer,2,7.0,No
C02412,Male,31.0,32.15,Monthly,2,E-Wallet,5,10.0,No
C02413,Male,31.0,58.57,Monthly,2,Bank Transfer,1,8.0,No
C02414,Male,,51.82,Monthly,5,Credit Card,3,7.0,Yes
C02415,Male,30.0,71.34,Monthly,37,E-Wallet,6,9.0,No
C02416,Female,48.0,,Monthly,14,Credit Card,1,8.0,No
C02417,Male,52.0,47.17,Monthly,5,E-Wallet,1,1.0,Yes
C02418,Male,18.0,93.49,Monthly,38,Cash,3,5.0,No
C02419,Male,51.0,,Monthly,17,Bank Transfer,2,6.0,No
C02420,Male,62.0,106.12,Monthly,29,E-Wallet,0,3.0,Yes
C02421,Male,41.0,33.77,Monthly,32,Credit Card,2,5.0,Yes
C02422,Male,45.0,80.02,Two-Year,17,Credit Card,1,8.0,No
C02423,Female,50.0,46.16,Monthly,4,Credit Card,3,6.0,Yes
C02424,Male,34.0,32.62,Yearly,69,E-Wallet,5,7.0,No
C02425,Male,40.0,43.66,Yearly,5,Bank Transfer,2,7.0,No
C02426,Female,22.0,69.77,Monthly,14,Credit Card,3,9.0,No
C02427,Male,39.0,54.43,Monthly,23,Credit Card,1,6.0,No
C02428,male,43.0,90.32,Two-Year,3,,2,,No
C02429,Male,44.0,104.18,Monthly,12,Credit Card,2,9.0,No
C02430,Female,50.0,32.06,Monthly,6,Credit Card,2,4.0,Yes
C02431,Female,28.0,31.02,Monthly,4,Credit Card,5,7.0,No
C02432,Female,31.0,30.35,Monthly,1,Credit Card,3,6.0,No
C02433,Female,60.0,36.43,Yearly,25,,3,6.0,No
C02434,Male,36.0,89.74,Two-Year,2,Bank Transfer,1,10.0,No
C02435,Female,40.0,70.26,Monthly,26,Bank Transfer,3,7.0,No
C02436,Male,37.0,42.72,Monthly,12,Bank Transfer,0,4.0,No
C02437,Male,28.0,54.33,Monthly,12,E-Wallet,3,7.0,Yes
C02438,Male,,102.71,Two-Year,22,E-Wallet,2,7.0,No
C02439,Female,200.0,128.84,Monthly,9,Credit Card,3,5.0,No
C02440,Male,24.0,61.36,Yearly,6,Credit Card,3,8.0,No
C02441,Female,32.0,16.5,Monthly,2,Credit Card,1,8.0,No
C02442,Female,18.0,62.41,Yearly,11,Bank Transfer,4,3.0,No
C02443,M,30.0,83.15,Monthly,10,Credit Card,2,7.0,No
C02444,Female,26.0,60.41,Two-Year,5,E-Wallet,3,5.0,No
C02445,F,45.0,75.71,Monthly,11,Bank Transfer,1,,No
C02446,Male,29.0,64.12,Yearly,7,,2,5.0,No
C02447,Male,48.0,31.32,Monthly,20,Credit Card,0,7.0,No
C02448,FEMALE,54.0,36.64,Monthly,10,Bank Transfer,1,8.0,No
C02449,Male,47.0,47.25,Monthly,33,E-Wallet,4,6.0,No
C02450,Male,35.0,88.18,Monthly,9,Credit Card,6,5.0,No
C02451,Male,39.0,38.68,Monthly,27,Credit Card,2,6.0,No
C02452,Female,19.0,67.03,Monthly,9,Credit Card,3,7.0,No
C02453,Female,36.0,62.59,Monthly,10,Bank Transfer,1,6.0,No
C02454,Male,27.0,111.47,Monthly,6,E-Wallet,4,6.0,Yes
C02455,Female,46.0,53.58,Monthly,7,Credit Card,0,3.0,No
C02456,Male,68.0,24.79,Monthly,33,Bank Transfer,4,7.0,No
C02457,Male,43.0,73.05,Monthly,4, E-Wallet,2,5.0,No
C02458,Female,18.0,142.9,Monthly,2,Bank Transfer,3,7.0,No
C02459,Male,33.0,75.23,Monthly,22,Credit Card,1,7.0,No
C02460,Male,39.0,38.3,Monthly,11,Cash,3,8.0,No
C02461,Female,39.0,,Yearly,5,Credit Card,1,6.0,No
C02462,Female,29.0,35.56,Monthly,7,Credit Card,2,5.0,Yes
C02463,Female,40.0,134.49,Monthly,9,E-Wallet,0,9.0,No
C02464,Female,23.0,47.12,Monthly,11,Credit Card,4,9.0,No
C02465,Female,26.0,40.52,Two-Year,21,E-Wallet,2,6.0,No
C02466,Male,45.0,50.84,Monthly,7,Credit Card,3,9.0,No
C02467,Male,,47.34,Yearly,14,E-Wallet,2,8.0,No
C02468,Male,44.0,110.55,Monthly,22,E-Wallet,4,10.0,No
C02469,Male,21.0,34.59,Monthly,23,Bank Transfer,3,8.0,No
C02470,Female,59.0,92.88,Monthly,4,Bank Transfer,2,7.0,No
C02471,Male,28.0,57.68,Monthly,6,Credit Card,2,6.0,No
C02472,Female,35.0,93.99,Monthly,11,Credit Card,4,7.0,No
C02473,Female,41.0,111.29,Monthly,27,E-Wallet,2,5.0,No
C02474,Female,31.0,56.72,Two-Year,19,E-Wallet,1,8.0,No
C02475,Female,39.0,47.38,Monthly,11,E-Wallet,3,5.0,Yes
C02476,Female,44.0,56.25,Monthly,50,Cash,2,,No
C02477,Male,49.0,52.32,Yearly,7,E-Wallet,3,6.0,No
C02478,Female,47.0,25.9,Yearly,23,E-Wallet,5,8.0,No
C02479,Male,35.0,109.8,Monthly,21,E-Wallet,2,8.0,Yes
C02480,M,36.0,60.98, Monthly ,29,Credit Card,0,8.0,No
C02481,Male,66.0,,Monthly,53,E-Wallet,3,6.0,No
C02482,Female,49.0,21.53,Monthly,9,E-Wallet,5,8.0,No
C02483,Female,26.0,19.16,Monthly,3,Credit Card,3,4.0,No
C02484,Male,39.0,77.22,Monthly,8,Cash,1,,No
C02485,Male,33.0,41.32,Monthly,24,Credit Card,4,,Yes
C02486,Female,36.0,44.49,Monthly,22,Bank Transfer,1,,Yes
C02487,Male,23.0,68.01,Monthly,5,Credit Card,7,9.0,No
C02488,Female,33.0,43.28,Monthly,1,Bank Transfer,6,3.0,No
C02489,Female,59.0,69.82,Yearly,9,Bank Transfer,6,8.0,No
C02490,Male,44.0,,Monthly,8,Bank Transfer,0,5.0,No
C02491,Male,18.0,52.57,Monthly,2,E-Wallet,4,7.0,Yes
C02492,Male,52.0,26.9,Yearly,20,E-Wallet,0,7.0,No
C02493,Female,51.0,37.76,Yearly,5,E-Wallet,4,9.0,Yes
C02494,Male,33.0,71.6,Yearly,13,Credit Card,2,7.0,No
C02495,Male,46.0,40.17,Monthly,2,Bank Transfer,2,6.0,No
C02496,male,27.0,93.92,Monthly,24,E-Wallet,3,4.0,No
C02497,Female,32.0,156.94,Monthly,17,E-Wallet,2,7.0,No
C02498,Female,55.0,73.36,Monthly,6,E-Wallet,1,4.0,Yes
C02499,Female,34.0,106.89,Monthly,12,Credit Card,3,8.0,No
C02500,Male,,75.51,Monthly,3,Credit Card,5,7.0,No
C02501,Female,37.0,42.93,Two-Year,51,Cash,6,7.0,No
C02502,Female,37.0,59.74,Monthly,20,E-Wallet,2,9.0,No
C02503,Female,52.0,135.1,Monthly,19,Credit Card,1,8.0,Yes
C02504,Female,38.0,43.14,Monthly,2,Bank Transfer,4,9.0,No
C02505,Male,32.0,34.2,Yearly,1,Bank Transfer,3,5.0,No
C02506,Male,50.0,32.77,Monthly,11,Bank Transfer,1,7.0,No
C02507,Female,39.0,49.51,Monthly,2,Bank Transfer,4,,No
C02508,Male,28.0,34.76,Two-Year,19,Bank Transfer,0,4.0,No
C02509,Female,51.0,115.97,Yearly,7,Cash,1,5.0,No
C02510,Female,,60.18,Yearly,5,E-Wallet,1,6.0,Yes
C02511,Male,38.0,84.54,Two-Year,1,E-Wallet,1,8.0,No
C02512,Female,40.0,47.73,Monthly,67,E-Wallet,0,6.0,No
C02513,Male,25.0,32.68,Yearly,38,Credit Card,3,8.0,Yes
C02514,Male,31.0,30.29,Monthly,2,Bank Transfer,0,10.0,Yes
C02515,Female,38.0,36.28,Monthly,5,Bank Transfer,5,4.0,No
C02516,Female,35.0,63.84,Monthly,6,E-Wallet,4,8.0,No
C02517,Male,53.0,68.99,Monthly,5,Cash,5,,No
C02518,Male,40.0,71.62,Monthly,33,Bank Transfer,3,8.0,No
C02519,Female,48.0,27.94,Monthly,16,Credit Card,2,8.0,No
C02520,Female,38.0,54.59,Monthly,38,Credit Card,3,3.0,No
C02521,Female,50.0,34.41,Monthly,25,Bank Transfer,4,5.0,Yes
C02522,FEMALE,42.0,65.41,Monthly,17,Credit Card,2,10.0,Yes
C02523,Male,38.0,67.73,Monthly,15,Cash,1,4.0,Yes
C02524,Male,37.0,32.22,Monthly,25,Bank Transfer,2,4.0,No
C02525,Female,26.0,84.4,Monthly,14,Cash,4,8.0,No
C02526,Male,44.0,156.41,Monthly,3,Credit Card,3,6.0,No
C02527,Male,,79.49,Monthly,13,Credit Card,0,,Yes
C02528,Female,31.0,50.74,Monthly,9,Bank Transfer,2,8.0,No
C02529,Male,51.0,47.35,Yearly,49,E-Wallet,1,8.0,No
C02530,Female,22.0,49.7,Monthly,9,Credit Card,1,3.0,No
C02531,Female,32.0,38.77,Monthly,1,E-Wallet,5,10.0,No
C02532,Female,50.0,,Monthly,4,,1,9.0,No
C02533,Male,41.0,32.71,Two-Year,30,,2,7.0,No
C02534,Male,37.0,23.33,Monthly,40,Credit Card,1,5.0,Yes
C02535,Female,41.0,60.27,Monthly,16,Bank Transfer,0,5.0,No
C02536,Female,40.0,55.12,Yearly,1,Credit Card,1,4.0,Yes
C02537,Female,19.0,42.22,Monthly,1,Credit Card,3,4.0,No
C02538,Male,33.0,30.65,Monthly,8,Bank Transfer,4,7.0,No
C02539,F,57.0,62.2,Monthly,72,Credit Card,2,6.0,Yes
C02540,Female,30.0,34.97,Two-Year,25,E-Wallet,3,8.0,No
C02541,Female,34.0,51.29,Yearly,33,E-Wallet,2,,No
C02542,Female,31.0,120.81,Monthly,12,Credit Card,2,7.0,Yes
C02543,Female,36.0,73.19,Monthly,24,Cash,2,7.0,No
C02544,Female,31.0,29.49,Monthly,5,Credit Card ,0,5.0,No
C02545,Male,43.0,30.76,Monthly,1,Cash,3,8.0,No
C02546,Male,40.0,58.46,Monthly,31,Bank Transfer,3,7.0,No
C02547,Male,47.0,29.4,Monthly,3,Bank Transfer,3,6.0,No
C02548,Male,25.0,22.18,Monthly,16,Credit Card,3,6.0,No
C02549,Male,33.0,,Yearly,13,Credit Card,3,6.0,Yes
C02550,Male,35.0,63.08,Monthly,3,Bank Transfer,1,5.0,No
C02551,Male,43.0,66.87,Monthly,3,Bank Transfer,3,9.0,No
C02552,Male,,61.46,Yearly,5,Bank Transfer,3,3.0,No
C02553,Female,48.0,53.02,Monthly,17,,1,7.0,No
C02554,Female,52.0,40.53,Yearly,1,Credit Card,3,7.0,No
C02555,Male,26.0,68.87,Monthly,7,E-Wallet,3,7.0,No
C02556,Female,32.0,108.68,Yearly,14,Credit Card,3,6.0,No
C02557,Female,31.0,43.57,Two-Year,3,Bank Transfer,5,7.0,No
C02558,Male,69.0,34.49,Monthly,2,Credit Card,5,9.0,No
C02559,Male,32.0,32.76,Monthly,6,Credit Card,4,5.0,No
C02560,Male,58.0,36.96,Monthly,5,E-Wallet,2,9.0,No
C02561,Female,22.0,,Monthly,13,Credit Card,3,6.0,No
C02562,Female,26.0,,Monthly,42,Bank Transfer,2,8.0,Yes
C02563,Male,29.0,66.53,Monthly,1,E-Wallet,3,4.0,No
C02564,Male,27.0,72.95,Yearly,28,Credit Card,3,9.0,No
C02565,Male,34.0,24.31,Yearly,7,Bank Transfer,2,10.0,No
C02566,Male,29.0,35.14,Two-Year,14,Credit Card,1,5.0,No
C02567,Male,28.0,56.59,Monthly,23,Credit Card,5,,No
C02568,Male,51.0,51.18,Monthly,11,Bank Transfer,1,9.0,No
C02569,Female,52.0,68.98,Yearly,2,Bank Transfer,5,4.0,No
C02570,Female,49.0,51.24,Monthly,2,Credit Card,7,8.0,Yes
C02571,Male,44.0,96.46,Monthly,19,Bank Transfer,2,4.0,No
C02572,Female,39.0,47.25,Monthly,4,Credit Card,2,5.0,No
C02573,Male,32.0,35.08,Monthly,11,E-Wallet,3,8.0,No
C02574,Male,26.0,33.83,Monthly,7,E-Wallet,2,9.0,No
C02575,Male,42.0,76.02,Monthly,5,Credit Card,1,15.0,Yes
C02576,Female,,55.33,Monthly,19,E-Wallet,1,7.0,No
C02577,Female,26.0,72.62,Monthly,16,Credit Card,4,5.0,No
C02578,Female,51.0,,Yearly,13,Credit Card,1,7.0,No
C02579,Male,60.0,22.0,Monthly,6,Credit Card,2,6.0,Yes
C02580,Female,42.0,32.69,Monthly,4,Bank Transfer,3,8.0,No
C02581,Male,51.0,34.49,Monthly,9,Credit Card,1,7.0,No
C02582,Female,-5.0,37.82,Monthly,21,Credit Card,1,6.0,No
C02583,Male,21.0,45.19,Monthly,11,Bank Transfer,2,8.0,No
C02584,Male,45.0,85.59,Monthly,43,Cash,2,6.0,Yes
C02585,Female,,93.63,Monthly,1,Bank Transfer,1,,No
C02586,Female,38.0,,Monthly,72,Bank Transfer,2,7.0,No
C02587,Male,35.0,48.76,Monthly,15,Cash,1,5.0,No
C02588,Female,49.0,39.75, Monthly ,22,Credit Card,6,5.0,No
C02589,Male,26.0,56.83,Monthly,5,Credit Card,2,9.0,No
C02590,Female,28.0,59.81,Monthly,9,Cash,6,4.0,No
C02591,Female,25.0,78.49, Monthly ,20,,2,10.0,No
C02592,Female,39.0,78.2,Monthly,18,Credit Card,5,9.0,Yes
C02593,Female,24.0,19.38,Monthly,5,E-Wallet,1,4.0,Yes
C02594,Female,29.0,50.98,Monthly,5,E-Wallet,1,7.0,No
C02595,Male,29.0,,Monthly,14,Credit Card,4,7.0,No
C02596,Female,34.0,44.83,Monthly,33,,3,7.0,No
C02597,Male,20.0,91.16,Monthly,7,Credit Card,2,6.0,No
C02598,Male,39.0,47.56,Monthly,6,Bank Transfer,2,6.0,Yes
C02599,Male,52.0,59.07, Monthly ,28,E-Wallet,2,,No
C02600,Male,39.0,32.73,Monthly,14,Credit Card,1,6.0,No
C02601,Female,56.0,33.29,Monthly,6,,1,9.0,No
C02602,Male,54.0,75.68,Monthly,1,E-Wallet,2,10.0,Yes
C02603,Female,47.0,81.19,Monthly,16,Credit Card,2,3.0,No
C02604,Male,38.0,55.25,Monthly,6,Bank Transfer,1,7.0,No
C02605,Male,38.0,31.43,Two-Year,1,Bank Transfer,2,7.0,Yes
C02606,Male,47.0,55.69,Monthly,12,Bank Transfer,3,7.0,No
C02607,Male,33.0,96.14,Two-Year,5,Cash,3,6.0,No
C02608,Male,18.0,119.62,Monthly,5,Credit Card,2,8.0,Yes
C02609,Female,43.0,47.35,Monthly,8,Credit Card,1,9.0,No
C02610,Male,24.0,25.87,Monthly,16,E-Wallet,3,8.0,No
C02611,M,26.0,79.69,Monthly,4,Bank Transfer,4,2.0,No
C02612,Male,38.0,48.22,Monthly,2,Cash,4,6.0,Yes
C02613,Male,36.0,83.46,Monthly,7,Credit Card,1,6.0,Yes
C02614,Female,21.0,61.96,Monthly,1,Credit Card,7,,No
C02615,Male,39.0,36.69,Monthly,15,Bank Transfer,1,7.0,No
C02616,Male,49.0,56.05,Yearly,39,E-Wallet,3,4.0,No
C02617,Male,24.0,98.37,Monthly,13,Bank Transfer,3,10.0,No
C02618,Male,53.0,51.05,Monthly,4,E-Wallet,3,10.0,No
C02619,Female,19.0,34.27,Monthly,3,Credit Card,1,8.0,No
C02620,Male,63.0,26.71,Monthly,4,,4,6.0,No
C02621,Female,33.0,38.57,Yearly,4,Credit Card,1,9.0,No
C02622,Female,39.0,45.4,Monthly,5,Cash,2,5.0,No
C02623,Male,18.0,78.96,Two-Year,2,Credit Card,1,9.0,No
C02624,Female,37.0,32.97,Yearly,28,Bank Transfer,4,10.0,No
C02625,Male,,109.86,Monthly,26,Credit Card,2,6.0,No
C02626,Female,,, Monthly ,12,Cash,1,8.0,No
C02627,Male,31.0,155.89,Yearly,1,Bank Transfer,1,9.0,No
C02628,F,26.0,118.69,Yearly,20,Cash,2,6.0,No
C02629,Male,51.0,58.18,Monthly,1,Credit Card,3,,No
C02630,Male,38.0,26.01,Two-Year,2,Credit Card,3,6.0,No
C02631,Female,56.0,53.25,Two-Year,5,Credit Card,2,8.0,No
C02632,Female,31.0,45.88,Monthly,7,Bank Transfer,2,6.0,Yes
C02633,Male,,30.77,Yearly,6,Credit Card,3,6.0,No
C02634,FEMALE,47.0,62.24,Monthly,3,E-Wallet,2,10.0,No
C02635,Female,18.0,4554.0,Monthly,2,Credit Card,3,7.0,Yes
C02636,Female,23.0,39.58,Monthly,24,Bank Transfer,5,6.0,Yes
C02637,Female,51.0,49.82,Monthly,6,Credit Card,1,9.0,Yes
C02638,Female,23.0,42.15,Yearly,3,Bank Transfer,3,6.0,Yes
C02639,Female,18.0,139.1,Monthly,9,Bank Transfer,3,7.0,No
C02640,Female,60.0,42.9,Monthly,1,,0,7.0,Yes
C02641,Male,21.0,66.58,Yearly,12,Cash,4,7.0,No
C02642,Male,40.0,58.29, Monthly ,4,,3,2.0,No
C02643,Female,38.0,63.99,Monthly,11,Bank Transfer,4,7.0,No
C02644,Female,18.0,,Monthly,12,Bank Transfer,3,8.0,No
C02645,Male,34.0,81.18,Monthly,20,Credit Card,1,8.0,No
C02646,Male,43.0,61.55,Yearly,4,Bank Transfer,3,10.0,No
C02647,Female,42.0,60.41, Monthly ,8,Bank Transfer,3,5.0,No
C02648,Male,48.0,,Monthly,40,Credit Card,2,5.0,No
C02649,Male,33.0,51.3,Monthly,16,E-Wallet,4,8.0,No
C02650,Male,46.0,36.22,Monthly,45,Credit Card,3,5.0,Yes
C02651,Male,29.0,53.12,Monthly,32,Credit Card,1,,No
C02652,Male,21.0,60.86,Monthly,12,Bank Transfer,4,8.0,No
C02653,FEMALE,22.0,65.43,Monthly,4,E-Wallet,3,8.0,No
C02654,Male,20.0,59.21,Monthly,17,Credit Card,4,7.0,No
C02655,Female,50.0,49.16,Monthly,15,Bank Transfer,4,6.0,No
C02656,Male,19.0,53.21,Monthly,11,Credit Card,5,8.0,Yes
C02657,Female,41.0,,Monthly,15,E-Wallet,1,8.0,No
C02658,Female,34.0,4659.0,Yearly,12,,0,8.0,No
C02659,Male,36.0,49.43,Monthly,9,E-Wallet,2,6.0,No
C02660,Female,54.0,59.22,Monthly,7,Credit Card,5,3.0,No
C02661,Male,32.0,85.66,Yearly,1,E-Wallet,4,6.0,No
C02662,Female,45.0,39.68,Two-Year,25,E-Wallet,4,6.0,No
C02663,Male,38.0,71.42,Monthly,25,E-Wallet,0,8.0,No
C02664,Female,36.0,55.42,Monthly,11,,1,10.0,No
C02665,Female,65.0,135.58,Monthly,4,Bank Transfer,1,4.0,No
C02666,Male,20.0,49.53,Two-Year,1,Credit Card,5,6.0,No
C02667,Male,53.0,74.65,Monthly,1,E-Wallet,2,5.0,Yes
C02668,Female,45.0,54.98,Two-Year,1,Credit Card,4,5.0,No
C02669,Female,32.0,29.23,Monthly,6,Credit Card,0,8.0,Yes
C02670,Male,57.0,43.19,Monthly,3,E-Wallet,0,,No
C02671,Female,18.0,81.14,Yearly,4,Credit Card,3,,No
C02672,Male,31.0,44.94,Yearly,15,Credit Card,1,8.0,No
C02673,Female,23.0,20.1,Yearly,39,Bank Transfer,2,10.0,No
C02674,Male,42.0,53.83,Yearly,3,E-Wallet,1,8.0,No
C02675,Female,24.0,33.4,Yearly,8,E-Wallet,3,3.0,No
C02676,Male,43.0,57.93,Monthly,58,Bank Transfer,2,7.0,No
C02677,Male,,109.73,Monthly,33,Credit Card,4,8.0,No
C02678,Male,32.0,77.19,Monthly,6,E-Wallet,2,,No
C02679,Male,42.0,109.02,Monthly,5,Bank Transfer,2,7.0,No
C02680,Male,34.0,42.41,Monthly,4,Credit Card,2,8.0,No
C02681,Male,24.0,51.19,Monthly,3,Cash,2,7.0,No
C02682,Female,71.0,34.12,Monthly,8,Credit Card,2,9.0,Yes
C02683,Male,32.0,40.13,Monthly,6,Credit Card,3,7.0,No
C02684,Male,18.0,35.98,Two-Year,17,Credit Card,1,,No
C02685,Male,27.0,30.33, Monthly ,4,Cash,4,4.0,Yes
C02686,Male,22.0,100.95,Monthly,16,Credit Card,2,,Yes
C02687,Male,47.0,21.3,Monthly,5,,3,,Yes
C02688,FEMALE,41.0,101.15,Monthly,11,E-Wallet,3,8.0,No
C02689,Male,42.0,95.65,Monthly,13,Credit Card,3,6.0,No
C02690,Male,33.0,68.37,Monthly,14,Credit Card,1,4.0,Yes
C02691,Female,34.0,33.06,Monthly,3,Credit Card,3,6.0,No
C02692,Female,,26.79,Yearly,4,Bank Transfer,1,6.0,Yes
C02693,Male,37.0,42.66,Yearly,4,Bank Transfer,1,5.0,Yes
C02694,Male,48.0,,Monthly,11,E-Wallet,2,7.0,Yes
C02695,Female,42.0,54.67,Monthly,1,Credit Card,3,10.0,No
C02696,M,44.0,34.14,Monthly,9,E-Wallet,2,4.0,Yes
C02697,Female,43.0,91.53,Yearly,2,Cash,2,7.0,No
C02698,Male,48.0,116.51,Monthly,5,E-Wallet,4,4.0,No
C02699,Female,41.0,49.31,Monthly,14,Bank Transfer,3,9.0,No
C02700,Female,42.0,57.35,Monthly,7,,1,4.0,No
C02701,Female,52.0,27.69,Monthly,4,Cash,3,3.0,No
C02702,FEMALE,,45.31,Monthly,12,Bank Transfer,3,7.0,No
C02703,Male,27.0,68.7,Monthly,17,Credit Card,2,5.0,No
C02704,M,23.0,64.05,Yearly,4,Cash,2,10.0,Yes
C02705,Female,40.0,43.45,Monthly,5,E-Wallet,1,4.0,No
C02706,Female,18.0,48.26,Monthly,13,Credit Card,4,3.0,No
C02707,Male,43.0,44.65,Yearly,41,Cash,3,7.0,No
C02708,Male,36.0,48.17,Yearly,3,Credit Card,1,2.0,No
C02709,Male,51.0,66.05,Monthly,13,Credit Card,1,,No
C02710,Male,29.0,22.52,Monthly,29,Credit Card,2,4.0,No
C02711,Female,35.0,52.8,Monthly,8,Credit Card,8,4.0,No
C02712,Male,150.0,63.91,Monthly,5,Bank Transfer,2,5.0,No
C02713,Male,54.0,42.24,Monthly,14,Bank Transfer,3,5.0,No
C02714,Male,29.0,44.0,Yearly,1,Bank Transfer,4,5.0,No
C02715,Male,40.0,44.58,Monthly,6,Bank Transfer,1,8.0,No
C02716,Male,41.0,44.01,Monthly,4,E-Wallet,4,6.0,Yes
C02717,Female,42.0,54.74,Monthly,4,Credit Card,3,7.0,No
C02718,Female,34.0,57.86,Monthly,3,Cash,2,6.0,Yes
C02719,Female,53.0,21.22,Monthly,17,E-Wallet,0,6.0,No
C02720,Male,18.0,73.24,Monthly,38,E-Wallet,3,7.0,No
C02721,Female,32.0,47.92,Monthly,6,Bank Transfer,2,,No
C02722,Female,43.0,130.3,Monthly,1,Cash,2,9.0,No
C02723,Female,43.0,31.94,Monthly,16,,2,8.0,No
C02724,Male,54.0,36.96,Monthly,10,Credit Card,4,10.0,No
C02725,Male,52.0,49.83,Monthly,16,E-Wallet,3,5.0,No
C02726,Male,34.0,65.76,Monthly,13,E-Wallet,4,5.0,Yes
C02727,Male,53.0,22.7,Monthly,29,Credit Card,5,8.0,No
C02728,Male,29.0,37.6,Yearly,2,Bank Transfer,3,5.0,No
C02729,Male,49.0,71.24,Yearly,3,Bank Transfer,3,7.0,No
C02730,Male,59.0,35.64,Yearly,6,Bank Transfer,1,10.0,No
C02731,Female,52.0,101.14,Monthly,9,,0,10.0,No
C02732,Male,39.0,44.51,Monthly,32,Cash,7,5.0,No
C02733,Male,34.0,36.43,Monthly,29,Cash,0,4.0,Yes
C02734,Female,19.0,71.85,Yearly,25,Cash,5,2.0,No
C02735,Female,41.0,112.55,Yearly,4,Bank Transfer,3,7.0,No
C02736,F,24.0,65.85,Yearly,16,Credit Card,2,6.0,No
C02737,Female,28.0,96.27,Monthly,6,Bank Transfer,2,6.0,No
C02738,Female,23.0,116.1, Monthly ,33,Bank Transfer,4,6.0,No
C02739,Female,32.0,36.06,Yearly,3,Credit Card,4,6.0,No
C02740,Male,37.0,83.29,Monthly,2,Bank Transfer,6,6.0,Yes
C02741,Male,41.0,,Monthly,23,Bank Transfer,3,7.0,No
C02742,Male,30.0,66.1,Monthly,16,Cash,1,9.0,No
C02743,Male,50.0,52.87,Monthly,21,Credit Card,4,2.0,No
C02744,Male,35.0,95.52,Monthly,3,E-Wallet,2,,No
C02745,Female,28.0,92.53,Yearly,26,Bank Transfer,1,4.0,No
C02746,Female,40.0,,Yearly,14,Credit Card,3,8.0,No
C02747,Female,61.0,62.45,Two-Year,13,Credit Card,2,6.0,No
C02748,Male,42.0,68.63,Monthly,11,Credit Card,2,9.0,No
C02749,Female,33.0,56.14,Monthly,18,Credit Card,3,8.0,No
C02750,FEMALE,19.0,53.12,Monthly,7,Credit Card,3,5.0,No
C02751,Male,35.0,104.5,Monthly,2,Cash,2,7.0,No
C02752,Female,40.0,110.31,Monthly,10,Credit Card,1,9.0,No
C02753,Male,33.0,51.23,Yearly,17,E-Wallet,2,6.0,No
C02754,Male,18.0,60.76,Monthly,3,Cash,2,6.0,Yes
C02755,Female,27.0,56.64,Monthly,4,Bank Transfer,2,5.0,No
C02756,Male,55.0,26.44,Monthly,15,Credit Card,2,6.0,No
C02757,Male,55.0,,Two-Year,4,Bank Transfer,2,,Yes
C02758,Female,27.0,112.15,Monthly,3,Credit Card,1,8.0,No
C02759,Female,46.0,38.96,Monthly,27,Credit Card,2,8.0,No
C02760,Male,23.0,141.39,Two-Year,3,Bank Transfer,4,6.0,No
C02761,Male,54.0,92.52,Monthly,6,Credit Card,4,5.0,No
C02762,Male,40.0,65.41,Monthly,7,E-Wallet,1,6.0,No
C02763,Female,49.0,70.27,Monthly,8,Bank Transfer,2,9.0,No
C02764,Male,18.0,36.13,Monthly,6,E-Wallet,1,9.0,No
C02765,Male,46.0,48.46,Monthly,30,Credit Card,1,6.0,No
C02766,Female,37.0,104.44,Yearly,13,Credit Card,8,7.0,No
C02767,Female,48.0,41.41,Monthly,6,Bank Transfer,4,7.0,No
C02768,Male,48.0,88.02,Monthly,6,E-Wallet,0,7.0,No
C02769,Male,38.0,29.38,Monthly,9,E-Wallet,3,2.0,No
C02770,Female,30.0,31.84,Monthly,1,E-Wallet,1,4.0,Yes
C02771,Male,47.0,128.46,Monthly,32,Bank Transfer,2,8.0,No
C02772,Male,37.0,54.31,Monthly,4,Bank Transfer,1,7.0,No
C02773,F,27.0,42.85,Monthly,15,Credit Card,2,9.0,No
C02774,FEMALE,26.0,100.81,Monthly,19,Bank Transfer,0,6.0,No
C02775,Female,20.0,95.64,Monthly,22,Bank Transfer,4,4.0,Yes
C02776,Male,31.0,82.63,Monthly,3,Credit Card,4,6.0,No
C02777,Male,51.0,42.25,Monthly,10,E-Wallet,0,8.0,No
C02778,Male,40.0,47.98,Monthly,2,E-Wallet,1,7.0,No
C02779,Male,31.0,,Yearly,20,Credit Card,6,3.0,No
C02780,Male,,74.63,Monthly,8,Cash,2,5.0,No
C02781,Male,28.0,43.43,Yearly,3,Credit Card,1,5.0,Yes
C02782,Female,39.0,58.96,Monthly,16,Credit Card,3,4.0,No
C02783,Female,35.0,61.58,Two-Year,5,Cash,1,6.0,No
C02784,Female,47.0,97.42,Monthly,2,Bank Transfer,0,8.0,No
C02785,Female,19.0,76.67,Two-Year,8,E-Wallet,6,4.0,No
C02786,Male,,27.71,Monthly,4,Credit Card,5,8.0,No
C02787,Female,18.0,49.59,Yearly,37,E-Wallet,2,7.0,No
C02788,Male,34.0,35.95,Two-Year,6,E-Wallet,4,5.0,No
C02789,Female,52.0,70.5,Monthly,11,Bank Transfer,4,7.0,No
C02790,Female,31.0,82.72,Yearly,36,E-Wallet,4,6.0,No
C02791,Female,31.0,57.15,Monthly,7,Cash,2,8.0,No
C02792,Female,48.0,48.39,Monthly,6,,3,10.0,Yes
C02793,Female,50.0,56.32,Monthly,3,Bank Transfer,1,10.0,No
C02794,Male,36.0,59.98,Monthly,34,E-Wallet,1,2.0,No
C02795,Male,46.0,40.93,Monthly,20,Credit Card,2,6.0,No
C02796,Female,25.0,31.55,Two-Year,3,Cash,3,5.0,No
C02797,Male,54.0,21.7,Yearly,5,Credit Card,2,8.0,No
C02798,Female,63.0,96.57,Yearly,30,Bank Transfer,2,8.0,Yes
C02799,Female,44.0,68.26,Monthly,10,E-Wallet,3,8.0,No
C02800,Male,18.0,64.27,Monthly,10,Bank Transfer,2,7.0,No
C02801,Female,31.0,96.48,Monthly,13,Credit Card,1,5.0,No
C02802,M,45.0,31.03,Monthly,18,Bank Transfer,5,9.0,No
C02803,Female,32.0,25.0,Monthly,34,E-Wallet,2,5.0,No
C02804,Female,53.0,64.9,Monthly,20,Bank Transfer,2,,No
C02805,Female,45.0,62.3,Yearly,33,Credit Card,0,3.0,No
C02806,Female,29.0,25.05,Monthly,21,E-Wallet,4,6.0,No
C02807,Female,38.0,64.19,Monthly,1,Bank Transfer,1,9.0,No
C02808,Male,27.0,45.6,Monthly,2,Bank Transfer,1,4.0,No
C02809,Male,35.0,37.97,Monthly,26,Credit Card,1,8.0,No
C02810,Female,31.0,46.99,Monthly,1,Credit Card,4,5.0,No
C02811,Male,52.0,18.2,Monthly,19,Bank Transfer,3,5.0,No
C02812,Female,63.0,41.84,Monthly,23,Bank Transfer,2,3.0,Yes
C02813,Female,20.0,39.77,Two-Year,7,Bank Transfer,0,8.0,No
C02814,Male,18.0,70.15,Monthly,6,Credit Card,5,5.0,No
C02815,FEMALE,35.0,50.85,Yearly,3,Credit Card,5,7.0,No
C02816,Female,19.0,72.78,Monthly,1,,2,6.0,Yes
C02817,Male,38.0,17.33,Monthly,17,Bank Transfer,0,6.0,No
C02818,Male,46.0,37.43,Yearly,1,Credit Card,6,7.0,Yes
C02819,Male,,,Monthly,35,Credit Card,3,8.0,Yes
C02820,Male,40.0,47.51,Monthly,5,Credit Card,2,8.0,No
C02821,Female,35.0,79.87,Monthly,19,Bank Transfer,1,5.0,No
C02822,Male,,24.24,Yearly,1,Bank Transfer,0,5.0,No
C02823,Female,38.0,75.87,Monthly,10,Credit Card,4,10.0,No
C02824,Male,38.0,40.95,Monthly,6,Bank Transfer,2,6.0,No
C02825,Male,45.0,39.2,Monthly,1,Credit Card,1,8.0,No
C02826,Female,29.0,85.28,Monthly,13,Credit Card,4,5.0,No
C02827,Female,32.0,92.1,Yearly,35,E-Wallet,7,4.0,No
C02828,male,20.0,86.97,Yearly,1,E-Wallet,3,,No
C02829,Male,18.0,136.65,Monthly,4,E-Wallet,2,6.0,No
C02830,Male,24.0,96.55,Monthly,15,Credit Card,0,7.0,No
C02831,Male,19.0,38.17,Two-Year,25,Credit Card,2,10.0,No
C02832,Female,42.0,58.19,Monthly,3,Bank Transfer,2,7.0,No
C02833,Male,31.0,,Yearly,1,E-Wallet,3,5.0,No
C02834,Male,31.0,136.06,Monthly,1,Bank Transfer,1,6.0,No
C02835,Male,26.0,89.76,Monthly,3,Bank Transfer,3,5.0,Yes
C02836,Female,18.0,50.15,Yearly,1,Credit Card,2,3.0,No
C02837,Female,56.0,81.05,Monthly,6,,2,6.0,Yes
C02838,Male,25.0,31.36,Yearly,7,E-Wallet,3,,No
C02839,Female,33.0,61.11,Monthly,8,,3,8.0,No
C02840,Male,20.0,35.8,Monthly,2,Credit Card,4,6.0,No
C02841,Male,49.0,25.54,Yearly,8,Bank Transfer,1,7.0,No
C02842,Female,39.0,77.71,Monthly,1,E-Wallet,0,6.0,Yes
C02843,Female,28.0,82.18,Yearly,4,Credit Card,0,8.0,No
C02844,Female,33.0,67.07,Two-Year,6,Bank Transfer,1,10.0,No
C02845,Female,58.0,50.28,Two-Year,2,Cash,1,,No
C02846,Male,37.0,30.88,Yearly,21,Credit Card,3,7.0,No
C02847,Female,35.0,32.38,Monthly,3,Credit Card,1,9.0,No
C02848,Male,26.0,35.3,Monthly,17,Bank Transfer,1,10.0,No
C02849,Female,,49.15,Yearly,8,Credit Card,4,,No
C02850,Male,36.0,88.61,Monthly,8,Credit Card,0,7.0,No
C02851,Female,,87.99,Monthly,13,Credit Card,1,7.0,No
C02852,Male,51.0,26.0,Monthly,1,,1,5.0,No
C02853,Male,18.0,39.97,Monthly,1,E-Wallet,3,4.0,No
C02854,Female,24.0,39.49,Two-Year,5,E-Wallet,6,6.0,No
C02855,Male,31.0,17.48,Monthly,7,Credit Card,2,7.0,No
C02856,Male,37.0,70.44,Monthly,7,E-Wallet,1,6.0,No
C02857,Male,36.0,48.87,Monthly,14,E-Wallet,4,7.0,No
C02858,M,36.0,51.89,Yearly,1,Bank Transfer,2,6.0,No
C02859,F,42.0,100.05,Two-Year,39,Credit Card,3,9.0,No
C02860,Male,27.0,56.81,Monthly,3,E-Wallet,2,8.0,No
C02861,male,49.0,44.98,Yearly,4,Credit Card,2,15.0,Yes
C02862,Male,43.0,70.63,Monthly,29,Credit Card,2,6.0,No
C02863,Female,34.0,87.93,Monthly,1,Credit Card,3,6.0,Yes
C02864,Female,57.0,62.39,Yearly,57,Credit Card,2,10.0,No
C02865,Male,56.0,74.45,Monthly,1,E-Wallet,3,6.0,No
C02866,Female,49.0,51.14,Monthly,2,Credit Card,1,8.0,No
C02867,Male,18.0,52.62,Monthly,4,,1,3.0,No
C02868,Female,56.0,,Monthly,7,Credit Card,2,6.0,No
C02869,Male,47.0,38.9,Monthly,9,Bank Transfer,1,8.0,No
C02870,Male,62.0,42.28,Monthly,2,Credit Card,4,8.0,No
C02871,Female,52.0,101.5,Monthly,1,Bank Transfer,1,10.0,No
C02872,Female,56.0,134.77,Monthly,1,Credit Card,0,8.0,No
C02873,Female,48.0,111.78,Monthly,4,,1,8.0,No
C02874,Male,54.0,30.1,Monthly,31,,2,6.0,No
C02875,Female,61.0,28.82,Two-Year,6,Bank Transfer,6,7.0,No
C02876,Male,40.0,31.95,Monthly,18,Credit Card,3,8.0,Yes
C02877,Male,19.0,58.0,Two-Year,3,Bank Transfer,3,9.0,No
C02878,Male,34.0,15.43,Monthly,1,Credit Card,0,6.0,No
C02879,Female,42.0,41.89,Yearly,10,Cash,2,7.0,No
C02880,Male,38.0,102.84,Monthly,21,Bank Transfer,1,11.0,No
C02881,Male,23.0,84.95,Yearly,28,Credit Card,4,8.0,No
C02882,Female,18.0,43.42,Monthly,10,Credit Card,4,7.0,No
C02883,Male,29.0,44.92,Monthly,5,Credit Card,2,4.0,Yes
C02884,Male,47.0,70.48,Monthly,2,E-Wallet,1,8.0,No
C02885,Male,56.0,83.17,Monthly,14,Credit Card,2,,No
C02886,M,150.0,42.95,Yearly,4,E-Wallet,2,4.0,No
C02887,Male,50.0,49.13,Two-Year,23,Bank Transfer,2,10.0,No
C02888,Male,37.0,42.32,Monthly,12,E-Wallet,4,6.0,No
C02889,Female,,29.99,Two-Year,24,E-Wallet,0,5.0,No
C02890,Female,32.0,49.46,Monthly,11,Cash,4,6.0,Yes
C02891,Male,34.0,47.79,Yearly,18,Credit Card,3,6.0,No
C02892,Female,32.0,30.96,Two-Year,5,E-Wallet,6,6.0,No
C02893,Female,38.0,73.02,Monthly,9,Credit Card,1,7.0,No
C02894,Female,43.0,67.86,Monthly,1,Credit Card,2,3.0,Yes
C02895,M,48.0,74.67,Monthly,12,Bank Transfer,2,,No
C02896,Female,,38.64,Monthly,10,Bank Transfer,3,10.0,No
C02897,Female,,22.36,Yearly,17,Bank Transfer,2,3.0,No
C02898,Male,32.0,67.38,Monthly,16,Cash,2,7.0,No
C02899,Male,38.0,40.49,Two-Year,12,E-Wallet,3,4.0,No
C02900,Male,52.0,36.57,Monthly,1,Credit Card,1,4.0,No
C02901,Male,31.0,31.01,Monthly,28,Bank Transfer,1,8.0,No
C02902,Female,44.0,48.24,Monthly,1,Credit Card,2,10.0,No
C02903,Male,41.0,111.03,Two-Year,20,Bank Transfer,2,6.0,No
C02904,Male,38.0,690.0,Monthly,8,Bank Transfer,1,8.0,No
C02905,Female,49.0,33.43,Two-Year,21,E-Wallet,5,2.0,Yes
C02906,Male,30.0,73.21,Monthly,8,Cash,1,4.0,No
C02907,Female,31.0,59.01,Monthly,13,Credit Card,1,4.0,Yes
C02908,Male,37.0,21.04,Monthly,6,Cash,4,,No
C02909,Male,30.0,73.56,Yearly,17,E-Wallet,3,9.0,No
C02910,Male,44.0,142.28,Monthly,4,Credit Card,1,9.0,No
C02911,Male,29.0,16.94,Monthly,16,Credit Card,1,7.0,Yes
C02912,Male,40.0,31.31,Monthly,3,Bank Transfer,4,4.0,No
C02913,Female,36.0,15.15,Monthly,16,Credit Card,5,5.0,No
C02914,Female,40.0,52.78,Monthly,5,Credit Card,2,10.0,Yes
C02915,Male,,85.26,Yearly,4,Bank Transfer,4,,No
C02916,Female,33.0,57.25,Monthly,21,,3,4.0,No
C02917,Female,39.0,102.15,Yearly,21,Cash,1,6.0,No
C02918,Female,40.0,79.34,Monthly,15,E-Wallet,1,9.0,No
C02919,Male,37.0,117.44,Monthly,31,Bank Transfer,1,10.0,No
C02920,Male,58.0,92.03,Monthly,3,Credit Card,2,7.0,No
C02921,Male,26.0,45.54,Monthly,4,Bank Transfer,1,7.0,No
C02922,Female,37.0,56.26,Yearly,5,Bank Transfer,6,6.0,No
C02923,Female,19.0,36.93,Yearly,5,E-Wallet,6,6.0,Yes
C02924,Male,42.0,,Monthly,5,Credit Card,2,7.0,Yes
C02925,Male,24.0,56.14,Two-Year,15,E-Wallet,3,6.0,No
C02926,Female,34.0,52.55,Monthly,4,Bank Transfer,2,10.0,No
C02927,Female,33.0,,Yearly,5,Credit Card,0,4.0,No
C02928,Female,41.0,47.06,Monthly,11,Credit Card,6,4.0,No
C02929,Female,31.0,35.89,Monthly,3,,1,6.0,Yes
C02930,Male,30.0,36.92,Monthly,6,Credit Card,3,4.0,No
C02931,Female,55.0,73.32,Monthly,1,Cash,3,9.0,No
C02932,Female,41.0,29.04,Two-Year,37,E-Wallet,4,7.0,No
C02933,Male,31.0,49.87,Monthly,5,Bank Transfer,2,8.0,No
C02934,Female,34.0,99.22,Monthly,23,Bank Transfer,1,5.0,No
C02935,Female,57.0,62.28,Monthly,10,Credit Card,3,3.0,No
C02936,Male,35.0,52.8,Monthly,4,E-Wallet,0,7.0,No
C02937,male,29.0,53.72,Monthly,3,Bank Transfer,3,7.0,No
C02938,Female,29.0,34.35,Monthly,15,Bank Transfer,4,9.0,No
C02939,Female,31.0,37.12,Monthly,41,E-Wallet,1,7.0,No
C02940,Male,30.0,50.01,Monthly,3,Credit Card,3,7.0,No
C02941,Male,22.0,61.69,Monthly,2,,2,9.0,No
C02942,Female,24.0,83.65,Monthly,6,Bank Transfer,3,6.0,No
C02943,FEMALE,28.0,56.92,Yearly,7,Credit Card,4,6.0,No
C02944,FEMALE,45.0,100.36,Yearly,20,Credit Card,1,4.0,No
C02945,Female,33.0,112.43,Yearly,8,Bank Transfer,5,7.0,No
C02946,Male,35.0,78.09,Two-Year,1,Bank Transfer,3,5.0,No
C02947,Male,,94.75,Yearly,31,Credit Card,2,9.0,No
C02948,Male,53.0,34.96,Monthly,6,E-Wallet,2,7.0,No
C02949,Male,34.0,32.55,Monthly,14,Credit Card,1,4.0,No
C02950,Female,30.0,68.93,Two-Year,14,Bank Transfer,2,5.0,No
C02951,Female,27.0,29.86,Monthly,1,Credit Card,4,7.0,No
C02952,Female,46.0,47.91,Monthly,1,Credit Card,1,4.0,No
C02953,Female,35.0,77.25, Monthly ,2,Bank Transfer,1,8.0,No
C02954,Male,33.0,103.13,Two-Year,38,Bank Transfer,2,6.0,No
C02955,Female,28.0,48.7,Yearly,19,E-Wallet,0,5.0,No
C02956,male,28.0,40.75,Monthly,2,Bank Transfer,3,10.0,No
C02957,Female,41.0,63.07,Two-Year,12,Credit Card,2,6.0,No
C02958,Female,22.0,33.68,Two-Year,12,Bank Transfer,3,9.0,No
C02959,Male,49.0,,Monthly,1,Credit Card,1,9.0,No
C02960,Female,31.0,54.4,Yearly,7,Credit Card,3,9.0,No
C02961,Male,36.0,53.91,Yearly,15,Cash,5,5.0,No
C02962,Male,21.0,56.82,Monthly,3,Bank Transfer,2,6.0,No
C02963,Male,37.0,37.5,Monthly,23,Credit Card,3,9.0,No
C02964,Female,34.0,39.36,Monthly,13,E-Wallet,2,6.0,No
C02965,Female,37.0,,Monthly,1,E-Wallet,1,5.0,No
C02966,Female,55.0,26.34,Two-Year,24,,3,9.0,No
C02967,F,40.0,63.68,Monthly,1,Bank Transfer,6,6.0,Yes
C02968,Female,28.0,81.66,Monthly,27,Bank Transfer,5,9.0,No
C02969,Female,29.0,78.13,Two-Year,5,E-Wallet,1,7.0,No
C02970,Male,45.0,48.52,Two-Year,15,E-Wallet,4,6.0,Yes
C02971,Male,53.0,37.9,Monthly,19,Bank Transfer,4,1.0,Yes
C02972,Male,41.0,76.32,Two-Year,4,E-Wallet,4,6.0,No
C02973,Female,46.0,,Monthly,6,Credit Card,3,8.0,No
C02974,Female,45.0,60.21,Monthly,9,Credit Card,3,5.0,No
C02975,Male,55.0,119.69,Yearly,11,Cash,1,4.0,Yes
C02976,Male,18.0,53.95,Yearly,5,Cash,0,7.0,No
C02977,Female,46.0,48.64,Yearly,59,E-Wallet,1,5.0,Yes
C02978,Male,49.0,2039.0,Monthly,17,Credit Card,3,4.0,Yes
C02979,Female,21.0,27.05,Monthly,4,Credit Card,3,9.0,Yes
C02980,Female,27.0,73.52,Two-Year,13,Credit Card,0,7.0,No
C02981,Male,27.0,52.07,Monthly,7,E-Wallet,3,8.0,No
C02982,Male,29.0,68.68,Monthly,24,Credit Card,1,5.0,Yes
C02983,Female,32.0,125.07,Yearly,5,E-Wallet,2,6.0,No
C02984,Female,40.0,45.79,Monthly,3,E-Wallet,3,8.0,No
C02985,Female,48.0,19.07,Monthly,1,Bank Transfer,4,6.0,No
C02986,Female,50.0,67.79,Monthly,50,Cash,2,2.0,No
C02987,Male,27.0,,Yearly,6,E-Wallet,4,6.0,No
C02988,Male,27.0,39.27,Two-Year,3,E-Wallet,2,6.0,No
C02989,Female,53.0,65.29,Monthly,9,Credit Card,5,8.0,No
C02990,Female,45.0,77.77,Monthly,5,Cash,0,7.0,No
C02991,Male,38.0,35.66,Monthly,4,Credit Card,3,6.0,Yes
C02992,Female,,47.67,Yearly,12,Credit Card,2,5.0,No
C02993,Female,37.0,106.12,Monthly,1,E-Wallet,2,9.0,No
C02994,Male,,39.46,Yearly,9,Credit Card,2,9.0,No
C02995,Male,33.0,56.26,Monthly,6,Bank Transfer,2,4.0,No
C02996,Female,41.0,16.76,Monthly,10,Bank Transfer,3,8.0,No
C02997,Male,,28.03,Yearly,5,Bank Transfer,1,4.0,No
C02998,Male,29.0,58.61,Monthly,11,Cash,5,8.0,No
C02999,Male,29.0,94.88,Yearly,2,E-Wallet,1,7.0,No
C03000,Female,33.0,29.58,Monthly,6,Credit Card,3,9.0,No
C03001,Female,26.0,56.46,Monthly,4,Credit Card,1,8.0,No
C03002,Female,31.0,46.11,Monthly,7,,3,3.0,No
C03003,Male,19.0,83.84,Monthly,7,Bank Transfer,1,7.0,No
C03004,Female,44.0,31.56,Monthly,12,Credit Card,4,9.0,No
C03005,Female,37.0,66.26,Yearly,12,Bank Transfer,1,9.0,No
C03006,Female,18.0,40.68,Monthly,7,Credit Card,2,,No
C03007,Female,27.0,60.36,Yearly,3,Credit Card,0,5.0,No
C03008,Male,42.0,56.32,Monthly,11,Bank Transfer,3,9.0,No
C03009,Female,31.0,48.75,Monthly,41,Bank Transfer,3,7.0,No
C03010,Male,29.0,67.7,Monthly,3,Credit Card,4,8.0,No
C03011,Female,37.0,55.68,Yearly,1,E-Wallet,2,7.0,No
C03012,Male,42.0,51.43,Monthly,4,E-Wallet,2,4.0,Yes
C03013,Male,20.0,46.51,Monthly,7,E-Wallet,1,7.0,No
C03014,Male,44.0,56.54,Monthly,5,Bank Transfer,3,9.0,No
C03015,Female,28.0,2297.0,Monthly,22,E-Wallet,3,6.0,Yes
C03016,Male,37.0,34.98,Monthly,9,E-Wallet,1,,No
C03017,Female,37.0,46.65,Monthly,4,,1,2.0,No
C03018,Male,31.0,33.96,Monthly,36,Credit Card,3,5.0,No
C03019,Male,25.0,53.63,Monthly,2,Credit Card,2,7.0,No
C03020,Female,34.0,41.82,Yearly,2,E-Wallet,4,6.0,No
C03021,Male,57.0,77.23,Yearly,4,Credit Card,1,5.0,No
C03022,Male,21.0,73.9,Monthly,1,Bank Transfer,5,4.0,Yes
C03023,Female,58.0,36.04,Monthly,17,Credit Card,3,3.0,No
C03024,Male,34.0,54.54,Monthly,5,Credit Card,2,10.0,No
C03025,Male,38.0,72.77,Yearly,16,Bank Transfer,0,8.0,Yes
C03026,Male,24.0,50.46,Monthly,18,E-Wallet,6,7.0,Yes
C03027,Female,28.0,39.34,Monthly,4,E-Wallet,3,5.0,No
C03028,Female,31.0,33.4,Two-Year,9,Credit Card,1,5.0,No
C03029,Female,25.0,80.19,Two-Year,9,E-Wallet,4,6.0,No
C03030,Female,35.0,81.96,Yearly,25,Bank Transfer,3,4.0,No
C03031,Male,33.0,49.72,Two-Year,1,Credit Card,6,7.0,No
C03032,Male,60.0,77.07,Yearly,5,,3,6.0,No
C03033,Female,24.0,14.38,Yearly,26,Credit Card,1,8.0,No
C03034,M,39.0,99.23,Monthly,4,Credit Card,4,3.0,No
C03035,FEMALE,40.0,50.88,Two-Year,2,E-Wallet,4,7.0,No
C03036,Male,25.0,58.2,Yearly,11,E-Wallet,2,6.0,No
C03037,Male,46.0,47.26,Monthly,5,Bank Transfer,1,7.0,No
C03038,Female,33.0,102.32,Monthly,8,Credit Card,4,5.0,No
C03039,Male,18.0,33.87,Monthly,21,Credit Card,4,5.0,No
C03040,Male,45.0,106.01,Two-Year,9,Cash,5,4.0,Yes
C03041,Male,24.0,65.26,Monthly,9,,2,2.0,No
C03042,Female,25.0,72.25,Monthly,4,,0,9.0,No
C03043,Male,46.0,47.08,Monthly,19,Bank Transfer,0,,No
C03044,Male,33.0,30.3,Two-Year,17,Credit Card,2,7.0,No
C03045,Female,49.0,,Monthly,4,Cash,3,9.0,No
C03046,Female,52.0,62.81,Monthly,5,Credit Card,1,5.0,No
C03047,Male,,100.76,Monthly,19,E-Wallet,3,6.0,No
C03048,Male,47.0,50.04,Monthly,6,E-Wallet,3,6.0,No
C03049,FEMALE,28.0,45.21,Monthly,7,E-Wallet,4,6.0,No
C03050,Male,64.0,101.97,Monthly,6,E-Wallet,2,8.0,No
C03051,Male,29.0,129.07,Monthly,3,E-Wallet,2,7.0,No
C03052,Male,50.0,54.83,Monthly,6,Bank Transfer,5,8.0,No
C03053,Male,48.0,38.91,Monthly,20,E-Wallet,3,10.0,No
C03054,Male,41.0,78.63,Monthly,9,Cash,4,4.0,Yes
C03055,Female,29.0,48.7,Two-Year,8,Bank Transfer,2,4.0,No
C03056,Female,36.0,71.5,Monthly,3,Bank Transfer,5,6.0,Yes
C03057,Female,18.0,48.59,Monthly,3,Bank Transfer,7,7.0,No
C03058,Male,40.0,110.37,Monthly,1,Credit Card,5,9.0,No
C03059,Male,42.0,39.85,Monthly,1,Credit Card,4,7.0,No
C03060,Female,39.0,67.78,Monthly,9,Credit Card,0,5.0,No
C03061,Male,18.0,43.82,Monthly,7,E-Wallet,0,3.0,No
C03062,Male,22.0,48.1,Yearly,4,Bank Transfer,4,6.0,No
C03063,Female,29.0,45.36,Monthly,56,E-Wallet,2,8.0,No
C03064,Female,41.0,76.12,Monthly,7,E-Wallet,3,5.0,No
C03065,Female,41.0,82.54,Two-Year,19,Credit Card,2,7.0,No
C03066,Male,35.0,70.17,Monthly,3,Credit Card,5,9.0,No
C03067,Male,45.0,52.01,Yearly,4,Bank Transfer,3,3.0,No
C03068,Female,25.0,58.15,Monthly,11,Cash,4,9.0,No
C03069,Male,45.0,81.78,Monthly,1,E-Wallet,2,10.0,No
C03070,Female,43.0,82.95,Monthly,1,E-Wallet,2,4.0,No
C03071,Female,42.0,16.27,Monthly,2,E-Wallet,2,9.0,Yes
C03072,Female,35.0,48.3,Two-Year,4,Bank Transfer,3,,No
C03073,Male,59.0,49.36,Monthly,10,Credit Card,1,7.0,No
C03074,Male,43.0,73.79,Monthly,14,Credit Card,2,2.0,No
C03075,Female,26.0,52.98,Monthly,5,Bank Transfer,4,6.0,No
C03076,Female,40.0,75.46,Monthly,4,Credit Card,2,6.0,Yes
C03077,Female,47.0,33.6,Yearly,21,,2,9.0,No
C03078,Male,30.0,61.38,Monthly,3,Credit Card,3,6.0,No
C03079,Male,51.0,81.87,Yearly,14,Credit Card,4,5.0,No
C03080,male,42.0,28.12,Yearly,33,E-Wallet,2,4.0,Yes
C03081,Female,18.0,169.21,Monthly,4,E-Wallet,0,6.0,No
C03082,Female,,93.31,Monthly,2,Credit Card,4,7.0,No
C03083,Male,33.0,54.63,Monthly,47,,3,8.0,No
C03084,Female,44.0,37.61,Monthly,4,Bank Transfer,2,5.0,No
C03085,Female,49.0,50.46,Monthly,4,E-Wallet,4,5.0,Yes
C03086,Female,,56.7,Two-Year,8,Cash,4,9.0,No
C03087,Male,57.0,66.57,Monthly,4,Credit Card,2,8.0,No
C03088,Male,35.0,107.26,Monthly,60,E-Wallet,1,8.0,Yes
C03089,Female,45.0,44.07,Monthly,1,E-Wallet,2,3.0,Yes
C03090,Male,47.0,70.33,Monthly,8,Credit Card,0,5.0,No
C03091,Male,36.0,30.52,Monthly,10,E-Wallet,6,7.0,Yes
C03092,Female,47.0,45.33,Monthly,8,E-Wallet,3,7.0,No
C03093,Male,30.0,64.68,Monthly,9,E-Wallet,4,5.0,No
C03094,Female,32.0,74.52,Monthly,53,E-Wallet,3,8.0,No
C03095,Male,22.0,38.9,Monthly,26,Credit Card,1,7.0,No
C03096,Female,40.0,44.77,Two-Year,5,Credit Card,3,7.0,No
C03097,Female,41.0,105.35,Monthly,10,Bank Transfer,3,6.0,No
C03098,FEMALE,52.0,92.1,Yearly,1,Bank Transfer,0,5.0,No
C03099,Male,47.0,59.97,Monthly,7,Cash,2,8.0,No
C03100,Male,34.0,19.96,Yearly,3,Bank Transfer,1,7.0,No
C03101,Male,23.0,169.02,Monthly,15,Credit Card,2,4.0,No
C03102,Female,43.0,54.11,Yearly,3,Credit Card,1,7.0,No
C03103,Female,51.0,47.43,Yearly,17,Credit Card,2,6.0,No
C03104,Male,,43.16,Yearly,5,Credit Card,1,5.0,No
C03105,Male,51.0,64.67,Yearly,32,,3,6.0,No
C03106,Male,35.0,64.97,Monthly,8,Credit Card,1,6.0,No
C03107,Female,32.0,83.75,Monthly,22,E-Wallet,2,6.0,No
C03108,Male,29.0,35.99,Monthly,12,Bank Transfer,4,10.0,No
C03109,Female,,47.44,Monthly,46,E-Wallet,2,7.0,No
C03110,Female,37.0,136.15,Monthly,17,Bank Transfer,3,9.0,No
C03111,Female,40.0,60.4,Monthly,16,,5,5.0,Yes
C03112,Male,36.0,50.52,Monthly,4,Bank Transfer,4,5.0,Yes
C03113,Female,36.0,35.74,Monthly,9,Cash,0,8.0,No
C03114,Male,28.0,68.56,Monthly,5,E-Wallet,2,2.0,No
C03115,FEMALE,49.0,86.83,Monthly,1,Bank Transfer,3,5.0,Yes
C03116,Female,38.0,80.93,Monthly,15,Bank Transfer,3,8.0,No
C03117,Female,35.0,48.6,Monthly,4,Credit Card,1,7.0,No
C03118,Male,29.0,64.24,Two-Year,7,E-Wallet,2,6.0,No
C03119,Male,22.0,115.84,Yearly,5,Cash,4,7.0,No
C03120,Male,53.0,88.4,Monthly,3,Credit Card,3,5.0,No
C03121,Male,44.0,38.36,Monthly,1,Bank Transfer,3,9.0,Yes
C03122,Male,18.0,17.36,Monthly,5,Credit Card ,2,9.0,Yes
C03123,Male,47.0,62.4,Monthly,2,E-Wallet,0,4.0,No
C03124,Male,49.0,78.21,Monthly,10,,3,4.0,No
C03125,Female,39.0,33.44,Two-Year,1,Credit Card,2,10.0,Yes
C03126,Female,57.0,54.38,Two-Year,34,Credit Card,2,,No
C03127,male,,48.49,Yearly,41, E-Wallet,1,8.0,No
C03128,Male,20.0,57.22,Monthly,5,E-Wallet,0,5.0,No
C03129,Female,42.0,42.73,Monthly,4,Credit Card,5,5.0,No
C03130,Female,40.0,97.59,Monthly,2,Bank Transfer,1,6.0,No
C03131,male,30.0,58.36,Monthly,29,E-Wallet,4,7.0,Yes
C03132,Female,44.0,36.76,Monthly,11,Credit Card,2,7.0,No
C03133,Female,18.0,82.5,Monthly,12,Credit Card,1,3.0,No
C03134,Female,49.0,30.91, Monthly ,28,Cash,5,5.0,No
C03135,M,27.0,97.32,Yearly,30,E-Wallet,2,5.0,No
C03136,Female,26.0,85.28,Monthly,22,Credit Card,2,6.0,No
C03137,Female,36.0,102.04,Yearly,18,Credit Card,6,7.0,No
C03138,Female,43.0,50.85,Monthly,26,Cash,0,6.0,No
C03139,Female,39.0,43.67,Monthly,26,Credit Card,2,4.0,No
C03140,Male,29.0,56.7,Monthly,6,,0,7.0,No
C03141,Male,31.0,52.56,Monthly,44,Credit Card,2,6.0,No
C03142,Female,24.0,,Monthly,15,Credit Card ,2,9.0,No
C03143,Female,35.0,42.56,Monthly,6,E-Wallet,3,6.0,No
C03144,Female,50.0,46.3,Two-Year,8,Credit Card,2,5.0,No
C03145,Male,37.0,32.25,Monthly,14,Credit Card,3,5.0,Yes
C03146,Male,48.0,74.08,Two-Year,6,Bank Transfer,5,8.0,Yes
C03147,Female,55.0,53.33,Monthly,22,Bank Transfer,4,4.0,No
C03148,Female,30.0,,Monthly,2,Credit Card,1,5.0,No
C03149,Female,35.0,33.13,Monthly,29,Bank Transfer,2,6.0,No
C03150,Male,64.0,32.39,Monthly,5,Credit Card,2,8.0,No
C03151,Female,55.0,130.47,Monthly,2,Credit Card,5,,No
C03152,Male,18.0,41.17,Monthly,24,Credit Card,1,6.0,No
C03153,Female,42.0,71.86,Yearly,4,,2,8.0,Yes
C03154,FEMALE,38.0,58.74,Monthly,23,Credit Card,2,5.0,No
C03155,Male,47.0,15.66,Monthly,5,Bank Transfer,2,,No
C03156,Female,29.0,122.32,Monthly,33,Credit Card,2,8.0,No
C03157,Female,27.0,74.28,Yearly,3,Credit Card,0,9.0,No
C03158,Male,29.0,38.65,Monthly,1,Credit Card,0,10.0,No
C03159,Female,31.0,53.91,Monthly,34,Bank Transfer,2,8.0,No
C03160,Male,47.0,32.55,Monthly,3,Credit Card,2,8.0,No
C03161,Male,23.0,124.19,Monthly,35,Bank Transfer,2,5.0,No
C03162,Male,,36.29,Two-Year,21,Cash,5,8.0,No
C03163,Male,18.0,43.15,Monthly,2,Credit Card,1,10.0,No
C03164,Male,50.0,,Yearly,8,E-Wallet,2,4.0,No
C03165,Male,53.0,56.61,Monthly,1,Credit Card,0,9.0,Yes
C03166,Male,34.0,101.15,Monthly,5,Credit Card,3,8.0,No
C03167,Female,34.0,122.15,Two-Year,6,Credit Card,4,8.0,No
C03168,Male,43.0,45.62, Monthly ,11,Bank Transfer,0,7.0,No
C03169,Female,55.0,64.73,Yearly,45,Credit Card,2,4.0,Yes
C03170,Male,42.0,56.65,Monthly,3,E-Wallet,4,3.0,No
C03171,male,29.0,35.1,Monthly,5,Credit Card,1,7.0,No
C03172,Male,18.0,162.41,Monthly,11,Bank Transfer,5,4.0,No
C03173,Male,,100.81,Two-Year,3,E-Wallet,2,10.0,No
C03174,Male,38.0,59.45,Yearly,15,Credit Card,2,4.0,Yes
C03175,Male,30.0,111.26,Monthly,7,Bank Transfer,5,9.0,No
C03176,Male,40.0,94.2,Monthly,36,Credit Card,3,7.0,No
C03177,Female,31.0,56.65,Monthly,12,Credit Card,1,8.0,No
C03178,Female,25.0,63.22,Monthly,6,E-Wallet,6,5.0,No
C03179,Female,23.0,107.82,Monthly,16,Credit Card,1,10.0,No
C03180,Female,56.0,35.67,Monthly,22,E-Wallet,4,6.0,No
C03181,Male,48.0,115.95,Yearly,20,Credit Card,1,10.0,Yes
C03182,Male,58.0,,Yearly,4,Credit Card,3,7.0,Yes
C03183,Male,44.0,108.43,Yearly,7,Credit Card,3,5.0,No
C03184,Male,32.0,54.47,Two-Year,8,Bank Transfer,2,8.0,Yes
C03185,Male,53.0,63.56,Monthly,6,Credit Card,3,8.0,No
C03186,Female,37.0,53.76,Yearly,5,Credit Card,2,6.0,No
C03187,Male,40.0,42.98,Monthly,17,Bank Transfer,3,7.0,No
C03188,Male,37.0,48.35,Two-Year,1,Credit Card,1,,No
C03189,Female,18.0,101.55,Monthly,5,E-Wallet,0,5.0,No
C03190,Female,57.0,19.27,Monthly,2,Bank Transfer,2,5.0,No
C03191,Male,43.0,31.26,Yearly,2,E-Wallet,5,4.0,Yes
C03192,Female,41.0,39.39,Two-Year,4,E-Wallet,2,10.0,No
C03193,Female,37.0,33.61,Yearly,18,,3,6.0,No
C03194,Male,39.0,107.72,Yearly,42,,3,10.0,No
C03195,Male,30.0,96.15,Monthly,9,Credit Card,2,7.0,No
C03196,Male,45.0,71.27,Yearly,5,,5,2.0,No
C03197,Female,22.0,40.98,Yearly,22,Credit Card,2,8.0,No
C03198,Female,40.0,99.56,Yearly,1,Bank Transfer,1,8.0,No
C03199,Male,44.0,26.72,Monthly,2,Bank Transfer,1,6.0,No
C03200,Male,35.0,143.15,Monthly,6,Credit Card,1,6.0,No
C03201,Female,42.0,40.12,Monthly,8,Credit Card,2,9.0,No
C03202,Male,26.0,48.53,Monthly,20,Credit Card,2,6.0,No
C03203,Male,26.0,45.01,Two-Year,32,Credit Card ,5,6.0,No
C03204,Female,40.0,33.69,Monthly,10,Bank Transfer,2,2.0,No
C03205,Female,46.0,129.84,Monthly,9,E-Wallet,5,8.0,Yes
C03206,Female,18.0,77.87,Two-Year,3,Credit Card,2,7.0,No
C03207,Female,44.0,94.35,Monthly,8,E-Wallet,3,7.0,No
C03208,Female,31.0,31.48,Monthly,31,Bank Transfer,5,8.0,No
C03209,Male,35.0,,Monthly,6,Bank Transfer,2,7.0,No
C03210,Female,21.0,69.02,Monthly,3,Credit Card,4,4.0,Yes
C03211,Male,27.0,61.67,Monthly,5,Credit Card,1,5.0,No
C03212,F,49.0,32.39,Yearly,9,E-Wallet,3,7.0,No
C03213,Male,38.0,88.59,Monthly,11,Cash,2,7.0,No
C03214,Female,33.0,57.67,Monthly,7,E-Wallet,3,3.0,No
C03215,Male,36.0,35.53,Monthly,18,Credit Card,3,5.0,No
C03216,Male,43.0,23.69,Monthly,11,Credit Card,5,9.0,No
C03217,Male,43.0,,Monthly,14,Bank Transfer,1,1.0,No
C03218,Male,37.0,164.47,Monthly,24,Credit Card ,0,1.0,No
C03219,Female,51.0,34.58,Yearly,25,Credit Card,0,6.0,No
C03220,Female,49.0,58.95,Monthly,3,E-Wallet,3,7.0,No
C03221,Male,42.0,89.99,Monthly,12,Bank Transfer,4,6.0,Yes
C03222,Male,,30.84,Monthly,16,E-Wallet,7,8.0,No
C03223,Male,45.0,43.99,Monthly,2,Bank Transfer,2,10.0,Yes
C03224,Male,41.0,37.07,Monthly,23,Bank Transfer,5,8.0,No
C03225,Male,50.0,85.04,Monthly,3,Credit Card,3,3.0,Yes
C03226,F,48.0,,Two-Year,20,E-Wallet,4,5.0,Yes
C03227,Male,25.0,58.65,Monthly,3,E-Wallet,3,7.0,No
C03228,male,24.0,37.38,Monthly,17,E-Wallet,3,3.0,No
C03229,Male,29.0,,Yearly,2,Credit Card,1,7.0,No
C03230,Male,49.0,41.11,Monthly,6,Bank Transfer,1,8.0,No
C03231,Male,19.0,35.17,Monthly,2,Cash,3,2.0,Yes
C03232,Female,42.0,52.15,Monthly,4,Bank Transfer,0,7.0,Yes
C03233,male,42.0,70.72,Two-Year,51,Credit Card,2,7.0,No
C03234,Male,51.0,68.08,Two-Year,2,E-Wallet,1,4.0,Yes
C03235,Male,40.0,54.4,Monthly,7,Credit Card,4,6.0,No
C03236,Male,21.0,56.02,Monthly,14,,2,8.0,No
C03237,Male,26.0,52.63,Monthly,2,Bank Transfer,3,5.0,No
C03238,Female,23.0,30.46,Monthly,2,Credit Card,2,9.0,No
C03239,Female,31.0,58.68,Monthly,2,Credit Card,2,4.0,Yes
C03240,Female,,41.99,Monthly,13,Bank Transfer,4,6.0,No
C03241,Male,24.0,29.78,Yearly,29,Bank Transfer,2,6.0,No
C03242,Male,55.0,64.51,Monthly,21,Cash,1,6.0,No
C03243,Female,22.0,41.46,Monthly,49,E-Wallet,1,7.0,No
C03244,Female,54.0,60.49,Yearly,11,E-Wallet,2,5.0,No
C03245,Female,52.0,79.95,Yearly,40,Bank Transfer,1,5.0,Yes
C03246,Male,48.0,35.6,Monthly,5,Credit Card,3,4.0,No
C03247,Male,29.0,56.91,Two-Year,7,Bank Transfer,2,7.0,No
C03248,Male,42.0,24.17,Monthly,7,E-Wallet,1,8.0,No
C03249,Female,22.0,108.81,Monthly,1,Bank Transfer,2,6.0,No
C03250,Female,48.0,29.62,Monthly,22,Credit Card,2,5.0,No
C03251,Female,37.0,43.31,Monthly,1,Credit Card,3,5.0,Yes
C03252,Male,33.0,,Monthly,16,Bank Transfer,4,8.0,No
C03253,Female,23.0,49.13, Monthly ,7,Credit Card,1,2.0,No
C03254,Male,18.0,31.85,Monthly,1,E-Wallet,2,6.0,No
C03255,Male,25.0,75.26,Monthly,5,Bank Transfer,3,5.0,No
C03256,M,51.0,74.5,Monthly,6,E-Wallet,0,5.0,Yes
C03257,Female,33.0,41.06,Monthly,41,Credit Card,0,8.0,No
C03258,Male,35.0,43.11,Monthly,13,Bank Transfer,1,6.0,No
C03259,Male,45.0,44.88,Monthly,10,Credit Card ,1,5.0,No
C03260,Female,59.0,49.74,Monthly,2,Credit Card,4,7.0,No
C03261,M,53.0,23.29,Two-Year,6,Credit Card,6,7.0,No
C03262,FEMALE,26.0,50.32,Yearly,1,Credit Card,3,9.0,No
C03263,Male,18.0,121.85,Monthly,18,Credit Card,3,7.0,No
C03264,Male,66.0,36.48,Monthly,3,Bank Transfer,1,5.0,Yes
C03265,Female,65.0,41.99,Monthly,11,Credit Card,1,10.0,No
C03266,FEMALE,40.0,32.05,Monthly,15,E-Wallet,2,9.0,No
C03267,Male,22.0,71.91,Monthly,6,Bank Transfer,2,10.0,No
C03268,Female,49.0,93.83,Monthly,13,Credit Card,4,9.0,No
C03269,Female,36.0,92.86,Monthly,18,Cash,2,8.0,Yes
C03270,Female,36.0,31.14,Monthly,3,Credit Card,3,2.0,Yes
C03271,Male,48.0,68.37,Monthly,12,Bank Transfer,7,10.0,No
C03272,Male,42.0,104.08,Monthly,16,Credit Card,1,,No
C03273,Female,23.0,68.67,Two-Year,6,Cash,3,6.0,No
C03274,Female,34.0,67.71,Monthly,3,Cash,2,7.0,Yes
C03275,Female,45.0,44.16,Monthly,5,Credit Card,0,11.0,No
C03276,Female,44.0,60.28,Monthly,33,Credit Card,2,9.0,No
C03277,Female,41.0,95.23,Monthly,6,E-Wallet,1,3.0,No
C03278,Male,49.0,63.29,Monthly,2,Credit Card,3,9.0,No
C03279,Male,33.0,31.13,Monthly,2,E-Wallet,1,8.0,Yes
C03280,Female,40.0,44.47,Monthly,3,Cash,5,7.0,Yes
C03281,Male,18.0,94.08,Yearly,2,Bank Transfer,3,9.0,No
C03282,Male,32.0,63.19,Monthly,9,E-Wallet,3,8.0,No
C03283,Female,47.0,57.6,Monthly,6,Credit Card,5,10.0,No
C03284,Female,33.0,,Two-Year,23, E-Wallet,5,5.0,No
C03285,Male,32.0,93.21,Monthly,26,Credit Card,3,7.0,No
C03286,Male,25.0,115.36,Monthly,8,Credit Card,2,7.0,No
C03287,Male,50.0,96.39,Monthly,27,E-Wallet,3,9.0,Yes
C03288,Female,44.0,104.5,Monthly,8,Bank Transfer,2,7.0,No
C03289,Female,47.0,46.46,Monthly,13,E-Wallet,1,4.0,No
C03290,Male,18.0,43.59,Monthly,3,E-Wallet,2,1.0,Yes
C03291,Male,36.0,50.89,Monthly,1,Bank Transfer,5,5.0,No
C03292,Female,34.0,55.55,Monthly,3,Credit Card,6,,No
C03293,Male,34.0,103.96,Monthly,4,E-Wallet,2,7.0,No
C03294,Female,,92.26,Yearly,17,Credit Card,2,5.0,No
C03295,M,33.0,69.57,Yearly,3,Credit Card,3,6.0,No
C03296,Male,48.0,28.67,Monthly,2,Bank Transfer,4,4.0,No
C03297,Female,18.0,25.54,Two-Year,32,Cash,4,5.0,No
C03298,Male,59.0,60.84,Monthly,15,E-Wallet,5,8.0,No
C03299,Male,43.0,81.14,Yearly,8,Credit Card,3,5.0,No
C03300,Female,37.0,52.68,Monthly,2,E-Wallet,2,9.0,No
C03301,Male,48.0,129.24,Yearly,23,Cash,2,3.0,Yes
C03302,Female,20.0,,Two-Year,2,Credit Card,6,5.0,No
C03303,Female,30.0,31.7,Monthly,12,Credit Card,3,10.0,No
C03304,Male,36.0,40.49,Monthly,14,Credit Card,1,1.0,No
C03305,Male,54.0,39.8,Yearly,7,Bank Transfer,2,6.0,No
C03306,Male,37.0,69.19,Monthly,30,Credit Card,1,8.0,Yes
C03307,Male,43.0,45.16,Monthly,1,Bank Transfer,2,7.0,Yes
C03308,Male,30.0,27.21,Monthly,21,E-Wallet,3,8.0,No
C03309,Male,43.0,81.55,Monthly,10,Bank Transfer,2,8.0,No
C03310,Male,58.0,24.73,Monthly,12,Cash,4,5.0,Yes
C03311,Female,,33.72,Monthly,52,Bank Transfer,4,8.0,No
C03312,Female,37.0,26.31,Monthly,11,Credit Card,3,6.0,No
C03313,Female,46.0,59.93,Two-Year,20,Bank Transfer,0,7.0,No
C03314,Male,44.0,59.37,Monthly,3,Cash,1,5.0,Yes
C03315,Male,44.0,,Monthly,20,Credit Card,0,10.0,No
C03316,Female,51.0,82.37,Monthly,18,Credit Card,0,6.0,No
C03317,Male,51.0,104.45,Yearly,42,E-Wallet,3,5.0,No
C03318,Male,36.0,62.17,Monthly,33,Credit Card,4,8.0,No
C03319,Female,45.0,35.18,Yearly,3,E-Wallet,2,6.0,No
C03320,Female,33.0,57.84,Monthly,8,Credit Card ,1,8.0,Yes
C03321,Female,26.0,71.28,Monthly,30,E-Wallet,1,6.0,Yes
C03322,Male,34.0,74.94,Monthly,13,Bank Transfer,0,4.0,No
C03323,Female,37.0,44.14,Monthly,8,Credit Card,2,9.0,No
C03324,Female,18.0,68.03,Yearly,2,,2,4.0,Yes
C03325,Female,48.0,35.88,Monthly,6,Credit Card,0,,No
C03326,Female,18.0,34.14,Monthly,14,E-Wallet,3,6.0,Yes
C03327,Female,70.0,33.05,Yearly,19,Bank Transfer,3,5.0,No
C03328,M,56.0,55.21,Monthly,8,E-Wallet,3,5.0,No
C03329,Male,,32.14,Monthly,1,Credit Card,3,4.0,No
C03330,Female,38.0,45.1,Two-Year,13,E-Wallet,0,8.0,No
C03331,Female,41.0,81.97,Monthly,31,Credit Card,1,9.0,Yes
C03332,Female,30.0,34.36,Yearly,9,Credit Card,5,5.0,No
C03333,Male,40.0,43.51,Yearly,32,Credit Card,1,9.0,No
C03334,Male,36.0,56.39,Monthly,6,E-Wallet,1,7.0,No
C03335,Female,36.0,61.01,Monthly,27,Bank Transfer,3,8.0,No
C03336,Female,40.0,43.61,Monthly,19,Bank Transfer,2,8.0,Yes
C03337,Female,22.0,77.8,Monthly,40,E-Wallet,2,5.0,Yes
C03338,Female,38.0,71.22,Yearly,19,Bank Transfer,4,5.0,No
C03339,Female,39.0,91.19,Monthly,5,Bank Transfer,2,6.0,No
C03340,Female,39.0,,Monthly,28,Cash,5,6.0,No
C03341,Female,35.0,43.35,Monthly,14,Bank Transfer,5,8.0,No
C03342,Female,51.0,40.16,Monthly,3,E-Wallet,3,7.0,No
C03343,Female,33.0,62.69,Monthly,1,Bank Transfer,2,7.0,No
C03344,Male,40.0,46.08,Yearly,6,Credit Card,2,8.0,No
C03345,Male,53.0,42.26,Monthly,19,E-Wallet,4,4.0,Yes
C03346,Female,37.0,44.62,Yearly,12,,1,8.0,No
C03347,Male,40.0,40.14,Monthly,9,Bank Transfer,4,7.0,No
C03348,Male,36.0,59.71,Monthly,1,Bank Transfer,2,10.0,Yes
C03349,Male,52.0,28.91,Monthly,7,Bank Transfer,3,4.0,No
C03350,Male,34.0,62.57,Two-Year,3,Cash,2,7.0,No
C03351,Male,53.0,74.03,Monthly,8,Cash,2,5.0,No
C03352,Male,36.0,42.04,Two-Year,58,Credit Card,3,7.0,No
C03353,Female,,129.66,Yearly,26,E-Wallet,1,9.0,No
C03354,Male,46.0,55.03,Yearly,5,Bank Transfer,2,10.0,No
C03355,Male,34.0,27.04,Monthly,11,Credit Card,1,5.0,No
C03356,Male,-5.0,48.11,Monthly,9,Bank Transfer,2,6.0,Yes
C03357,Female,18.0,56.16,Monthly,2,Credit Card,3,2.0,No
C03358,Male,38.0,66.82,Monthly,56,E-Wallet,3,,No
C03359,Female,32.0,48.63,Two-Year,7,Credit Card,4,5.0,No
C03360,Female,25.0,34.63,Yearly,9,E-Wallet,2,,Yes
C03361,FEMALE,31.0,33.36,Yearly,13,Cash,4,7.0,No
C03362,Male,31.0,40.69,Monthly,3,Credit Card,3,,No
C03363,Female,37.0,42.48,Monthly,4,E-Wallet,0,5.0,No
C03364,M,21.0,32.76,Monthly,3,,4,5.0,No
C03365,Female,41.0,39.26,Monthly,6,Cash,3,9.0,No
C03366,Female,54.0,73.46,Yearly,3,E-Wallet,2,10.0,No
C03367,Male,41.0,114.64,Yearly,32,E-Wallet,1,7.0,No
C03368,Male,47.0,76.7,Monthly,16,Cash,4,6.0,No
C03369,Male,51.0,98.26,Monthly,28,Credit Card,2,4.0,Yes
C03370,FEMALE,52.0,84.64,Monthly,23,Credit Card,4,6.0,No
C03371,Male,60.0,79.43,Monthly,15,E-Wallet,2,7.0,Yes
C03372,Female,32.0,46.9,Monthly,4,Credit Card,1,8.0,No
C03373,Male,29.0,58.17,Monthly,12,Cash,3,8.0,No
C03374,Female,47.0,45.18,Monthly,3,E-Wallet,0,7.0,Yes
C03375,Female,46.0,49.47, Monthly ,2,Bank Transfer,4,7.0,Yes
C03376,F,47.0,56.3, Monthly ,13,Credit Card,2,7.0,No
C03377,Female,60.0,75.27,Yearly,12,Credit Card,1,8.0,Yes
C03378,Male,38.0,66.06,Monthly,3,Credit Card,0,4.0,No
C03379,F,43.0,50.76,Two-Year,6,Bank Transfer,2,4.0,No
C03380,Female,26.0,55.98,Two-Year,1,E-Wallet,4,9.0,Yes
C03381,Male,63.0,66.36,Monthly,16,Bank Transfer,1,7.0,No
C03382,Male,33.0,73.72,Monthly,53,Bank Transfer,2,9.0,No
C03383,Male,34.0,27.56,Monthly,17,Credit Card,4,8.0,Yes
C03384,Male,33.0,33.62,Monthly,23,Credit Card,5,5.0,No
C03385,Male,30.0,89.86,Monthly,8,,1,9.0,Yes
C03386,Female,29.0,53.12,Monthly,2,Credit Card,4,10.0,No
C03387,Male,31.0,45.11,Yearly,16,Credit Card ,2,6.0,No
C03388,Female,21.0,48.49,Monthly,4,,0,9.0,No
C03389,Male,28.0,48.49,Monthly,6,Bank Transfer,3,6.0,No
C03390,Female,61.0,70.18, Monthly ,15,Credit Card,1,8.0,Yes
C03391,Male,46.0,33.16,Two-Year,29,Cash,4,8.0,No
C03392,Female,49.0,55.21,Monthly,8,Bank Transfer,5,5.0,No
C03393,Female,52.0,60.99,Monthly,40,Credit Card,0,6.0,No
C03394,Male,60.0,65.26,Two-Year,9,E-Wallet,0,5.0,No
C03395,Female,18.0,60.36,Monthly,2,Credit Card,3,6.0,No
C03396,Female,23.0,68.87,Monthly,9,Bank Transfer,4,10.0,No
C03397,Female,28.0,42.19,Monthly,24,E-Wallet,6,6.0,Yes
C03398,Female,32.0,35.74,Monthly,10,Cash,6,7.0,No
C03399,Male,34.0,164.95,Monthly,17,Credit Card,4,8.0,No
C03400,M,32.0,47.68,Yearly,10,Credit Card,4,5.0,No
C03401,Male,40.0,50.25,Monthly,10,Bank Transfer,2,4.0,No
C03402,Male,38.0,74.07,Monthly,5,Cash,2,5.0,No
C03403,Female,29.0,111.97,Monthly,3,,3,6.0,No
C03404,Male,18.0,42.73,Monthly,4,Bank Transfer,5,,No
C03405,Female,26.0,34.83,Monthly,7,Credit Card,7,8.0,No
C03406,Female,31.0,31.22,Two-Year,20,Bank Transfer,5,3.0,No
C03407,Female,35.0,111.82,Two-Year,22,E-Wallet,4,10.0,Yes
C03408,Female,24.0,,Monthly,3,Credit Card,5,9.0,No
C03409,Male,32.0,53.93,Monthly,10,Credit Card,4,2.0,Yes
C03410,Male,24.0,35.17,Monthly,7,Bank Transfer,1,7.0,No
C03411,Male,36.0,28.45,Two-Year,11,Credit Card,2,4.0,No
C03412,Male,25.0,47.87,Monthly,13,Bank Transfer,4,7.0,Yes
C03413,Male,27.0,35.8,Monthly,4,Credit Card,3,4.0,No
C03414,Male,22.0,40.0,Yearly,31,Credit Card,1,5.0,No
C03415,Female,36.0,134.66,Monthly,33,E-Wallet,3,6.0,No
C03416,Female,27.0,66.1,Monthly,2,Bank Transfer,1,7.0,Yes
C03417,F,48.0,83.03,Monthly,15,,7,6.0,No
C03418,Female,42.0,79.13,Monthly,1,E-Wallet,2,7.0,No
C03419,Male,37.0,52.18,Yearly,1,Credit Card ,1,9.0,Yes
C03420,Male,,44.8,Monthly,38,Credit Card,2,8.0,No
C03421,Female,42.0,61.07,Monthly,15,E-Wallet,4,7.0,Yes
C03422,male,46.0,58.9,Monthly,5,Credit Card,4,6.0,No
C03423,Female,39.0,42.27,Yearly,14,,2,10.0,No
C03424,Male,57.0,57.88,Yearly,23,Credit Card,6,8.0,No
C03425,Female,43.0,39.73,Monthly,25,Credit Card,2,5.0,No
C03426,Female,48.0,50.54,Monthly,1,Credit Card,2,8.0,Yes
C03427,Female,39.0,,Monthly,21,Bank Transfer,1,8.0,No
C03428,Female,46.0,30.85,Monthly,24,E-Wallet,3,8.0,No
C03429,Female,28.0,18.95,Monthly,11,Credit Card,3,7.0,No
C03430,Female,32.0,35.78,Monthly,8,Credit Card ,2,10.0,No
C03431,Female,42.0,122.96,Two-Year,2,,0,7.0,No
C03432,Female,42.0,47.5,Monthly,4,Bank Transfer,2,2.0,Yes
C03433,Female,44.0,77.42,Monthly,9,Credit Card,3,2.0,No
C03434,Male,51.0,20.99,Yearly,25,Bank Transfer,3,4.0,No
C03435,Female,20.0,34.68,Monthly,20,Bank Transfer,2,7.0,No
C03436,Male,26.0,29.68,Monthly,9,Credit Card,4,,No
C03437,Male,40.0,49.85,Monthly,19,E-Wallet,3,9.0,No
C03438,Female,29.0,162.37,Monthly,18,Bank Transfer,2,6.0,Yes
C03439,Female,78.0,67.16,Two-Year,11,Bank Transfer,1,15.0,No
C03440,Female,44.0,117.1,Monthly,3,Bank Transfer,2,8.0,No
C03441,Male,37.0,48.69,Monthly,6,E-Wallet,2,6.0,No
C03442,Female,31.0,100.91,Two-Year,3,Bank Transfer,5,8.0,No
C03443,Male,32.0,138.79,Monthly,1,Cash,1,5.0,Yes
C03444,Female,38.0,51.98,Monthly,2,Cash,4,7.0,No
C03445,Female,39.0,42.83,Monthly,18,E-Wallet,0,6.0,No
C03446,Female,32.0,30.17,Two-Year,1,Cash,3,10.0,Yes
C03447,male,34.0,47.51,Monthly,7,Cash,3,8.0,No
C03448,Female,54.0,56.65,Monthly,52,Credit Card,3,10.0,No
C03449,Female,54.0,136.17,Monthly,20,Cash,3,8.0,No
C03450,Male,41.0,,Two-Year,17,Credit Card,2,5.0,No
C03451,Male,21.0,56.08,Yearly,4,Credit Card,2,5.0,No
C03452,Female,44.0,24.13,Monthly,13,Cash,4,5.0,No
C03453,Female,56.0,45.06,Yearly,9,Credit Card,3,8.0,No
C03454,Male,54.0,62.81,Yearly,12,Bank Transfer,3,7.0,No
C03455,Female,46.0,68.76,Monthly,7,Cash,2,6.0,No
C03456,Male,55.0,71.17,Monthly,10,Credit Card,1,9.0,No
C03457,Male,38.0,65.29,Monthly,54,Credit Card,2,8.0,No
C03458,Female,45.0,70.89,Monthly,5,Bank Transfer,2,8.0,No
C03459,Female,29.0,,Yearly,3,E-Wallet,1,6.0,No
C03460,Female,41.0,34.07,Monthly,8,E-Wallet,3,4.0,No
C03461,Male,53.0,23.73,Monthly,9,E-Wallet,4,9.0,No
C03462,Male,30.0,,Monthly,2,Credit Card,2,7.0,No
C03463,Female,27.0,51.39,Yearly,20,Credit Card,3,9.0,No
C03464,Female,39.0,95.99,Monthly,7,E-Wallet,0,3.0,No
C03465,Male,35.0,52.18,Monthly,7,E-Wallet,2,7.0,No
C03466,Female,45.0,49.98,Yearly,13,Credit Card,2,4.0,No
C03467,Male,32.0,64.94,Yearly,18,Credit Card,4,7.0,No
C03468,F,58.0,48.35,Two-Year,52,Credit Card,1,6.0,No
C03469,Female,22.0,78.63,Monthly,3,E-Wallet,1,8.0,No
C03470,Male,53.0,,Monthly,6,Cash,3,8.0,Yes
C03471,Male,,146.33,Yearly,3,Credit Card,3,6.0,No
C03472,Female,18.0,57.04,Monthly,26,Credit Card,4,6.0,Yes
C03473,Female,40.0,63.54,Monthly,10,Credit Card,5,6.0,Yes
C03474,Female,34.0,111.11,Monthly,23,Cash,3,3.0,No
C03475,Female,24.0,51.04,Yearly,51,Cash,2,7.0,No
C03476,Female,18.0,74.12,Monthly,10,Bank Transfer,4,2.0,No
C03477,Female,37.0,32.76,Monthly,2,Credit Card,3,5.0,No
C03478,Female,49.0,47.47,Monthly,6,Credit Card,5,7.0,No
C03479,Male,45.0,91.86,Monthly,1,Credit Card ,1,7.0,No
C03480,Male,38.0,39.52,Two-Year,23,Cash,1,8.0,No
C03481,Male,43.0,51.54,Monthly,1,Credit Card,1,6.0,No
C03482,Female,37.0,26.89,Monthly,11,E-Wallet,2,9.0,No
C03483,Male,20.0,134.64,Monthly,2,Credit Card,3,8.0,No
C03484,Female,20.0,96.39,Monthly,1,Bank Transfer,2,7.0,Yes
C03485,Female,35.0,59.42,Two-Year,4,E-Wallet,1,3.0,No
C03486,Female,36.0,68.61,Two-Year,10,E-Wallet,0,10.0,No
C03487,Male,48.0,65.25,Monthly,1,Credit Card ,4,4.0,No
C03488,Male,,101.79,Monthly,12,E-Wallet,1,7.0,No
C03489,Male,45.0,43.23,Monthly,14,Credit Card,1,10.0,No
C03490,Male,34.0,75.91,Monthly,42,Credit Card,1,2.0,Yes
C03491,Male,,88.66,Monthly,28,E-Wallet,0,6.0,No
C03492,Female,42.0,94.34,Monthly,11,Credit Card,4,1.0,No
C03493,Female,44.0,19.75,Yearly,19,Bank Transfer,0,8.0,No
C03494,Female,18.0,41.69,Yearly,6,Cash,3,6.0,No
C03495,Female,27.0,34.51,Monthly,11,E-Wallet,2,,No
C03496,Male,29.0,58.4,Yearly,7,E-Wallet,4,5.0,No
C03497,Female,39.0,22.04,Yearly,5,Credit Card,0,6.0,No
C03498,Female,28.0,21.75,Monthly,16,E-Wallet,4,8.0,No
C03499,Male,37.0,144.97,Two-Year,5,Cash,1,,Yes
C03500,Female,,72.09,Yearly,6,E-Wallet,3,6.0,No
C03501,Male,36.0,57.65,Monthly,6,Credit Card,6,7.0,Yes
C03502,Female,29.0,64.31,Two-Year,25,Bank Transfer,2,6.0,No
C03503,Female,30.0,58.31,Monthly,3,E-Wallet,4,7.0,Yes
C03504,Male,25.0,85.52,Monthly,6,E-Wallet,3,4.0,Yes
C03505,Female,42.0,41.08,Monthly,27,Credit Card,3,5.0,No
C03506,Female,44.0,59.38,Yearly,1,Credit Card,3,6.0,No
C03507,Female,28.0,60.48,Monthly,36,E-Wallet,3,3.0,Yes
C03508,Male,56.0,34.09,Monthly,28,E-Wallet,1,6.0,Yes
C03509,FEMALE,34.0,96.99,Monthly,7,Bank Transfer,1,6.0,No
C03510,Male,56.0,44.68,Monthly,13,Bank Transfer,4,8.0,No
C03511,Male,30.0,86.3,Monthly,57,E-Wallet,6,9.0,No
C03512,Male,18.0,57.5,Monthly,10,Credit Card,4,9.0,No
C03513,Female,42.0,113.88,Monthly,2,Credit Card,3,7.0,Yes
C03514,Female,40.0,34.17,Yearly,24,Bank Transfer,1,4.0,No
C03515,Female,38.0,33.51,Monthly,2,Credit Card,5,4.0,Yes
C03516,Female,30.0,36.32,Yearly,4,E-Wallet,4,7.0,No
C03517,Male,37.0,57.97,Monthly,25,E-Wallet,1,8.0,Yes
C03518,Male,31.0,109.25,Monthly,4,E-Wallet,2,4.0,Yes
C03519,Male,,111.82,Yearly,17,Cash,1,9.0,Yes
C03520,Male,48.0,19.31,Monthly,8,Credit Card,3,9.0,No
C03521,Male,40.0,61.09,Yearly,18,Credit Card,1,9.0,No
C03522,Male,45.0,12.86,Monthly,4,Credit Card,1,7.0,Yes
C03523,Male,35.0,78.08,Monthly,7,E-Wallet,3,4.0,No
C03524,Male,33.0,90.3,Monthly,5,,3,8.0,No
C03525,Male,24.0,53.62,Monthly,4,Credit Card,1,6.0,Yes
C03526,Male,33.0,56.7,Monthly,5,,3,6.0,No
C03527,Female,18.0,56.44,Monthly,5,E-Wallet,6,9.0,Yes
C03528,Female,30.0,38.36,Monthly,38,E-Wallet,0,5.0,No
C03529,Female,37.0,66.31,Monthly,10,Bank Transfer,2,7.0,Yes
C03530,Male,44.0,49.2,Monthly,8,Cash,5,6.0,No
C03531,Male,34.0,82.98,Monthly,9,E-Wallet,3,5.0,No
C03532,Female,42.0,51.88,Monthly,67,Credit Card,0,5.0,No
C03533,Male,18.0,37.06,Monthly,13,Bank Transfer,2,5.0,No
C03534,Male,37.0,27.35,Yearly,15,,4,4.0,No
C03535,Male,18.0,23.6,Monthly,5,E-Wallet,3,10.0,Yes
C03536,Male,23.0,98.56,Monthly,8,Credit Card,3,7.0,Yes
C03537,Male,35.0,44.43,Monthly,3,Bank Transfer,2,7.0,No
C03538,Male,53.0,63.58,Monthly,14,Bank Transfer,3,5.0,No
C03539,Female,,121.81,Monthly,6,Cash,3,5.0,No
C03540,Male,,42.38,Monthly,17,E-Wallet,4,5.0,No
C03541,Male,37.0,41.17,Monthly,3,Bank Transfer,0,5.0,No
C03542,Female,29.0,,Monthly,7,Bank Transfer,1,7.0,No
C03543,Male,31.0,55.33,Monthly,8,,6,6.0,No
C03544,Male,43.0,127.66,Monthly,3,E-Wallet,3,10.0,No
C03545,Female,21.0,110.46,Monthly,1,E-Wallet,4,5.0,No
C03546,Male,45.0,72.2,Monthly,5,E-Wallet,2,7.0,No
C03547,Male,33.0,104.82,Monthly,10,E-Wallet,2,2.0,Yes
C03548,Male,47.0,50.39,Monthly,13,Credit Card,1,,Yes
C03549,Male,49.0,62.47,Monthly,7,Credit Card,2,10.0,No
C03550,Female,18.0,47.67,Monthly,9,Bank Transfer,2,4.0,No
C03551,Female,31.0,30.55,Monthly,10,E-Wallet,2,8.0,No
C03552,Male,27.0,93.85,Yearly,9,Credit Card,5,7.0,No
C03553,Female,18.0,69.36,Monthly,2,Credit Card,0,6.0,Yes
C03554,Male,25.0,55.04, Monthly ,7,Bank Transfer,7,4.0,Yes
C03555,Male,67.0,54.54,Monthly,3,Cash,4,6.0,No
C03556,Female,45.0,27.72,Monthly,10,Bank Transfer,2,5.0,No
C03557,Male,61.0,35.17,Monthly,18,Credit Card,3,4.0,No
C03558,Male,47.0,63.51,Monthly,11,Credit Card,1,2.0,No
C03559,Male,29.0,43.03,Monthly,4,Credit Card,3,6.0,No
C03560,Male,33.0,49.5,Monthly,3,Cash,3,5.0,No
C03561,Male,45.0,52.09,Monthly,1,Cash,3,4.0,No
C03562,Female,43.0,40.16,Monthly,7,Bank Transfer,1,4.0,No
C03563,F,31.0,35.32,Two-Year,7,Bank Transfer,1,5.0,No
C03564,Male,,26.43,Yearly,4,E-Wallet,1,8.0,No
C03565,Male,77.0,51.11,Two-Year,18,Credit Card,1,7.0,No
C03566,Female,36.0,72.12,Monthly,6,Credit Card,2,7.0,No
C03567,Female,34.0,26.06,Yearly,14,Bank Transfer,1,5.0,No
C03568,Female,39.0,,Yearly,13,E-Wallet,4,10.0,No
C03569,Female,35.0,61.96,Two-Year,12,E-Wallet,2,5.0,No
C03570,Female,39.0,34.98,Monthly,29,Credit Card,3,7.0,No
C03571,Male,53.0,103.54,Yearly,1, E-Wallet,4,9.0,No
C03572,Female,36.0,45.9,Monthly,1,E-Wallet,3,6.0,No
C03573,Female,24.0,52.17,Monthly,16,E-Wallet,1,2.0,Yes
C03574,Female,36.0,50.78,Monthly,6,Credit Card,2,7.0,No
C03575,Female,32.0,24.61,Two-Year,52,Credit Card,5,7.0,No
C03576,Male,,85.96,Monthly,3,Credit Card,3,3.0,Yes
C03577,Male,52.0,35.52,Monthly,3,Cash,1,7.0,No
C03578,Male,39.0,49.09,Two-Year,11,Credit Card,4,,No
C03579,Female,22.0,71.45,Monthly,4,Bank Transfer,3,7.0,No
C03580,Male,-5.0,105.36,Yearly,5,Bank Transfer,2,4.0,No
C03581,Male,38.0,33.58,Yearly,31,Bank Transfer,3,8.0,No
C03582,Female,42.0,44.66,Monthly,1,,1,5.0,No
C03583,Male,33.0,101.71,Monthly,10,Credit Card,2,4.0,Yes
C03584,Female,,67.27,Monthly,5,Credit Card,1,8.0,No
C03585,Male,30.0,73.85,Two-Year,6,,1,8.0,No
C03586,M,37.0,34.02,Yearly,4,Credit Card,2,7.0,No
C03587,Male,18.0,46.03,Monthly,2,Credit Card,3,8.0,No
C03588,Female,24.0,50.63,Monthly,1,E-Wallet,4,5.0,Yes
C03589,Male,30.0,37.11,Monthly,53,Credit Card,3,5.0,No
C03590,Male,52.0,25.7,Yearly,13,Credit Card,0,9.0,No
C03591,Female,28.0,43.39,Monthly,19,E-Wallet,1,2.0,Yes
C03592,Male,40.0,100.43, Monthly ,1,Credit Card,1,2.0,Yes
C03593,Female,40.0,56.07,Yearly,1,Cash,2,6.0,No
C03594,Female,53.0,101.33,Monthly,12,Bank Transfer,2,5.0,No
C03595,Male,53.0,59.18,Monthly,16,Cash,2,9.0,No
C03596,Female,37.0,38.7,Yearly,7,Credit Card,0,6.0,No
C03597,Male,32.0,97.02,Monthly,6,,1,7.0,No
C03598,Female,30.0,60.07,Monthly,6,Bank Transfer,0,8.0,No
C03599,Male,35.0,84.17,Monthly,2,Credit Card,5,8.0,Yes
C03600,Female,32.0,33.76,Monthly,17,Bank Transfer,6,4.0,No
C03601,Male,,87.13,Monthly,3,Bank Transfer,1,7.0,Yes
C03602,Female,43.0,88.32,Yearly,5,Bank Transfer,6,3.0,No
C03603,Male,45.0,62.2,Monthly,14,E-Wallet,2,,No
C03604,Male,53.0,37.97,Monthly,1,Credit Card,1,6.0,Yes
C03605,Male,60.0,53.48,Monthly,18,,0,8.0,No
C03606,Male,39.0,71.89,Monthly,28,Bank Transfer,2,6.0,No
C03607,Female,51.0,60.68,Monthly,1,E-Wallet,2,6.0,No
C03608,Male,33.0,71.56,Monthly,11,Credit Card,7,7.0,No
C03609,Female,52.0,86.1,Monthly,7,Bank Transfer,2,7.0,No
C03610,Female,50.0,40.78,Monthly,1,Bank Transfer,1,5.0,No
C03611,Female,50.0,32.47,Monthly,14,Cash,2,4.0,No
C03612,Male,39.0,53.68,Yearly,12,,2,5.0,No
C03613,Male,29.0,47.07,Monthly,13,Credit Card,3,7.0,No
C03614,Female,21.0,77.76,Monthly,21,Bank Transfer,1,9.0,Yes
C03615,Male,37.0,33.67,Monthly,5,E-Wallet,3,6.0,Yes
C03616,Male,56.0,86.42,Monthly,14,Bank Transfer,4,5.0,No
C03617,Female,34.0,100.4,Monthly,17,Credit Card,1,4.0,No
C03618,Female,47.0,54.61,Monthly,3,Credit Card,4,7.0,Yes
C03619,Female,,56.11,Monthly,38,,3,6.0,No
C03620,Male,34.0,38.65,Monthly,5,Credit Card,2,5.0,No
C03621,Female,53.0,42.77,Monthly,16,E-Wallet,1,9.0,No
C03622,Male,18.0,45.43,Monthly,17,Bank Transfer,4,7.0,No
C03623,male,23.0,104.51,Monthly,9,Credit Card,2,7.0,No
C03624,Female,27.0,52.86,Yearly,2,Bank Transfer,2,,No
C03625,Male,28.0,30.11,Monthly,4,Credit Card,4,6.0,Yes
C03626,Male,42.0,61.25,Monthly,4,Credit Card,2,7.0,Yes
C03627,Male,41.0,79.19,Monthly,9,Credit Card ,0,5.0,No
C03628,Female,42.0,53.98,Monthly,4,E-Wallet,0,8.0,No
C03629,Female,45.0,105.76,Two-Year,10,Bank Transfer,2,5.0,No
C03630,Female,26.0,77.47,Yearly,5,E-Wallet,2,9.0,No
C03631,Female,23.0,34.05,Monthly,1,Credit Card,4,8.0,Yes
C03632,Male,42.0,42.6,Monthly,6,Credit Card,3,7.0,No
C03633,Male,30.0,60.45,Two-Year,12,Bank Transfer,0,7.0,No
C03634,F,19.0,25.8,Yearly,18,Credit Card,3,6.0,No
C03635,Male,49.0,63.52,Monthly,1,E-Wallet,8,8.0,No
C03636,Male,54.0,24.71,Monthly,4,Credit Card,3,6.0,No
C03637,Female,56.0,86.53,Monthly,51,E-Wallet,2,2.0,No
C03638,Male,40.0,82.13,Yearly,4,Bank Transfer,4,,No
C03639,F,45.0,68.52,Yearly,19,E-Wallet,0,6.0,No
C03640,Male,54.0,40.28,Monthly,9,E-Wallet,0,5.0,No
C03641,Male,30.0,58.94,Monthly,2,Credit Card,2,8.0,No
C03642,Female,51.0,43.34,Two-Year,13,Credit Card,4,3.0,No
C03643,Male,41.0,34.33,Yearly,41,E-Wallet,3,,Yes
C03644,Male,48.0,46.88,Monthly,27,Bank Transfer,3,6.0,Yes
C03645,Female,40.0,74.76,Monthly,15,Bank Transfer,2,5.0,No
C03646,Male,53.0,55.69,Monthly,9,Credit Card,5,8.0,No
C03647,Male,40.0,104.88,Monthly,5,Bank Transfer,3,10.0,No
C03648,M,,77.06,Monthly,6,Credit Card,3,7.0,No
C03649,Female,55.0,73.44,Monthly,6,E-Wallet,4,7.0,No
C03650,Female,26.0,26.47,Two-Year,31,Credit Card,4,8.0,No
C03651,Female,53.0,48.02,Yearly,3,Credit Card,2,7.0,No
C03652,Male,36.0,33.82,Monthly,6,Credit Card,1,10.0,No
C03653,Female,52.0,50.28,Yearly,7,,2,,No
C03654,Male,51.0,39.97,Monthly,7,Cash,2,7.0,No
C03655,Male,43.0,46.07,Monthly,1,Credit Card,4,6.0,No
C03656,Male,,88.02,Yearly,4,Credit Card,0,9.0,No
C03657,Male,43.0,67.62,Monthly,9,Bank Transfer,2,5.0,Yes
C03658,Male,18.0,85.9,Yearly,18,E-Wallet,5,5.0,No
C03659,Female,39.0,26.57,Monthly,11,Cash,5,7.0,Yes
C03660,Female,24.0,,Monthly,6,Credit Card,3,9.0,No
C03661,FEMALE,40.0,84.35,Monthly,14,E-Wallet,2,10.0,No
C03662,Male,24.0,107.54,Monthly,14,Credit Card,4,3.0,No
C03663,F,,27.2,Monthly,4,,2,8.0,No
C03664,Male,57.0,46.61,Two-Year,2,Credit Card,1,7.0,No
C03665,male,50.0,,Monthly,20,Cash,4,15.0,No
C03666,Male,37.0,50.07,Monthly,10,,1,9.0,Yes
C03667,Female,,36.25,Monthly,3,,1,8.0,No
C03668,Male,35.0,27.18,Yearly,4,Cash,0,8.0,Yes
C03669,Male,44.0,35.63,Monthly,18, E-Wallet,0,7.0,No
C03670,Male,29.0,25.53,Monthly,13,Credit Card,2,,No
C03671,Male,49.0,56.05,Yearly,35,E-Wallet,4,7.0,No
C03672,Male,34.0,81.72,Two-Year,8,Cash,3,7.0,No
C03673,Female,,30.96,Yearly,1,Bank Transfer,1,4.0,No
C03674,Male,38.0,61.31,Monthly,15,E-Wallet,4,8.0,No
C03675,Female,30.0,79.87,Monthly,4,Cash,1,9.0,No
C03676,Male,41.0,54.53,Yearly,5,Credit Card,3,9.0,No
C03677,Male,31.0,26.45,Two-Year,3,Credit Card,1,5.0,No
C03678,Male,43.0,64.96,Two-Year,5,Credit Card,2,6.0,No
C03679,Female,52.0,53.27,Monthly,22,E-Wallet,4,8.0,No
C03680,Male,29.0,50.89,Yearly,11,Credit Card ,3,6.0,No
C03681,Female,36.0,42.69,Monthly,2,Credit Card ,7,5.0,Yes
C03682,Male,43.0,56.77,Monthly,11,Bank Transfer,2,9.0,No
C03683,Female,32.0,68.68,Monthly,13,Bank Transfer,5,6.0,Yes
C03684,Male,43.0,160.1,Two-Year,26,E-Wallet,5,4.0,No
C03685,Female,44.0,57.43,Monthly,24,E-Wallet,0,8.0,No
C03686,Female,50.0,107.77,Monthly,1,Credit Card,2,9.0,Yes
C03687,Female,30.0,64.13,Two-Year,25,Bank Transfer,3,6.0,No
C03688,Male,26.0,52.21,Monthly,1, E-Wallet,5,8.0,No
C03689,Male,34.0,58.37,Monthly,3,E-Wallet,1,3.0,Yes
C03690,Male,26.0,31.51,Yearly,2,E-Wallet,2,6.0,No
C03691,Female,44.0,62.65,Yearly,3,E-Wallet,2,6.0,No
C03692,Female,24.0,22.28,Monthly,20,Credit Card,2,9.0,No
C03693,FEMALE,65.0,37.03,Two-Year,14,Bank Transfer,4,,Yes
C03694,Male,53.0,,Monthly,14, E-Wallet,0,6.0,Yes
C03695,Male,38.0,93.44,Two-Year,31,E-Wallet,3,6.0,No
C03696,Male,48.0,103.94,Yearly,6,E-Wallet,3,10.0,No
C03697,Female,18.0,49.09,Monthly,1,Credit Card,3,9.0,No
C03698,Female,68.0,58.56,Yearly,13,Credit Card,3,5.0,No
C03699,Female,30.0,85.03,Monthly,25,Bank Transfer,7,6.0,No
C03700,Male,36.0,30.02,Monthly,45,Bank Transfer,4,8.0,No
C03701,Female,18.0,65.51,Two-Year,6,Credit Card,3,7.0,No
C03702,Female,43.0,37.62,Monthly,21,Credit Card,0,9.0,No
C03703,Male,24.0,50.54,Monthly,23,E-Wallet,4,6.0,No
C03704,Female,39.0,44.41,Monthly,2,Bank Transfer,2,8.0,Yes
C03705,Female,31.0,66.41,Monthly,12,Credit Card,2,7.0,Yes
C03706,Female,25.0,69.94,Yearly,3,Cash,4,9.0,No
C03707,Female,28.0,81.53,Two-Year,8,Bank Transfer,1,5.0,No
C03708,Male,,,Monthly,26,Bank Transfer,2,5.0,No
C03709,Male,22.0,58.98,Monthly,19,Cash,2,8.0,No
C03710,Female,29.0,125.75,Monthly,11,Credit Card,1,7.0,No
C03711,Male,45.0,27.5,Monthly,20,Bank Transfer,4,6.0,No
C03712,Female,69.0,117.1,Monthly,2,E-Wallet,0,7.0,No
C03713,Female,43.0,47.92,Monthly,3,Credit Card,4,6.0,Yes
C03714,Female,26.0,70.59,Monthly,3,,3,8.0,Yes
C03715,Female,33.0,47.16,Monthly,18,E-Wallet,4,6.0,No
C03716,Male,38.0,39.8,Two-Year,27,Credit Card,3,7.0,No
C03717,Male,33.0,67.9,Yearly,10,Credit Card,2,15.0,Yes
C03718,Male,48.0,87.27,Yearly,39,Credit Card,3,8.0,Yes
C03719,Male,40.0,67.55,Monthly,16,Bank Transfer,1,6.0,No
C03720,Male,48.0,42.78,Yearly,10,Credit Card,4,10.0,No
C03721,Male,,277.3,Two-Year,12,Credit Card,0,6.0,No
C03722,Female,53.0,93.63,Two-Year,23,E-Wallet,3,7.0,No
C03723,Female,36.0,83.1,Monthly,2,Bank Transfer,3,7.0,No
C03724,Male,26.0,46.58,Monthly,3,Credit Card,3,6.0,No
C03725,Male,64.0,41.21,Monthly,4,Cash,3,10.0,No
C03726,Female,-5.0,48.14,Monthly,28,E-Wallet,4,3.0,No
C03727,Male,29.0,88.82,Two-Year,35,Credit Card,1,8.0,No
C03728,Male,30.0,34.96,Monthly,6,,1,6.0,No
C03729,Male,68.0,33.76,Monthly,31,Bank Transfer,1,7.0,Yes
C03730,Female,59.0,69.6,Monthly,10,E-Wallet,2,6.0,Yes
C03731,Male,55.0,63.03,Monthly,8,Credit Card,4,7.0,Yes
C03732,Female,34.0,38.6,Two-Year,22,Credit Card,2,7.0,No
C03733,Male,67.0,33.41,Monthly,10,Credit Card,3,5.0,No
C03734,Male,42.0,104.28,Monthly,8,Credit Card,7,6.0,No
C03735,M,49.0,64.11,Monthly,1,Bank Transfer,1,10.0,Yes
C03736,Male,40.0,29.56,Monthly,1,Bank Transfer,4,7.0,No
C03737,Female,37.0,30.5,Yearly,12,Credit Card,4,7.0,No
C03738,Female,34.0,46.4,Yearly,1, E-Wallet,2,9.0,No
C03739,Female,35.0,75.93,Monthly,17,E-Wallet,1,,No
C03740,Female,45.0,71.36,Two-Year,12,Bank Transfer,5,7.0,No
C03741,Female,42.0,90.85,Monthly,8,Cash,2,6.0,No
C03742,Female,37.0,27.92,Monthly,15,Cash,3,6.0,No
C03743,Female,56.0,60.38,Two-Year,60,Credit Card,2,10.0,No
C03744,Male,18.0,103.72,Monthly,4,Bank Transfer,1,5.0,Yes
C03745,Male,44.0,99.46,Monthly,10,E-Wallet,4,5.0,Yes
C03746,Male,46.0,64.17,Monthly,23,Credit Card,4,5.0,No
C03747,Female,51.0,157.06,Yearly,1,Credit Card,3,4.0,No
C03748,Male,37.0,71.82,Two-Year,3,Credit Card ,1,7.0,No
C03749,Male,40.0,87.29,Monthly,9,Credit Card,2,8.0,No
C03750,Female,49.0,55.7,Monthly,10,Cash,1,,No
C03751,Female,55.0,38.42,Monthly,2,E-Wallet,4,5.0,No
C03752,FEMALE,34.0,36.82,Yearly,7,,2,8.0,No
C03753,Male,41.0,59.25,Monthly,9,E-Wallet,4,15.0,No
C03754,Female,58.0,,Yearly,7,Credit Card,4,1.0,No
C03755,Male,18.0,24.63,Yearly,15,Credit Card,2,3.0,No
C03756,Male,29.0,,Monthly,18,Credit Card,3,8.0,No
C03757,F,55.0,47.31,Monthly,8,Credit Card ,3,10.0,No
C03758,Male,51.0,75.74,Monthly,7,Credit Card,1,7.0,No
C03759,Male,44.0,54.2, Monthly ,15,E-Wallet,0,7.0,No
C03760,Female,32.0,52.86,Monthly,10,Credit Card,2,7.0,No
C03761,Male,27.0,35.02,Monthly,25,E-Wallet,5,8.0,Yes
C03762,Female,30.0,55.17,Monthly,8,Credit Card,3,4.0,No
C03763,Female,56.0,98.85,Monthly,11,Bank Transfer,1,7.0,No
C03764,Male,30.0,58.56,Yearly,2,E-Wallet,2,7.0,No
C03765,Male,39.0,27.71,Yearly,22,Credit Card ,1,6.0,No
C03766,Male,28.0,31.09,Two-Year,7,Bank Transfer,4,5.0,Yes
C03767,Female,48.0,71.16,Monthly,16,Bank Transfer,0,7.0,No
C03768,Male,31.0,49.36,Monthly,7,Credit Card,2,5.0,No
C03769,Male,36.0,52.8,Monthly,1,Credit Card,1,6.0,No
C03770,Male,18.0,41.44,Monthly,7,E-Wallet,4,8.0,No
C03771,Female,18.0,68.48,Monthly,2,Credit Card,2,7.0,No
C03772,Female,38.0,,Monthly,7,Credit Card,2,4.0,Yes
C03773,Male,22.0,50.2,Monthly,5,E-Wallet,1,9.0,No
C03774,Female,63.0,37.22,Monthly,3,Cash,4,6.0,Yes
C03775,Female,18.0,82.66,Monthly,2,Credit Card,3,7.0,No
C03776,Female,28.0,49.43,Monthly,16,E-Wallet,3,6.0,No
C03777,Female,38.0,71.78,Monthly,17,Cash,3,6.0,No
C03778,Female,33.0,31.91,Yearly,4,Credit Card,1,9.0,No
C03779,Female,24.0,119.13,Monthly,9,Bank Transfer,7,5.0,No
C03780,Female,26.0,97.01,Monthly,8,Credit Card,1,7.0,No
C03781,Male,26.0,23.12,Monthly,6,E-Wallet,2,5.0,No
C03782,Male,34.0,38.06,Monthly,4,Credit Card,2,7.0,Yes
C03783,Male,61.0,67.69,Yearly,3,,0,3.0,Yes
C03784,Female,38.0,30.15,Monthly,25,E-Wallet,4,5.0,No
C03785,Female,52.0,51.46,Yearly,22,E-Wallet,3,10.0,No
C03786,Male,44.0,66.15,Monthly,7,Credit Card,0,3.0,Yes
C03787,Female,51.0,50.24,Monthly,16,E-Wallet,5,6.0,No
C03788,Male,18.0,69.58,Two-Year,9,Cash,3,6.0,Yes
C03789,Male,34.0,39.96,Yearly,2,E-Wallet,2,7.0,No
C03790,Female,53.0,19.89,Monthly,21,E-Wallet,3,5.0,No
C03791,Male,31.0,84.94,Yearly,3,Cash,3,7.0,No
C03792,Male,59.0,84.7,Monthly,15,E-Wallet,4,6.0,Yes
C03793,Female,55.0,168.45,Monthly,9,E-Wallet,4,4.0,No
C03794,Female,32.0,20.22,Monthly,15,Cash,1,5.0,No
C03795,Male,31.0,76.54,Two-Year,8,E-Wallet,3,6.0,No
C03796,Female,25.0,22.51,Monthly,15,Bank Transfer,4,8.0,No
C03797,Female,30.0,120.35,Yearly,1,Bank Transfer,5,5.0,Yes
C03798,Male,23.0,68.0,Monthly,1,,4,6.0,No
C03799,Male,43.0,35.57,Monthly,28,Credit Card,4,8.0,No
C03800,Female,20.0,77.56,Yearly,17,E-Wallet,2,5.0,No
C03801,Male,45.0,,Monthly,22,Bank Transfer,2,5.0,No
C03802,Female,45.0,62.5,Monthly,8,,1,6.0,No
C03803,Female,18.0,59.9,Monthly,8,Cash,3,8.0,No
C03804,Female,56.0,119.69,Yearly,10,Bank Transfer,2,6.0,No
C03805,Male,44.0,123.56,Monthly,4,Credit Card,2,9.0,No
C03806,Female,46.0,1838.0,Monthly,16,Bank Transfer,1,7.0,Yes
C03807,Male,28.0,87.9,Monthly,22,Credit Card,2,5.0,Yes
C03808,Male,45.0,64.05,Two-Year,29,Bank Transfer,1,7.0,No
C03809,Male,51.0,28.91,Monthly,9,Bank Transfer,0,8.0,No
C03810,Male,36.0,39.91,Yearly,7,E-Wallet,1,5.0,No
C03811,Female,62.0,156.22,Yearly,22,,1,8.0,No
C03812,Male,38.0,64.14,Monthly,17,Credit Card,4,6.0,No
C03813,Male,51.0,85.62,Monthly,25,Credit Card,0,6.0,No
C03814,Female,41.0,49.63,Monthly,13,E-Wallet,3,8.0,No
C03815,Male,45.0,42.82,Monthly,26,Bank Transfer,2,5.0,No
C03816,male,18.0,55.27,Monthly,2,Bank Transfer,4,,Yes
C03817,Male,42.0,48.44,Yearly,14,Credit Card,2,6.0,No
C03818,Female,29.0,27.88,Monthly,2,E-Wallet,1,8.0,No
C03819,Female,27.0,34.76,Monthly,17,Cash,3,5.0,No
C03820,F,58.0,75.08,Monthly,12,Credit Card,3,7.0,No
C03821,Male,35.0,46.0,Monthly,1,E-Wallet,1,10.0,No
C03822,Male,25.0,55.23,Monthly,11, E-Wallet,2,7.0,No
C03823,Female,33.0,60.69,Yearly,2,E-Wallet,4,3.0,Yes
C03824,Male,,62.86,Monthly,2,Bank Transfer,0,9.0,Yes
C03825,Male,55.0,91.47,Monthly,2,Bank Transfer,1,7.0,No
C03826,Male,29.0,33.3,Yearly,8,Credit Card,1,10.0,No
C03827,Male,44.0,70.57,Monthly,2,E-Wallet,2,6.0,Yes
C03828,Male,54.0,76.69,Yearly,2,Credit Card,2,9.0,No
C03829,Female,,85.08,Monthly,4,Cash,2,10.0,No
C03830,Male,44.0,28.91,Yearly,1,Credit Card,3,3.0,Yes
C03831,Male,25.0,61.23,Monthly,4,Credit Card,1,6.0,Yes
C03832,Female,67.0,118.18,Monthly,12,Bank Transfer,0,6.0,No
C03833,Female,49.0,52.22,Monthly,12,E-Wallet,3,9.0,No
C03834,Male,35.0,67.87,Monthly,42,Bank Transfer,3,5.0,No
C03835,Male,28.0,77.57,Yearly,2,Credit Card,0,9.0,No
C03836,Male,36.0,34.42,Monthly,25,,2,6.0,No
C03837,Female,33.0,124.61,Monthly,6,Bank Transfer,3,5.0,No
C03838,Male,61.0,68.36,Monthly,6,Credit Card,2,5.0,Yes
C03839,Female,23.0,68.98,Monthly,6,Bank Transfer,1,9.0,Yes
C03840,Female,39.0,25.84,Monthly,2,E-Wallet,4,7.0,No
C03841,Female,37.0,78.07,Monthly,8,E-Wallet,4,5.0,Yes
C03842,Male,36.0,68.57,Monthly,19,E-Wallet,3,,No
C03843,Male,36.0,113.4,Monthly,25,E-Wallet,3,7.0,No
C03844,Male,36.0,47.46,Two-Year,40,E-Wallet,2,8.0,No
C03845,Male,48.0,35.01,Monthly,19,Bank Transfer,3,10.0,No
C03846,Female,45.0,40.16,Monthly,12,Credit Card,4,8.0,No
C03847,Female,43.0,43.5,Monthly,9,E-Wallet,5,9.0,Yes
C03848,Female,18.0,33.0,Yearly,25,Cash,3,6.0,No
C03849,Female,,97.57,Monthly,17,Credit Card,5,7.0,No
C03850,Male,18.0,99.23,Monthly,3,Bank Transfer,5,,Yes
C03851,Male,45.0,49.99,Monthly,14,E-Wallet,0,6.0,No
C03852,F,55.0,45.75,Monthly,7,Bank Transfer,0,7.0,No
C03853,Female,,24.12,Monthly,11,Cash,1,5.0,No
C03854,Female,34.0,,Yearly,28,Bank Transfer,1,9.0,No
C03855,Female,30.0,114.9,Monthly,13,Bank Transfer,5,8.0,No
C03856,Male,,40.99,Monthly,34,Credit Card,2,7.0,No
C03857,Male,39.0,51.8,Yearly,25,Cash,6,7.0,No
C03858,Female,58.0,66.38,Monthly,2,Credit Card,2,6.0,No
C03859,Male,42.0,118.63,Monthly,1,Cash,0,4.0,Yes
C03860,Female,40.0,59.73,Monthly,6,Credit Card,5,3.0,No
C03861,Female,38.0,59.62,Two-Year,25,Credit Card,2,5.0,No
C03862,Female,47.0,59.19,Monthly,4,Bank Transfer,2,9.0,No
C03863,Male,18.0,28.75,Monthly,15,E-Wallet,4,4.0,Yes
C03864,Male,39.0,28.47,Monthly,8,Bank Transfer,3,5.0,No
C03865,Male,37.0,37.96,Monthly,17,Credit Card,1,10.0,No
C03866,Male,46.0,86.13,Monthly,3,Bank Transfer,2,6.0,No
C03867,M,35.0,46.95,Yearly,4,Cash,6,2.0,No
C03868,F,25.0,43.02,Monthly,4,Cash,4,6.0,No
C03869,Female,38.0,42.68,Yearly,10,Credit Card,4,5.0,No
C03870,Male,25.0,51.32,Monthly,5,E-Wallet,3,6.0,No
C03871,Male,18.0,117.44,Two-Year,21,E-Wallet,0,7.0,No
C03872,Male,46.0,,Two-Year,6, E-Wallet,2,10.0,No
C03873,Male,,38.33,Monthly,13,Credit Card,0,7.0,No
C03874,Female,43.0,55.22,Monthly,36,,4,5.0,No
C03875,Male,53.0,120.28,Yearly,12,E-Wallet,2,6.0,No
C03876,Male,30.0,43.54,Monthly,4,Credit Card,3,6.0,No
C03877,Male,20.0,32.09,Monthly,22,Credit Card,2,8.0,No
C03878,Female,37.0,43.58,Two-Year,1,Credit Card,3,9.0,No
C03879,Female,33.0,57.86,Monthly,4,E-Wallet,1,5.0,No
C03880,Male,27.0,74.42,Monthly,6,E-Wallet,0,7.0,No
C03881,Male,37.0,85.89,Yearly,3,Credit Card,3,5.0,No
C03882,male,30.0,34.1,Monthly,12,E-Wallet,1,5.0,No
C03883,Female,18.0,35.59,Monthly,10,Credit Card,1,8.0,No
C03884,Male,32.0,47.21,Monthly,7, E-Wallet,4,7.0,No
C03885,Female,24.0,74.29,Monthly,5,Bank Transfer,1,5.0,Yes
C03886,Female,40.0,30.97,Two-Year,7,Bank Transfer,7,,No
C03887,Female,30.0,41.54,Two-Year,5,Credit Card ,1,8.0,No
C03888,Female,51.0,41.82,Monthly,4,Bank Transfer,2,9.0,No
C03889,male,57.0,83.41,Yearly,6,Credit Card,2,6.0,Yes
C03890,Male,46.0,69.25,Monthly,12,,1,7.0,No
C03891,Female,19.0,82.0,Monthly,13,Cash,4,8.0,No
C03892,Female,56.0,99.72,Monthly,5,Credit Card,5,7.0,No
C03893,Female,56.0,47.58,Monthly,36,E-Wallet,5,8.0,No
C03894,F,38.0,32.0,Monthly,4,Bank Transfer,5,8.0,Yes
C03895,Female,53.0,32.09,Monthly,15,Credit Card,1,4.0,Yes
C03896,Female,31.0,23.88,Monthly,2,E-Wallet,2,7.0,Yes
C03897,Male,18.0,44.41,Monthly,14,Cash,6,5.0,No
C03898,Female,28.0,45.93,Two-Year,8,Credit Card,2,5.0,No
C03899,Female,58.0,77.82,Two-Year,11,Credit Card,6,8.0,No
C03900,Female,20.0,55.02,Yearly,3,E-Wallet,1,7.0,No
C03901,Male,37.0,43.79,Monthly,7,Bank Transfer,5,8.0,No
C03902,Male,38.0,51.82,Monthly,18,E-Wallet,3,7.0,No
C03903,Female,31.0,34.21,Monthly,18,Bank Transfer,2,6.0,No
C03904,Male,32.0,86.61,Monthly,4,Bank Transfer,2,8.0,Yes
C03905,Female,38.0,38.33,Monthly,6,Credit Card,1,8.0,No
C03906,F,31.0,32.69,Monthly,1,Bank Transfer,0,5.0,No
C03907,Male,20.0,78.89,Monthly,2,Credit Card,3,7.0,No
C03908,Male,40.0,70.69,Yearly,2,E-Wallet,1,6.0,No
C03909,Female,50.0,25.14,Monthly,5,Bank Transfer,0,6.0,No
C03910,Male,48.0,80.22,Monthly,18,E-Wallet,1,8.0,No
C03911,Male,28.0,39.11,Monthly,9,Cash,1,,No
C03912,Male,22.0,46.14,Monthly,19,Cash,0,7.0,No
C03913,Male,34.0,59.39,Monthly,17,Bank Transfer,2,3.0,No
C03914,Female,56.0,71.09,Monthly,11,Credit Card,5,,No
C03915,Female,,66.72,Yearly,9,Credit Card,6,,No
C03916,Male,46.0,53.39,Monthly,33,,5,8.0,No
C03917,Female,48.0,45.1,Monthly,11,,1,6.0,No
C03918,Male,43.0,65.73,Monthly,8,Credit Card,1,6.0,Yes
C03919,Female,39.0,51.77,Monthly,25,Cash,1,4.0,No
C03920,Female,45.0,123.03,Monthly,1,Credit Card,0,5.0,No
C03921,Female,31.0,71.09,Monthly,13,,3,6.0,No
C03922,Male,21.0,36.03,Monthly,2,Bank Transfer,1,7.0,No
C03923,Female,46.0,44.04,Yearly,21,Bank Transfer,0,8.0,No
C03924,F,52.0,55.8,Monthly,19,Bank Transfer,3,8.0,No
C03925,Female,24.0,97.98,Monthly,9,Credit Card,2,3.0,No
C03926,Male,47.0,103.03,Monthly,13,Cash,3,7.0,No
C03927,Female,58.0,45.68,Monthly,18,Cash,2,6.0,No
C03928,Female,,35.87,Monthly,8,Bank Transfer,4,7.0,No
C03929,Female,28.0,33.86,Monthly,29,Credit Card,2,7.0,No
C03930,Male,39.0,61.17,Yearly,7,,5,4.0,No
C03931,Female,31.0,153.96,Monthly,27,Credit Card,2,10.0,No
C03932,Male,30.0,69.59,Monthly,11,Bank Transfer,2,7.0,No
C03933,Female,43.0,26.65,Monthly,7,Bank Transfer,3,5.0,No
C03934,Male,18.0,39.38,Yearly,1,Bank Transfer,2,6.0,Yes
C03935,Male,20.0,41.23,Monthly,5,Bank Transfer,0,4.0,No
C03936,Female,38.0,37.72,Monthly,25,E-Wallet,5,6.0,No
C03937,Male,37.0,45.85,Monthly,7,,3,7.0,Yes
C03938,FEMALE,42.0,64.47,Monthly,7,Bank Transfer,2,8.0,No
C03939,Male,60.0,74.21,Monthly,9,E-Wallet,4,6.0,No
C03940,Male,39.0,89.24,Monthly,5,Cash,6,10.0,No
C03941,Female,45.0,69.12,Monthly,9,,1,5.0,Yes
C03942,Female,,22.66,Yearly,6,Bank Transfer,3,5.0,No
C03943,Male,47.0,33.93,Monthly,29,E-Wallet,2,7.0,No
C03944,Male,31.0,50.85,Monthly,10,Cash,2,5.0,Yes
C03945,Male,38.0,58.34,Monthly,22,E-Wallet,3,8.0,No
C03946,Male,36.0,80.45,Monthly,14,Credit Card,4,4.0,Yes
C03947,Female,50.0,55.67,Monthly,3,Bank Transfer,2,8.0,No
C03948,Female,22.0,55.86,Yearly,25,E-Wallet,3,6.0,No
C03949,Male,18.0,60.76,Monthly,2,E-Wallet,3,10.0,No
C03950,Male,,48.68,Yearly,8,Bank Transfer,6,5.0,No
C03951,Male,43.0,56.78,Monthly,4,Credit Card,2,9.0,Yes
C03952,Female,39.0,90.62,Yearly,10,Bank Transfer,4,7.0,No
C03953,Female,52.0,52.57,Monthly,5,Bank Transfer,1,8.0,Yes
C03954,Male,43.0,53.86,Monthly,16,Credit Card,3,4.0,No
C03955,Male,31.0,53.78,Monthly,34,E-Wallet,3,6.0,No
C03956,Female,18.0,97.91,Monthly,15,Credit Card,2,6.0,No
C03957,Female,35.0,33.16,Monthly,6,Bank Transfer,1,8.0,No
C03958,Male,50.0,121.4,Monthly,11,E-Wallet,4,6.0,No
C03959,Male,33.0,32.16,Two-Year,27,Bank Transfer,5,10.0,No
C03960,Male,38.0,40.67,Yearly,4,Bank Transfer,1,6.0,No
C03961,Female,43.0,76.34,Yearly,2,Credit Card,3,3.0,No
C03962,Male,25.0,86.8,Monthly,2,E-Wallet,1,6.0,No
C03963,male,45.0,29.03,Yearly,9,Cash,2,7.0,No
C03964,Female,57.0,33.39,Monthly,16,E-Wallet,1,8.0,No
C03965,Male,35.0,61.87,Monthly,13,Bank Transfer,0,6.0,No
C03966,Female,24.0,156.8,Monthly,8,Bank Transfer,0,10.0,No
C03967,Male,37.0,95.66,Monthly,16,Credit Card,2,7.0,No
C03968,Male,18.0,48.83,Monthly,13,E-Wallet,1,6.0,No
C03969,Female,42.0,18.38,Monthly,12,Credit Card,2,5.0,No
C03970,Male,43.0,56.64,Monthly,3,E-Wallet,2,9.0,No
C03971,Female,58.0,64.27,Yearly,5,Credit Card,2,6.0,No
C03972,Female,,45.96,Two-Year,6,Credit Card,2,,Yes
C03973,Male,42.0,37.23,Monthly,20,Credit Card,1,9.0,No
C03974,Female,27.0,58.65,Monthly,18,Bank Transfer,2,6.0,No
C03975,Male,33.0,35.73,Yearly,4,E-Wallet,3,6.0,No
C03976,Female,19.0,126.8,Monthly,1,Credit Card,2,9.0,No
C03977,Male,,108.04,Two-Year,18,E-Wallet,3,4.0,No
C03978,Female,34.0,73.41,Yearly,7,Bank Transfer,0,8.0,No
C03979,Male,41.0,56.85,Monthly,3,,2,9.0,No
C03980,Male,30.0,40.57,Monthly,2,,1,,No
C03981,Female,39.0,,Two-Year,1,E-Wallet,3,,No
C03982,Female,33.0,114.17,Two-Year,7,Credit Card,0,7.0,No
C03983,Male,,80.71,Monthly,5,E-Wallet,0,,No
C03984,Male,,59.84,Monthly,15,Bank Transfer,3,,No
C03985,Female,38.0,82.75,Monthly,46,E-Wallet,2,9.0,No
C03986,Female,47.0,69.79,Monthly,3,Bank Transfer,3,6.0,No
C03987,Male,36.0,65.26,Two-Year,4,Credit Card,3,7.0,No
C03988,Male,33.0,84.88,Yearly,5,Cash,3,7.0,Yes
C03989,Male,,68.9,Monthly,8,Credit Card,5,3.0,No
C03990,Female,29.0,80.35,Monthly,15,Credit Card,5,6.0,No
C03991,Male,33.0,58.71,Yearly,6,Bank Transfer,2,8.0,No
C03992,Male,62.0,48.7,Monthly,2,,5,4.0,No
C03993,M,27.0,42.66,Monthly,16,,4,6.0,No
C03994,Male,34.0,40.44,Monthly,19,Bank Transfer,3,6.0,No
C03995,Male,33.0,26.51,Monthly,4,Bank Transfer,4,7.0,No
C03996,Male,35.0,36.22,Yearly,2,Credit Card,5,7.0,No
C03997,Male,34.0,35.75,Yearly,10,E-Wallet,3,8.0,No
C03998,Male,41.0,43.45,Monthly,3,Bank Transfer,2,9.0,No
C03999,male,18.0,,Monthly,6,Bank Transfer,3,8.0,No
C04000,Male,50.0,50.86,Monthly,19,,5,6.0,No
C04001,M,45.0,60.87,Monthly,3,Cash,0,7.0,No
C04002,Female,23.0,61.74,Yearly,20,Credit Card,3,9.0,No
C04003,Female,18.0,111.54,Monthly,14,E-Wallet,3,,No
C04004,Male,26.0,42.14,Two-Year,3,E-Wallet,4,8.0,No
C04005,Male,35.0,49.4,Monthly,9,Credit Card,2,7.0,Yes
C04006,Male,68.0,52.05,Monthly,12,Credit Card,3,6.0,No
C04007,Male,44.0,91.05,Monthly,3,Credit Card,1,,Yes
C04008,Male,18.0,99.97,Monthly,2,,4,6.0,No
C04009,Female,29.0,67.6,Monthly,10,E-Wallet,1,7.0,No
C04010,Male,37.0,95.09,Monthly,15,E-Wallet,3,6.0,Yes
C04011,Male,41.0,59.14,Monthly,8,Credit Card,3,6.0,No
C04012,Male,22.0,50.52,Two-Year,1,Cash,1,6.0,No
C04013,Female,36.0,92.8,Monthly,32,,4,7.0,No
C04014,Male,29.0,67.99,Monthly,15,E-Wallet,2,8.0,No
C04015,Female,24.0,39.21,Monthly,12,Credit Card,1,5.0,No
C04016,Male,41.0,85.53,Monthly,13,Credit Card,5,7.0,No
C04017,Female,47.0,49.71,Monthly,7,Credit Card,2,8.0,Yes
C04018,Female,48.0,47.05,Monthly,50,Credit Card,4,9.0,No
C04019,Male,44.0,81.6,Monthly,2,Credit Card,4,8.0,No
C04020,Male,,52.46,Monthly,17,Credit Card,1,8.0,Yes
C04021,F,46.0,65.04,Monthly,7,Credit Card,2,6.0,No
C04022,Male,41.0,73.54,Monthly,26,Bank Transfer,2,7.0,No
C04023,Female,39.0,38.39,Yearly,16,Credit Card,3,8.0,No
C04024,Female,30.0,64.92,Yearly,10,Bank Transfer,4,5.0,No
C04025,Female,32.0,100.21,Yearly,34,Cash,2,4.0,Yes
C04026,Female,38.0,35.5,Monthly,30,Credit Card,1,7.0,No
C04027,Male,67.0,66.85,Two-Year,1,Credit Card,3,4.0,No
C04028,Male,41.0,37.59,Two-Year,3,Credit Card,0,6.0,Yes
C04029,Female,30.0,86.46,Yearly,14,E-Wallet,2,5.0,No
C04030,Male,28.0,86.09,Monthly,31,Credit Card,2,7.0,No
C04031,Female,32.0,46.55,Monthly,7,Credit Card,3,6.0,No
C04032,Male,64.0,147.57,Yearly,1,E-Wallet,4,7.0,Yes
C04033,Male,33.0,89.84,Yearly,13,Credit Card,2,5.0,No
C04034,Female,48.0,75.05,Monthly,3,Bank Transfer,1,7.0,No
C04035,Male,33.0,73.17,Monthly,10,Credit Card,1,6.0,No
C04036,Female,41.0,85.01,Monthly,6,Credit Card,5,4.0,Yes
C04037,Female,47.0,34.88,Monthly,10,Credit Card,1,7.0,Yes
C04038,Female,31.0,,Yearly,33,Bank Transfer,1,7.0,No
C04039,Female,30.0,,Monthly,8,E-Wallet,2,8.0,No
C04040,Female,57.0,45.6,Monthly,1,,6,8.0,No
C04041,Female,49.0,67.3,Yearly,11,Credit Card,2,8.0,No
C04042,Male,47.0,95.04,Monthly,5,Credit Card,1,6.0,No
C04043,Male,47.0,45.16,Monthly,19,Credit Card,2,7.0,No
C04044,Female,43.0,53.28,Yearly,8,Bank Transfer,3,4.0,Yes
C04045,Male,62.0,37.74,Monthly,17,E-Wallet,2,3.0,Yes
C04046,Male,38.0,24.43,Monthly,29,Credit Card,4,5.0,No
C04047,Male,44.0,77.52,Yearly,6,Bank Transfer,2,3.0,No
C04048,Female,20.0,53.97,Yearly,55,E-Wallet,0,7.0,No
C04049,Female,28.0,,Yearly,2,,1,7.0,No
C04050,Male,23.0,35.02,Monthly,13,E-Wallet,1,3.0,No
C04051,Female,53.0,50.23,Monthly,1,Bank Transfer,2,9.0,Yes
C04052,Female,18.0,89.43,Yearly,3,Credit Card,1,7.0,No
C04053,Female,33.0,54.62,Monthly,13,Credit Card,1,4.0,No
C04054,Female,18.0,55.32,Monthly,1,Credit Card,1,9.0,Yes
C04055,Female,28.0,59.94,Monthly,2,Credit Card,3,5.0,No
C04056,Male,32.0,31.3,Monthly,5,E-Wallet,2,7.0,No
C04057,Female,54.0,72.33,Monthly,11,Bank Transfer,2,7.0,No
C04058,Male,42.0,31.04,Monthly,1,E-Wallet,1,,No
C04059,F,28.0,35.77,Monthly,8,,3,9.0,No
C04060,Female,50.0,,Two-Year,12,E-Wallet,3,10.0,No
C04061,Male,38.0,50.46,Monthly,7,Credit Card,2,4.0,No
C04062,Male,38.0,46.59,Monthly,1,Credit Card,5,7.0,No
C04063,Female,23.0,54.57,Monthly,12,Bank Transfer,2,7.0,Yes
C04064,Male,,36.33,Monthly,12,Cash,3,7.0,No
C04065,Female,28.0,85.84,Two-Year,9,Bank Transfer,0,10.0,No
C04066,Male,38.0,79.46,Yearly,15,Bank Transfer,1,7.0,No
C04067,Male,38.0,50.49,Yearly,3,Bank Transfer,4,8.0,No
C04068,Female,56.0,44.02,Yearly,14,Bank Transfer,4,9.0,No
C04069,Female,42.0,42.07,Two-Year,3,Credit Card,3,10.0,No
C04070,Female,18.0,47.49,Monthly,6,Bank Transfer,2,5.0,No
C04071,Male,41.0,29.08,Monthly,1,Bank Transfer,7,6.0,No
C04072,Female,20.0,35.45,Monthly,21,E-Wallet,0,7.0,Yes
C04073,Female,26.0,80.4,Monthly,10,Credit Card,0,5.0,Yes
C04074,Female,,62.54,Monthly,43,Bank Transfer,3,9.0,No
C04075,Female,30.0,113.91,Monthly,35,E-Wallet,0,7.0,No
C04076,Female,21.0,47.72,Monthly,72,Credit Card,2,4.0,No
C04077,Male,40.0,46.4,Monthly,2,Bank Transfer,4,6.0,No
C04078,Male,,45.44,Monthly,12,E-Wallet,3,4.0,No
C04079,Female,42.0,47.29,Monthly,7,Bank Transfer,5,6.0,Yes
C04080,Male,64.0,40.57,Yearly,10,Credit Card,1,2.0,Yes
C04081,Female,22.0,61.68,Monthly,5,E-Wallet,5,8.0,No
C04082,Male,34.0,55.32,Two-Year,1,Cash,2,6.0,No
C04083,FEMALE,18.0,43.4,Yearly,15,Credit Card,2,5.0,No
C04084,Female,,95.87,Monthly,41,,2,6.0,No
C04085,Male,45.0,128.18,Monthly,10,Bank Transfer,2,9.0,Yes
C04086,Male,46.0,92.29,Monthly,5,Bank Transfer,2,8.0,No
C04087,Male,38.0,70.19,Yearly,34,,3,10.0,No
C04088,Female,48.0,76.92,Monthly,6,Cash,4,4.0,Yes
C04089,Female,68.0,125.89,Monthly,30,Credit Card,1,4.0,Yes
C04090,Male,58.0,76.87,Monthly,24,Credit Card,4,6.0,Yes
C04091,Female,31.0,41.96,Monthly,10,E-Wallet,0,10.0,No
C04092,Male,20.0,65.14,Two-Year,14,Bank Transfer,1,8.0,No
C04093,Male,33.0,72.37,Monthly,15,Credit Card,5,8.0,Yes
C04094,Female,26.0,34.9,Monthly,13,Cash,2,,Yes
C04095,Male,43.0,48.03,Monthly,3,Credit Card,2,6.0,No
C04096,Male,23.0,89.58,Yearly,15,Bank Transfer,1,6.0,No
C04097,Male,37.0,24.03,Yearly,1,Bank Transfer,1,7.0,No
C04098,Male,48.0,31.1,Monthly,15,Bank Transfer,2,8.0,No
C04099,Male,36.0,50.43,Monthly,10,Credit Card,1,6.0,Yes
C04100,Male,26.0,64.02,Monthly,4,Credit Card,0,4.0,Yes
C04101,Female,52.0,29.64,Monthly,20,Credit Card,4,5.0,No
C04102,Male,200.0,51.57,Two-Year,7,E-Wallet,4,8.0,No
C04103,Female,34.0,91.76,Monthly,8,E-Wallet,4,9.0,No
C04104,Male,37.0,56.31,Monthly,1,E-Wallet,1,,No
C04105,Male,38.0,83.31,Monthly,7,E-Wallet,1,6.0,No
C04106,Female,40.0,41.83,Monthly,3,Credit Card,3,,No
C04107,Female,45.0,37.92,Monthly,4,Cash,4,6.0,No
C04108,Male,37.0,80.0,Monthly,4,Credit Card,4,9.0,No
C04109,Female,33.0,64.47,Monthly,1,Credit Card,2,,No
C04110,Female,33.0,32.02,Yearly,8,E-Wallet,2,,No
C04111,Female,30.0,38.08,Monthly,9,Credit Card,2,6.0,No
C04112,Male,47.0,110.39,Monthly,11,Credit Card,0,7.0,Yes
C04113,Male,30.0,36.02,Monthly,8,E-Wallet,2,6.0,No
C04114,Male,48.0,83.13,Monthly,25,Credit Card,0,6.0,No
C04115,Female,38.0,44.03,Monthly,1,E-Wallet,2,7.0,Yes
C04116,Male,31.0,54.52,Monthly,12,E-Wallet,3,4.0,No
C04117,Female,45.0,62.34,Monthly,25,Cash,3,,Yes
C04118,Male,29.0,21.21,Monthly,1,Credit Card,3,6.0,Yes
C04119,Male,45.0,28.27,Monthly,9,Credit Card,1,7.0,No
C04120,Female,40.0,56.76,Monthly,11,E-Wallet,1,5.0,No
C04121,Male,30.0,39.41,Yearly,3,Credit Card,5,4.0,Yes
C04122,Female,44.0,85.5,Monthly,4,Bank Transfer,5,7.0,No
C04123,Female,44.0,26.5,Monthly,19,Bank Transfer,3,10.0,Yes
C04124,Female,51.0,70.41,Monthly,11,Bank Transfer,7,6.0,No
C04125,Female,49.0,29.39,Monthly,5,Bank Transfer,0,7.0,No
C04126,Female,43.0,46.6,Yearly,18,E-Wallet,3,6.0,No
C04127,Female,24.0,33.82,Monthly,17,Credit Card,1,6.0,No
C04128,Female,67.0,128.52, Monthly ,6,Bank Transfer,4,8.0,No
C04129,Male,21.0,29.88,Monthly,9,Credit Card,3,6.0,No
C04130,Male,,51.68,Monthly,14, E-Wallet,3,5.0,Yes
C04131,Male,,25.1,Monthly,6,Credit Card,5,7.0,No
C04132,Male,23.0,112.15,Monthly,12,Bank Transfer,3,4.0,Yes
C04133,Female,36.0,65.4,Monthly,4,Cash,3,8.0,No
C04134,Female,,58.07,Monthly,5,E-Wallet,3,,Yes
C04135,Female,53.0,106.0,Two-Year,5,Credit Card,2,9.0,No
C04136,Male,,58.34,Monthly,33,E-Wallet,3,4.0,No
C04137,Female,34.0,60.27,Monthly,22,Credit Card,4,6.0,Yes
C04138,Male,,57.93,Monthly,10,E-Wallet,1,10.0,No
C04139,Female,58.0,70.36,Yearly,10,E-Wallet,1,4.0,No
C04140,Female,25.0,43.75,Monthly,1,Credit Card,5,6.0,No
C04141,Male,41.0,49.58,Yearly,13,Credit Card,3,6.0,No
C04142,Male,36.0,78.62,Monthly,5,Credit Card,3,6.0,No
C04143,Male,36.0,61.86,Monthly,12,Credit Card,1,6.0,No
C04144,Female,47.0,51.86,Yearly,23,Bank Transfer,2,6.0,No
C04145,Female,58.0,29.07,Yearly,1,Credit Card,1,4.0,No
C04146,Female,41.0,107.14,Monthly,12,Credit Card,4,4.0,No
C04147,Male,45.0,40.54,Monthly,10,Bank Transfer,2,5.0,No
C04148,Male,41.0,85.14,Monthly,3,E-Wallet,2,1.0,No
C04149,Female,50.0,59.09,Monthly,13,Bank Transfer,3,4.0,No
C04150,Female,32.0,,Two-Year,10,Credit Card,2,7.0,No
C04151,Male,50.0,95.92,Monthly,18,Credit Card,3,5.0,No
C04152,Male,51.0,61.22,Monthly,2,Credit Card,4,5.0,Yes
C04153,Female,50.0,,Monthly,8,Credit Card,4,6.0,No
C04154,Male,30.0,50.3,Monthly,72,Cash,1,6.0,No
C04155,Male,35.0,74.95,Monthly,15,Credit Card,2,8.0,No
C04156,Male,40.0,24.7,Monthly,14,Credit Card,0,7.0,No
C04157,Female,21.0,43.59,Monthly,5,Credit Card,2,6.0,No
C04158,Female,57.0,30.79,Yearly,2,E-Wallet,2,4.0,No
C04159,Female,37.0,46.12,Monthly,36,Bank Transfer,2,6.0,No
C04160,Female,41.0,67.51,Monthly,2,E-Wallet,4,3.0,No
C04161,Male,31.0,41.59,Monthly,60,,4,10.0,No
C04162,Male,22.0,80.54,Monthly,2,Cash,2,3.0,No
C04163,Female,30.0,37.13,Monthly,3,Credit Card,4,7.0,No
C04164,Male,40.0,81.32,Two-Year,5,Credit Card,3,6.0,Yes
C04165,Female,46.0,98.43,Yearly,9,E-Wallet,2,6.0,No
C04166,Male,39.0,86.15,Yearly,19,Bank Transfer,2,7.0,No
C04167,Male,42.0,46.76,Monthly,43,,0,4.0,No
C04168,Male,33.0,20.98,Yearly,6,Credit Card ,5,8.0,No
C04169,Male,43.0,70.95,Monthly,1,Bank Transfer,2,8.0,No
C04170,Male,55.0,51.61,Monthly,12,Cash,6,6.0,No
C04171,Male,46.0,35.15,Monthly,15,Cash,2,8.0,Yes
C04172,Female,47.0,42.51,Monthly,7,Credit Card,1,10.0,No
C04173,Male,41.0,104.11,Monthly,3,Bank Transfer,2,7.0,No
C04174,Female,19.0,32.73,Monthly,5,Bank Transfer,5,7.0,No
C04175,Female,25.0,67.41,Monthly,13,,1,3.0,Yes
C04176,Female,43.0,60.22,Monthly,9,Credit Card,2,8.0,No
C04177,Female,37.0,46.49,Monthly,17,Bank Transfer,3,6.0,No
C04178,Female,,72.97,Two-Year,3,Cash,3,8.0,No
C04179,Male,58.0,113.81,Yearly,23,Credit Card,0,7.0,No
C04180,Male,46.0,47.79,Monthly,3,E-Wallet,0,4.0,No
C04181,Male,53.0,48.94,Monthly,5,Credit Card,3,6.0,No
C04182,Female,39.0,72.24,Monthly,11,,2,9.0,No
C04183,Female,28.0,82.53,Monthly,17,Credit Card,1,10.0,No
C04184,Male,37.0,51.55,Two-Year,4,Credit Card,8,5.0,No
C04185,Male,28.0,47.59,Monthly,36,E-Wallet,2,3.0,No
C04186,Female,56.0,20.13,Yearly,15,Cash,0,6.0,No
C04187,Male,47.0,,Yearly,3,Credit Card,4,7.0,No
C04188,Female,44.0,32.7,Monthly,16,Bank Transfer,2,8.0,No
C04189,Female,52.0,74.3,Two-Year,15,Bank Transfer,2,9.0,No
C04190,Female,18.0,48.92,Monthly,17,Credit Card,0,7.0,No
C04191,Female,45.0,48.07,Monthly,30,Credit Card,1,5.0,Yes
C04192,Female,22.0,54.38,Yearly,15,E-Wallet,2,7.0,No
C04193,Male,37.0,36.91,Monthly,6,Credit Card,1,4.0,Yes
C04194,Female,34.0,109.83,Monthly,19,Credit Card,4,4.0,No
C04195,Female,45.0,97.92,Monthly,15,Cash,1,9.0,No
C04196,Male,40.0,,Yearly,11,Credit Card,3,9.0,No
C04197,Male,,74.26,Monthly,6,Credit Card,0,2.0,No
C04198,Male,30.0,4413.0,Two-Year,31,E-Wallet,3,9.0,No
C04199,Male,46.0,112.91,Monthly,9,Bank Transfer,2,7.0,Yes
C04200,Female,39.0,40.19,Monthly,12,Bank Transfer,1,9.0,No
C04201,Female,18.0,36.89,Monthly,7,Credit Card,1,3.0,No
C04202,Male,,41.65,Monthly,19,Cash,1,5.0,No
C04203,Male,36.0,69.08,Monthly,6,Credit Card,0,5.0,No
C04204,Female,51.0,38.75,Yearly,20,,6,6.0,No
C04205,Male,43.0,50.91,Monthly,2,Credit Card,3,7.0,No
C04206,Male,23.0,26.55,Yearly,15,Bank Transfer,3,2.0,No
C04207,Female,36.0,,Monthly,8,E-Wallet,3,5.0,No
C04208,Female,62.0,27.59,Monthly,15,Credit Card,3,6.0,No
C04209,Male,39.0,,Monthly,10,Credit Card,4,5.0,No
C04210,Male,34.0,94.42,Monthly,2,Bank Transfer,2,6.0,No
C04211,Male,43.0,92.86,Monthly,8,Cash,1,10.0,No
C04212,Female,47.0,64.61,Monthly,41,Credit Card,1,6.0,No
C04213,Female,32.0,61.81,Yearly,17,,3,3.0,No
C04214,Male,44.0,42.99,Monthly,5,E-Wallet,3,8.0,No
C04215,Female,34.0,38.56,Monthly,35,E-Wallet,2,,Yes
C04216,Female,46.0,46.39,Yearly,19,E-Wallet,3,8.0,No
C04217,Male,40.0,27.63,Two-Year,6,Credit Card,4,5.0,No
C04218,Male,43.0,61.17,Two-Year,12,Bank Transfer,4,9.0,No
C04219,Female,28.0,55.81,Yearly,7,Credit Card,6,8.0,No
C04220,Male,28.0,35.87,Monthly,2,Bank Transfer,0,0.0,Yes
C04221,Male,,110.6,Two-Year,20,,3,7.0,Yes
C04222,Female,37.0,71.74,Yearly,3,Credit Card,2,8.0,Yes
C04223,Female,41.0,74.54,Two-Year,8,,4,7.0,No
C04224,Female,34.0,43.85,Monthly,15,Cash,2,7.0,No
C04225,Female,48.0,54.57,Two-Year,33,E-Wallet,0,6.0,No
C04226,Female,,72.41,Monthly,1,Credit Card,3,6.0,No
C04227,Male,36.0,58.48,Monthly,6,Credit Card,0,10.0,No
C04228,Female,47.0,112.26,Monthly,12,Credit Card,2,5.0,No
C04229,Male,52.0,49.81,Yearly,19,Credit Card,2,6.0,No
C04230,Male,31.0,43.51,Monthly,31,E-Wallet,1,6.0,No
C04231,Female,61.0,72.63,Two-Year,1,E-Wallet,2,,No
C04232,Female,41.0,30.9,Monthly,12,E-Wallet,2,4.0,No
C04233,Male,25.0,82.76,Monthly,1,Cash,3,5.0,No
C04234,Female,42.0,30.41,Monthly,19,Credit Card,3,6.0,Yes
C04235,Male,33.0,72.77,Monthly,2,E-Wallet,2,7.0,No
C04236,Male,43.0,40.78,Monthly,28,E-Wallet,4,4.0,No
C04237,Male,37.0,67.66,Monthly,3,Bank Transfer,1,7.0,Yes
C04238,Female,38.0,82.13,Monthly,18,Cash,2,5.0,No
C04239,Female,27.0,58.5,Monthly,5,Cash,1,7.0,Yes
C04240,Male,49.0,31.82,Monthly,10,E-Wallet,4,9.0,Yes
C04241,Female,24.0,36.47,Yearly,12,Credit Card,4,,No
C04242,male,24.0,39.33,Monthly,3,Credit Card,2,8.0,No
C04243,Female,42.0,23.27,Monthly,5,Cash,5,4.0,No
C04244,Male,57.0,90.68,Monthly,2,Credit Card,3,3.0,No
C04245,Male,33.0,57.37,Yearly,1,E-Wallet,1,8.0,No
C04246,Female,46.0,32.75,Monthly,4,E-Wallet,2,10.0,No
C04247,Male,50.0,105.11,Monthly,9,E-Wallet,2,9.0,No
C04248,Male,47.0,39.82,Monthly,16, E-Wallet,0,4.0,No
C04249,Female,34.0,61.12,Two-Year,19,Bank Transfer,3,5.0,No
C04250,Female,24.0,37.66,Monthly,1,E-Wallet,4,2.0,No
C04251,Male,18.0,22.02,Monthly,4,Bank Transfer,2,5.0,No
C04252,Male,34.0,29.55,Monthly,18,E-Wallet,2,6.0,No
C04253,Male,52.0,44.62,Two-Year,8,E-Wallet,2,7.0,No
C04254,Male,24.0,81.8,Monthly,3,Credit Card,2,7.0,No
C04255,Male,46.0,63.81,Monthly,6,Credit Card,4,8.0,No
C04256,Female,26.0,58.15,Monthly,4,E-Wallet,2,8.0,No
C04257,Female,39.0,22.1,Two-Year,1,Credit Card,3,6.0,No
C04258,Male,46.0,96.69,Yearly,18,Credit Card,2,8.0,No
C04259,Male,30.0,60.38,Monthly,5,Cash,2,7.0,No
C04260,Male,40.0,51.74,Monthly,35,Bank Transfer,3,9.0,No
C04261,Male,33.0,90.88,Monthly,27,Cash,4,9.0,Yes
C04262,Female,46.0,95.71,Monthly,16,Credit Card,3,7.0,Yes
C04263,Male,40.0,91.8,Monthly,5,Bank Transfer,0,7.0,No
C04264,Male,38.0,48.85,Yearly,4,Credit Card,1,7.0,No
C04265,Female,56.0,34.76,Monthly,8,Credit Card,3,,No
C04266,Male,45.0,85.2,Monthly,6,,1,9.0,No
C04267,Female,29.0,29.54,Two-Year,28,Credit Card,3,3.0,No
C04268,Male,36.0,131.14,Monthly,2,Credit Card,1,7.0,No
C04269,Female,37.0,55.29,Yearly,16,E-Wallet,0,8.0,No
C04270,Female,38.0,33.87,Monthly,12,E-Wallet,3,6.0,No
C04271,Female,68.0,31.36,Two-Year,20,Cash,2,6.0,No
C04272,Female,42.0,30.73,Yearly,10,Credit Card,1,9.0,No
C04273,Male,18.0,58.16,Yearly,12,Credit Card,5,4.0,Yes
C04274,Male,31.0,54.44,Monthly,40,Bank Transfer,1,8.0,No
C04275,Female,18.0,31.31,Monthly,2,,1,6.0,Yes
C04276,Female,34.0,46.51,Two-Year,2,Credit Card,4,4.0,No
C04277,Male,,29.5,Monthly,7,Credit Card,2,7.0,No
C04278,Male,27.0,71.18,Yearly,8,E-Wallet,0,,No
C04279,Male,19.0,53.27,Monthly,3,E-Wallet,2,4.0,Yes
C04280,Male,42.0,46.05,Monthly,2,Credit Card,4,6.0,No
C04281,Male,38.0,30.58,Monthly,1,,3,9.0,No
C04282,Female,41.0,47.7,Monthly,18,Credit Card,3,8.0,No
C04283,Male,36.0,45.3,Two-Year,8,E-Wallet,3,7.0,No
C04284,Male,21.0,62.99,Yearly,23,Cash,2,8.0,Yes
C04285,Female,44.0,58.86,Monthly,6,Bank Transfer,3,8.0,No
C04286,Female,61.0,,Yearly,15,Bank Transfer,4,4.0,No
C04287,Female,42.0,43.9,Monthly,9,Credit Card,2,10.0,Yes
C04288,Female,32.0,23.64,Yearly,12,E-Wallet,4,,No
C04289,Male,20.0,85.28,Yearly,6,Credit Card,3,3.0,No
C04290,Female,27.0,35.83,Monthly,2,Bank Transfer,4,3.0,Yes
C04291,Female,43.0,,Monthly,36,Bank Transfer,2,2.0,No
C04292,Male,50.0,2339.0,Monthly,22,Credit Card,1,5.0,No
C04293,Female,41.0,62.55,Two-Year,5,Cash,2,6.0,Yes
C04294,M,47.0,43.0,Monthly,39,E-Wallet,6,5.0,No
C04295,Male,46.0,42.84, Monthly ,5,Credit Card,1,6.0,No
C04296,Male,44.0,45.79,Yearly,8,Bank Transfer,4,5.0,No
C04297,Male,30.0,103.28,Monthly,17,Credit Card,2,7.0,No
C04298,Male,40.0,54.53,Yearly,5,E-Wallet,2,8.0,Yes
C04299,Male,27.0,,Monthly,5,Credit Card,1,7.0,Yes
C04300,Female,38.0,35.48,Monthly,7,Cash,2,2.0,No
C04301,Male,41.0,48.77,Yearly,8,Credit Card,4,7.0,No
C04302,Female,58.0,60.77,Monthly,2,Credit Card,1,6.0,No
C04303,FEMALE,22.0,67.88,Monthly,1,E-Wallet,0,5.0,No
C04304,Female,43.0,57.74,Monthly,31,Credit Card,5,9.0,Yes
C04305,Female,55.0,37.38,Monthly,6,E-Wallet,2,8.0,No
C04306,Male,47.0,45.12,Two-Year,2,Credit Card,5,3.0,No
C04307,Male,47.0,75.96,Two-Year,18,Cash,2,9.0,No
C04308,Female,45.0,32.6,Monthly,5,,0,4.0,Yes
C04309,Female,,44.27,Monthly,3,E-Wallet,0,6.0,Yes
C04310,Female,24.0,71.44,Yearly,40,Bank Transfer,4,6.0,No
C04311,Male,21.0,80.95,Monthly,31,Bank Transfer,3,3.0,No
C04312,Female,,50.06,Monthly,2,Bank Transfer,0,6.0,Yes
C04313,Male,18.0,45.37,Yearly,28,Cash,4,4.0,No
C04314,Female,52.0,30.12,Yearly,27,Credit Card,4,6.0,No
C04315,Female,52.0,69.17,Monthly,13,Credit Card,0,8.0,No
C04316,Male,32.0,98.83,Yearly,10,Cash,5,10.0,No
C04317,Female,33.0,173.18,Monthly,3,Credit Card,1,10.0,No
C04318,Male,37.0,64.97,Monthly,2,Credit Card,5,,No
C04319,Male,38.0,53.36,Monthly,12,Bank Transfer,1,10.0,No
C04320,Male,39.0,36.09,Monthly,21,Cash,3,5.0,No
C04321,Female,44.0,23.44,Monthly,15, E-Wallet,6,4.0,Yes
C04322,Female,35.0,59.12,Yearly,3,Cash,7,6.0,No
C04323,Female,49.0,157.22,Two-Year,5,Credit Card,0,6.0,No
C04324,Male,43.0,96.72,Monthly,10,E-Wallet,2,5.0,No
C04325,FEMALE,30.0,90.24,Two-Year,12,Credit Card,1,5.0,No
C04326,Female,54.0,60.98,Monthly,1,Credit Card,1,9.0,No
C04327,Male,21.0,64.19,Monthly,12,E-Wallet,3,6.0,No
C04328,Female,36.0,18.34,Monthly,16,Bank Transfer,1,5.0,No
C04329,Male,49.0,76.95,Monthly,3,Credit Card,1,4.0,Yes
C04330,Female,29.0,42.07,Monthly,4,Bank Transfer,2,4.0,No
C04331,Male,41.0,39.81,Two-Year,4,Bank Transfer,1,6.0,No
C04332,Male,44.0,47.21,Monthly,34,Credit Card,4,6.0,No
C04333,Male,27.0,46.5,Monthly,7,Credit Card,1,7.0,No
C04334,Female,37.0,,Yearly,10,Bank Transfer,0,7.0,Yes
C04335,Male,36.0,54.94,Monthly,16,Credit Card,2,8.0,Yes
C04336,Male,31.0,42.47,Monthly,6,Bank Transfer,3,6.0,No
C04337,Female,65.0,57.12,Monthly,2,E-Wallet,3,7.0,No
C04338,Female,28.0,27.96,Monthly,13,E-Wallet,2,5.0,No
C04339,Male,,49.58,Yearly,14,Bank Transfer,1,8.0,No
C04340,Male,33.0,33.34,Monthly,4,Bank Transfer,2,7.0,No
C04341,Male,24.0,40.91,Monthly,1,Credit Card,3,9.0,No
C04342,Male,39.0,58.24,Monthly,14,Cash,2,9.0,Yes
C04343,Female,45.0,26.53,Monthly,15,Bank Transfer,4,10.0,No
C04344,Female,49.0,37.71,Monthly,1,Credit Card,4,10.0,No
C04345,Female,56.0,70.53,Monthly,15,Credit Card,1,7.0,No
C04346,Male,73.0,28.91,Monthly,34,E-Wallet,2,9.0,No
C04347,Female,41.0,121.52,Monthly,3,Bank Transfer,0,10.0,No
C04348,Female,30.0,93.88,Monthly,9,Credit Card,1,5.0,Yes
C04349,Female,43.0,43.71,Two-Year,15,Bank Transfer,7,4.0,No
C04350,Female,34.0,38.31,Two-Year,4,E-Wallet,4,3.0,No
C04351,Female,49.0,59.79,Monthly,17,Credit Card,2,6.0,No
C04352,FEMALE,22.0,28.46,Monthly,25,Bank Transfer,3,4.0,No
C04353,Male,66.0,22.18,Monthly,21,,2,10.0,No
C04354,Female,48.0,44.4,Monthly,4,Credit Card,4,2.0,No
C04355,Female,18.0,51.4,Monthly,20,Credit Card,5,5.0,No
C04356,Female,29.0,56.97,Monthly,7, E-Wallet,0,9.0,No
C04357,Male,47.0,41.4,Yearly,4,Credit Card,2,7.0,No
C04358,Female,52.0,96.86,Monthly,3,E-Wallet,1,8.0,No
C04359,Female,22.0,,Two-Year,29,E-Wallet,5,4.0,No
C04360,Male,46.0,32.71,Monthly,7,Bank Transfer,3,4.0,No
C04361,Male,18.0,67.96,Monthly,25,Cash,1,8.0,No
C04362,Female,36.0,,Two-Year,3,E-Wallet,3,7.0,No
C04363,Female,51.0,31.81,Monthly,18,Bank Transfer,0,8.0,No
C04364,Female,31.0,57.71,Two-Year,2,Bank Transfer,1,6.0,No
C04365,Male,19.0,33.98,Monthly,1,Credit Card,2,10.0,No
C04366,Female,39.0,51.42,Two-Year,64,Cash,1,7.0,No
C04367,Male,30.0,39.85,Two-Year,1,E-Wallet,0,8.0,No
C04368,Male,45.0,37.05,Monthly,8,E-Wallet,5,7.0,No
C04369,Male,27.0,,Yearly,26,Credit Card,4,2.0,No
C04370,Male,28.0,58.14,Monthly,21,E-Wallet,1,7.0,No
C04371,Male,18.0,31.15,Monthly,8,Credit Card,2,8.0,No
C04372,Male,,50.62,Monthly,12,,2,8.0,No
C04373,Male,200.0,43.36,Monthly,12,E-Wallet,3,5.0,No
C04374,male,23.0,49.75,Monthly,2,Cash,2,8.0,Yes
C04375,Male,40.0,51.04,Monthly,5,Credit Card,2,4.0,No
C04376,Male,50.0,,Yearly,5,Credit Card,4,7.0,No
C04377,M,35.0,39.35,Monthly,6,Credit Card,1,5.0,No
C04378,Female,41.0,95.51,Two-Year,4,Cash,5,4.0,Yes
C04379,Male,41.0,23.78,Monthly,4,E-Wallet,4,4.0,Yes
C04380,Male,23.0,49.31,Monthly,6,E-Wallet,1,9.0,Yes
C04381,Male,62.0,79.54,Yearly,6,Bank Transfer,4,9.0,Yes
C04382,Male,32.0,67.66,Yearly,9,Bank Transfer,2,5.0,No
C04383,Female,45.0,35.21,Yearly,3,Credit Card,4,6.0,No
C04384,Female,,37.95,Monthly,19, E-Wallet,1,4.0,No
C04385,Female,36.0,34.71,Monthly,24,E-Wallet,1,9.0,No
C04386,Female,45.0,71.5,Monthly,4,Bank Transfer,0,9.0,No
C04387,Female,40.0,39.14,Monthly,2,Credit Card,2,4.0,No
C04388,Male,20.0,61.24,Monthly,16,Bank Transfer,4,3.0,No
C04389,Male,34.0,,Monthly,31,Credit Card,5,10.0,No
C04390,Male,30.0,158.5,Monthly,1,Bank Transfer,2,8.0,Yes
C04391,FEMALE,,62.86,Yearly,1,Credit Card,3,7.0,No
C04392,Female,22.0,,Yearly,3,E-Wallet,2,5.0,No
C04393,Female,51.0,28.3,Monthly,14,Credit Card,0,5.0,No
C04394,Male,57.0,48.22,Monthly,41,Bank Transfer,2,7.0,No
C04395,Female,49.0,51.75, Monthly ,17,E-Wallet,4,9.0,No
C04396,Female,53.0,,Monthly,11,E-Wallet,1,5.0,No
C04397,male,33.0,39.6,Yearly,15,Credit Card,3,9.0,No
C04398,Male,30.0,62.42,Monthly,4,Credit Card,1,5.0,No
C04399,Male,28.0,42.97,Yearly,14,Cash,5,4.0,No
C04400,Male,45.0,84.43,Monthly,5,Credit Card,3,6.0,No
C04401,Male,40.0,27.08,Two-Year,4,E-Wallet,4,8.0,No
C04402,Male,37.0,74.04,Monthly,4,Cash,0,8.0,No
C04403,Male,53.0,82.37,Yearly,14,,2,4.0,No
C04404,Male,42.0,83.97,Monthly,18,Credit Card,2,10.0,No
C04405,Female,27.0,26.99,Monthly,11,Credit Card,3,4.0,No
C04406,Female,29.0,62.9,Monthly,1,Credit Card ,5,7.0,No
C04407,Female,46.0,40.41,Monthly,1,Bank Transfer,4,4.0,Yes
C04408,Male,50.0,29.0,Monthly,3,Bank Transfer,1,7.0,No
C04409,Male,44.0,45.32,Two-Year,5,E-Wallet,2,6.0,No
C04410,Female,60.0,36.33,Monthly,7,Cash,2,6.0,No
C04411,M,57.0,82.63,Monthly,1,Bank Transfer,3,8.0,No
C04412,Male,43.0,68.78,Yearly,16,E-Wallet,1,,No
C04413,Female,27.0,32.51,Monthly,15,Credit Card,4,8.0,No
C04414,Female,22.0,39.41,Monthly,6,Credit Card,3,,No
C04415,Male,33.0,46.0,Two-Year,10,Credit Card,3,6.0,No
C04416,Male,47.0,52.85,Monthly,2,E-Wallet,2,9.0,No
C04417,Male,59.0,,Monthly,7,Cash,0,5.0,No
C04418,Male,43.0,74.5,Yearly,24,E-Wallet,4,10.0,No
C04419,Male,52.0,55.88,Monthly,13,Credit Card,5,8.0,No
C04420,Male,35.0,48.56,Yearly,2,Credit Card,1,6.0,No
C04421,Male,45.0,24.58,Monthly,23,Credit Card,1,6.0,No
C04422,Female,47.0,97.65,Monthly,14,Credit Card,3,2.0,No
C04423,Female,18.0,44.65,Monthly,8,Credit Card,5,,No
C04424,Female,33.0,109.91,Two-Year,15,Credit Card,4,5.0,No
C04425,Male,49.0,59.64,Yearly,3,Credit Card,2,3.0,Yes
C04426,Male,41.0,135.83,Monthly,10,Credit Card,2,11.0,No
C04427,Male,23.0,71.73,Monthly,12,Credit Card,2,5.0,No
C04428,Male,18.0,28.66,Monthly,32,E-Wallet,3,10.0,Yes
C04429,Male,33.0,41.41,Monthly,1, E-Wallet,4,3.0,Yes
C04430,Female,37.0,50.6,Yearly,6,Cash,3,3.0,No
C04431,Female,27.0,36.85,Two-Year,34,Bank Transfer,5,7.0,No
C04432,Female,39.0,46.08,Yearly,3,,3,,No
C04433,Male,44.0,29.51,Monthly,21,Credit Card,0,10.0,No
C04434,Female,46.0,,Monthly,1,Credit Card,2,5.0,No
C04435,Male,,60.75,Monthly,1,E-Wallet,1,6.0,Yes
C04436,Male,,34.75,Monthly,5,Credit Card,0,9.0,No
C04437,Male,34.0,130.73,Monthly,18,E-Wallet,7,6.0,No
C04438,Female,44.0,,Yearly,2,,2,7.0,Yes
C04439,Female,43.0,37.81,Monthly,6,E-Wallet,2,3.0,No
C04440,Male,43.0,26.22,Monthly,2,E-Wallet,0,9.0,Yes
C04441,Female,33.0,56.09,Monthly,4,E-Wallet,2,10.0,No
C04442,Female,,48.56,Two-Year,9,Bank Transfer,3,5.0,No
C04443,Male,29.0,77.66,Yearly,5,E-Wallet,6,10.0,No
C04444,Male,47.0,51.19,Monthly,3,Bank Transfer,0,9.0,No
C04445,Male,26.0,31.91,Yearly,7,Credit Card,2,9.0,Yes
C04446,Female,48.0,115.8,Monthly,15,Credit Card,3,7.0,No
C04447,Male,40.0,66.42,Monthly,2,Bank Transfer,3,,No
C04448,Female,37.0,48.7,Monthly,8,Credit Card,1,8.0,No
C04449,Male,30.0,58.8,Monthly,4,E-Wallet,3,7.0,No
C04450,Female,21.0,67.58,Monthly,6,Credit Card,6,2.0,No
C04451,Male,30.0,28.7,Monthly,21,Credit Card,2,7.0,No
C04452,Female,34.0,58.61,Monthly,32,Bank Transfer,4,10.0,No
C04453,Female,18.0,44.59,Monthly,4,E-Wallet,2,8.0,Yes
C04454,Female,35.0,68.6,Monthly,12,Credit Card,1,4.0,No
C04455,Female,49.0,39.13,Yearly,14,Credit Card,2,6.0,No
C04456,Male,44.0,41.59,Monthly,23,,1,9.0,Yes
C04457,Female,32.0,115.39,Monthly,28,Bank Transfer,3,7.0,No
C04458,Male,38.0,95.0,Monthly,8,E-Wallet,4,9.0,No
C04459,Male,31.0,12.39, Monthly ,49,E-Wallet,4,8.0,No
C04460,Female,39.0,91.89,Monthly,43,E-Wallet,4,9.0,No
C04461,Male,56.0,52.82,Monthly,9,Credit Card,2,8.0,No
C04462,Male,49.0,39.7,Monthly,10,,6,7.0,No
C04463,Female,44.0,34.7,Yearly,14,Cash,0,8.0,No
C04464,Male,32.0,35.62,Monthly,6,Credit Card,1,2.0,Yes
C04465,Female,46.0,40.21,Yearly,14,Credit Card,1,5.0,No
C04466,Male,,32.88,Yearly,9,E-Wallet,3,8.0,No
C04467,Male,34.0,29.68,Monthly,1,Bank Transfer,1,3.0,Yes
C04468,Male,45.0,34.19,Monthly,23,Bank Transfer,2,9.0,No
C04469,Female,46.0,63.15,Monthly,34,,6,7.0,No
C04470,Female,46.0,55.84,Monthly,1,Credit Card,4,5.0,Yes
C04471,Female,41.0,70.11,Monthly,19,E-Wallet,2,7.0,No
C04472,Female,35.0,52.99,Monthly,6,Credit Card,1,4.0,No
C04473,Male,44.0,30.33,Monthly,11,Bank Transfer,2,8.0,Yes
C04474,Male,26.0,68.2,Monthly,9,E-Wallet,1,9.0,Yes
C04475,Female,27.0,34.74,Monthly,10,Cash,4,6.0,No
C04476,Male,38.0,73.04,Monthly,9,E-Wallet,2,10.0,No
C04477,Male,40.0,32.31,Monthly,24,E-Wallet,1,8.0,Yes
C04478,Male,18.0,40.07,Yearly,14,Credit Card,2,8.0,No
C04479,Female,43.0,46.4,Monthly,7,Cash,1,8.0,No
C04480,Female,47.0,73.96,Monthly,14,E-Wallet,1,6.0,No
C04481,Male,37.0,59.1,Monthly,41,E-Wallet,4,,No
C04482,Male,66.0,55.09,Monthly,2,Credit Card,0,7.0,No
C04483,Female,29.0,127.56,Monthly,6,Credit Card,2,7.0,No
C04484,Female,33.0,23.89,Monthly,25,Bank Transfer,4,6.0,No
C04485,Male,33.0,34.22,Yearly,17,E-Wallet,3,6.0,No
C04486,Female,200.0,33.56,Monthly,33,Bank Transfer,3,3.0,Yes
C04487,Male,34.0,24.61,Monthly,1,E-Wallet,5,4.0,Yes
C04488,Male,21.0,39.5,Monthly,24,Credit Card,1,6.0,No
C04489,Female,31.0,74.4,Monthly,19,Credit Card,5,4.0,Yes
C04490,Female,36.0,41.84,Monthly,21,E-Wallet,4,7.0,No
C04491,Male,52.0,47.0,Monthly,11,Bank Transfer,2,9.0,No
C04492,Female,64.0,25.15,Monthly,1,Bank Transfer,4,6.0,No
C04493,Female,54.0,38.15,Monthly,10,E-Wallet,3,9.0,No
C04494,Female,28.0,44.36,Monthly,7,E-Wallet,2,9.0,Yes
C04495,Female,29.0,72.9,Monthly,9,Credit Card,2,4.0,No
C04496,Female,36.0,25.69,Yearly,17,E-Wallet,3,7.0,No
C04497,Male,59.0,,Yearly,11,Credit Card,4,4.0,No
C04498,Male,36.0,89.04,Monthly,5,Bank Transfer,3,1.0,No
C04499,Male,22.0,44.69,Monthly,11,Credit Card,2,7.0,No
C04500,Male,31.0,21.07,Monthly,2,Credit Card,0,,No
C04501,Female,47.0,97.09,Two-Year,1,Bank Transfer,0,2.0,Yes
C04502,Male,46.0,76.0,Monthly,7,Credit Card,2,7.0,No
C04503,Male,35.0,80.74,Monthly,17,Credit Card,3,6.0,No
C04504,Male,46.0,24.91,Monthly,21,Bank Transfer,6,6.0,No
C04505,Male,18.0,107.84,Monthly,10,Bank Transfer,6,7.0,Yes
C04506,Male,39.0,38.55,Monthly,25,Credit Card,1,9.0,No
C04507,Female,48.0,43.41,Monthly,2,Credit Card,4,6.0,No
C04508,Male,28.0,39.8,Monthly,40,Credit Card,1,8.0,No
C04509,Female,27.0,83.61,Two-Year,31,Credit Card,2,6.0,No
C04510,Female,18.0,50.35,Two-Year,11,Credit Card,0,6.0,No
C04511,Male,57.0,67.82,Yearly,1,Credit Card,4,8.0,No
C04512,Male,29.0,56.5,Monthly,8,Cash,1,5.0,No
C04513,Male,40.0,52.31,Yearly,3,Credit Card,2,6.0,No
C04514,Female,45.0,35.66,Yearly,12,Credit Card,4,3.0,No
C04515,Female,56.0,123.4,Two-Year,3,Bank Transfer,1,3.0,No
C04516,Male,36.0,28.26,Monthly,8,Credit Card,1,7.0,No
C04517,Female,31.0,65.73,Monthly,3,Credit Card,4,9.0,No
C04518,Female,40.0,64.68,Monthly,3,E-Wallet,2,6.0,Yes
C04519,Male,53.0,91.79,Two-Year,4,Bank Transfer,2,7.0,No
C04520,Male,35.0,101.97,Monthly,1,Credit Card,1,9.0,No
C04521,Female,26.0,51.32,Monthly,16,Bank Transfer,4,7.0,No
C04522,Female,19.0,69.32,Monthly,5,,4,8.0,No
C04523,Female,23.0,120.81,Monthly,15,Credit Card,3,6.0,No
C04524,Female,48.0,53.02,Two-Year,13,Credit Card,2,6.0,No
C04525,Female,34.0,33.79,Monthly,1,E-Wallet,1,3.0,Yes
C04526,Male,30.0,45.92,Monthly,5,E-Wallet,3,10.0,Yes
C04527,Female,29.0,30.35,Two-Year,11,E-Wallet,3,8.0,No
C04528,Female,39.0,64.54,Monthly,31,Credit Card ,3,3.0,Yes
C04529,Female,,88.15,Yearly,7,Bank Transfer,2,6.0,No
C04530,Male,34.0,51.7,Monthly,9,Credit Card,3,10.0,No
C04531,Male,54.0,26.33,Monthly,17,E-Wallet,5,6.0,No
C04532,Male,56.0,86.47,Monthly,20,Credit Card,5,9.0,No
C04533,Male,18.0,24.55,Monthly,31,Credit Card,3,10.0,No
C04534,Male,41.0,27.23,Monthly,9,Credit Card,1,6.0,No
C04535,male,28.0,50.39,Two-Year,3,Credit Card,0,4.0,No
C04536,Female,35.0,61.15,Monthly,18,E-Wallet,3,4.0,Yes
C04537,Male,41.0,66.02,Monthly,2,Credit Card,3,9.0,No
C04538,Female,35.0,53.0,Yearly,7,Bank Transfer,2,,No
C04539,Male,40.0,120.54,Monthly,12,E-Wallet,4,5.0,No
C04540,Male,46.0,,Monthly,15,E-Wallet,2,7.0,No
C04541,Male,41.0,86.97,Monthly,16,Cash,2,7.0,No
C04542,Male,30.0,77.8,Monthly,3,Credit Card,7,10.0,No
C04543,Male,30.0,3423.0,Monthly,48,Credit Card,5,10.0,No
C04544,F,20.0,50.58,Two-Year,3,Credit Card,3,5.0,Yes
C04545,Male,27.0,141.95,Monthly,2,Credit Card,6,7.0,No
C04546,Female,61.0,43.51,Monthly,14,,3,5.0,No
C04547,Male,28.0,40.3,Monthly,29,E-Wallet,1,5.0,No
C04548,Female,23.0,58.95,Monthly,10,Credit Card ,2,8.0,No
C04549,Female,41.0,44.22,Yearly,11,Bank Transfer,1,6.0,No
C04550,Female,36.0,38.2,Monthly,10,E-Wallet,1,7.0,No
C04551,Female,35.0,43.93,Yearly,1,Credit Card,4,4.0,Yes
C04552,Male,54.0,104.0,Monthly,14,Credit Card,3,9.0,No
C04553,Male,44.0,51.34,Monthly,6,Cash,4,6.0,No
C04554,Female,31.0,30.04,Yearly,33,,3,3.0,No
C04555,Male,32.0,27.65,Monthly,3,E-Wallet,3,8.0,No
C04556,Female,31.0,147.39,Monthly,5,E-Wallet,4,9.0,No
C04557,Female,48.0,49.38,Yearly,9,Cash,3,7.0,No
C04558,Female,34.0,66.39,Monthly,8,Credit Card,0,8.0,Yes
C04559,Female,18.0,38.59,Monthly,7,Credit Card ,3,5.0,No
C04560,Female,37.0,63.08,Monthly,5,Credit Card,0,3.0,No
C04561,Female,19.0,105.29,Yearly,2,Credit Card,5,7.0,No
C04562,Male,64.0,40.71,Monthly,21,Credit Card,2,7.0,No
C04563,Female,26.0,67.11,Two-Year,8,,2,8.0,No
C04564,FEMALE,36.0,29.0,Monthly,11,Cash,2,5.0,No
C04565,Male,41.0,135.68,Yearly,10,E-Wallet,1,6.0,No
C04566,Female,34.0,61.61,Monthly,11,Bank Transfer,1,6.0,No
C04567,Male,34.0,45.34,Monthly,15,Credit Card,5,7.0,No
C04568,Male,43.0,47.75,Monthly,12,Bank Transfer,2,4.0,No
C04569,Male,56.0,43.4,Monthly,4,Credit Card,5,8.0,No
C04570,Female,47.0,44.41,Monthly,10,Credit Card,0,6.0,No
C04571,Male,55.0,18.15,Monthly,4,Bank Transfer,1,4.0,No
C04572,Female,25.0,52.24,Yearly,11,E-Wallet,4,5.0,No
C04573,FEMALE,41.0,51.27,Monthly,7,Bank Transfer,5,5.0,Yes
C04574,Female,39.0,68.03,Two-Year,1,,1,7.0,No
C04575,Female,42.0,43.15,Monthly,16,E-Wallet,0,7.0,Yes
C04576,Male,54.0,38.59,Monthly,4,Credit Card,1,9.0,No
C04577,Male,35.0,54.41,Yearly,31,E-Wallet,2,5.0,No
C04578,Male,33.0,26.43,Two-Year,4,E-Wallet,3,7.0,No
C04579,Female,44.0,58.24,Monthly,69,Bank Transfer,2,5.0,No
C04580,Female,18.0,23.62,Monthly,8,Credit Card,3,5.0,Yes
C04581,M,35.0,90.41,Monthly,1,Bank Transfer,3,6.0,No
C04582,Male,36.0,74.29,Monthly,1,Credit Card,0,5.0,No
C04583,Female,26.0,35.99,Yearly,2,,2,7.0,No
C04584,Female,50.0,73.52,Monthly,1,Credit Card,1,8.0,Yes
C04585,Female,25.0,57.41,Monthly,4,Credit Card,5,5.0,Yes
C04586,Female,36.0,34.67,Monthly,5,Cash,1,4.0,No
C04587,Male,41.0,21.97,Monthly,2,Bank Transfer,1,8.0,Yes
C04588,Male,54.0,62.95,Monthly,7,E-Wallet,2,8.0,No
C04589,Female,200.0,38.19,Yearly,6, E-Wallet,1,10.0,No
C04590,Female,49.0,89.37,Monthly,13,Credit Card,1,6.0,No
C04591,Female,46.0,54.94,Monthly,3,Credit Card,1,7.0,Yes
C04592,Male,39.0,39.85,Yearly,30,E-Wallet,2,7.0,No
C04593,Male,24.0,122.61,Monthly,9,Credit Card ,1,9.0,No
C04594,Male,20.0,,Yearly,12,Credit Card,2,8.0,Yes
C04595,Male,39.0,10.54,Monthly,1,Credit Card,6,6.0,No
C04596,Female,31.0,43.87,Monthly,10,E-Wallet,0,7.0,No
C04597,Female,,29.29,Monthly,6,Credit Card ,1,,No
C04598,M,46.0,38.1,Two-Year,31,E-Wallet,3,2.0,No
C04599,Male,35.0,51.16,Two-Year,27,E-Wallet,3,6.0,No
C04600,Male,24.0,64.03,Monthly,13,Cash,2,4.0,No
C04601,Male,44.0,61.41,Monthly,18,Credit Card,0,4.0,Yes
C04602,Female,25.0,88.68,Monthly,13,Credit Card,2,8.0,No
C04603,Female,28.0,72.71,Monthly,1,Credit Card,1,4.0,Yes
C04604,Male,26.0,70.71,Yearly,15,Cash,1,6.0,No
C04605,Female,36.0,59.78,Monthly,3,E-Wallet,4,6.0,No
C04606,Female,52.0,97.42,Monthly,14,Credit Card,3,5.0,No
C04607,Female,37.0,47.36,Monthly,1,Bank Transfer,3,7.0,No
C04608,Male,,47.91,Monthly,5,Credit Card,6,10.0,Yes
C04609,Female,19.0,23.16,Yearly,9,E-Wallet,1,4.0,No
C04610,Male,44.0,87.82,Monthly,5,Credit Card,2,10.0,No
C04611,Male,28.0,52.74,Monthly,15,Cash,1,6.0,No
C04612,Male,,204.41,Monthly,9,,3,10.0,No
C04613,Male,33.0,45.49,Monthly,39,E-Wallet,3,,No
C04614,Male,48.0,56.82,Monthly,6,Credit Card,0,6.0,No
C04615,Male,36.0,69.82,Two-Year,16,Credit Card,4,1.0,Yes
C04616,Male,37.0,33.25,Monthly,22,Bank Transfer,4,9.0,No
C04617,Female,43.0,64.16,Monthly,4,Bank Transfer,1,6.0,Yes
C04618,Female,63.0,55.46,Yearly,17,Credit Card,5,5.0,No
C04619,Male,48.0,47.62,Monthly,6,Bank Transfer,2,8.0,No
C04620,Female,36.0,92.54,Monthly,2,E-Wallet,7,10.0,No
C04621,Female,38.0,36.35,Monthly,1,Credit Card,2,8.0,No
C04622,Female,31.0,61.79,Monthly,17,Bank Transfer,0,4.0,No
C04623,Male,26.0,105.07,Monthly,3,E-Wallet,2,6.0,No
C04624,Female,31.0,39.73,Monthly,1,Credit Card,5,3.0,Yes
C04625,FEMALE,28.0,47.77,Monthly,9,E-Wallet,0,8.0,No
C04626,Female,45.0,156.87,Monthly,6,E-Wallet,5,6.0,No
C04627,Male,25.0,67.59,Monthly,15,E-Wallet,3,6.0,Yes
C04628,Male,53.0,43.48,Monthly,2,Credit Card,4,8.0,No
C04629,Female,47.0,78.35,Monthly,2,E-Wallet,5,,Yes
C04630,Male,38.0,42.28,Two-Year,7,E-Wallet,3,5.0,Yes
C04631,Male,38.0,27.0,Two-Year,9,Credit Card,3,6.0,Yes
C04632,Male,31.0,101.25,Monthly,21,Bank Transfer,4,3.0,No
C04633,Female,41.0,33.24,Yearly,11,Credit Card,3,7.0,No
C04634,Female,51.0,164.56,Monthly,28,Credit Card,2,7.0,No
C04635,Male,29.0,43.81,Yearly,3,,1,4.0,Yes
C04636,Female,19.0,142.59,Monthly,11,Credit Card,3,3.0,No
C04637,Male,46.0,29.49,Monthly,13,Credit Card,4,7.0,No
C04638,Female,41.0,86.61,Yearly,16,Credit Card,4,5.0,No
C04639,Female,,68.37,Yearly,54,Credit Card,4,7.0,No
C04640,Female,29.0,,Monthly,8,,4,4.0,No
C04641,Female,,84.4,Yearly,6,E-Wallet,3,8.0,No
C04642,Male,29.0,43.64,Monthly,23,Credit Card,4,7.0,Yes
C04643,Female,34.0,30.3,Monthly,3,E-Wallet,1,5.0,No
C04644,Male,34.0,53.36,Monthly,1,Credit Card,3,6.0,Yes
C04645,Female,30.0,60.36,Monthly,8,Credit Card,5,5.0,No
C04646,Female,28.0,44.15,Yearly,4,Cash,1,4.0,No
C04647,Female,35.0,61.86,Two-Year,7,Bank Transfer,0,4.0,No
C04648,Male,40.0,63.33,Monthly,52,Credit Card,2,10.0,No
C04649,Female,34.0,36.25,Monthly,6,Bank Transfer,0,,No
C04650,Male,51.0,65.22,Yearly,15,Credit Card,7,5.0,Yes
C04651,Male,44.0,48.41,Monthly,4,E-Wallet,3,6.0,No
C04652,male,18.0,39.85,Monthly,5,Credit Card,1,10.0,Yes
C04653,male,44.0,77.81,Monthly,4,E-Wallet,5,7.0,Yes
C04654,Female,45.0,38.49,Monthly,11,Credit Card,0,9.0,No
C04655,Male,32.0,44.46,Yearly,4,Bank Transfer,4,10.0,No
C04656,Male,20.0,56.4,Monthly,16,Credit Card ,7,7.0,No
C04657,Female,38.0,101.34,Monthly,14,Credit Card,1,7.0,No
C04658,Female,37.0,59.55,Yearly,7,Credit Card,7,9.0,No
C04659,Male,24.0,69.25,Monthly,1,Bank Transfer,3,6.0,No
C04660,Female,20.0,47.75,Monthly,1,Credit Card,2,10.0,No
C04661,Male,36.0,52.7,Monthly,10,E-Wallet,4,7.0,No
C04662,Female,35.0,53.41,Monthly,22,Bank Transfer,4,10.0,No
C04663,Male,32.0,,Yearly,11,Credit Card,3,7.0,No
C04664,Female,36.0,3408.0,Monthly,7,E-Wallet,2,8.0,Yes
C04665,Female,24.0,99.78,Yearly,26,Credit Card,3,6.0,No
C04666,Female,32.0,46.16,Monthly,3,Cash,1,4.0,No
C04667,Male,,25.32,Monthly,6,Credit Card,5,9.0,No
C04668,FEMALE,33.0,187.59,Monthly,10,E-Wallet,2,9.0,No
C04669,Female,18.0,47.12,Yearly,5,Credit Card,3,3.0,No
C04670,Female,32.0,98.59,Monthly,72,E-Wallet,2,4.0,No
C04671,Male,25.0,102.74,Monthly,8,Credit Card,2,7.0,No
C04672,FEMALE,41.0,83.54,Monthly,1,Credit Card,2,6.0,Yes
C04673,Female,41.0,49.94,Monthly,3,Credit Card,2,8.0,No
C04674,Male,18.0,62.12,Monthly,10,Bank Transfer,3,2.0,Yes
C04675,Male,47.0,30.77,Monthly,10,Bank Transfer,2,10.0,No
C04676,Female,24.0,133.7,Yearly,50,Credit Card,1,5.0,No
C04677,Male,56.0,37.21,Two-Year,11,Cash,4,7.0,No
C04678,Female,37.0,48.7,Monthly,14,Credit Card,6,7.0,Yes
C04679,Female,23.0,57.09,Monthly,3,E-Wallet,3,,No
C04680,Female,24.0,52.02,Monthly,2,Bank Transfer,2,4.0,Yes
C04681,Male,42.0,40.63,Monthly,12,Credit Card,1,7.0,No
C04682,Male,33.0,102.25,Monthly,25,Credit Card,0,4.0,No
C04683,Female,36.0,83.73,Monthly,11,Bank Transfer,3,9.0,No
C04684,Male,57.0,63.11,Yearly,8,Credit Card,4,6.0,No
C04685,Female,29.0,45.61,Monthly,11,E-Wallet,2,7.0,No
C04686,Male,38.0,88.14,Monthly,8,Cash,1,6.0,No
C04687,Male,55.0,44.3,Two-Year,2,Credit Card,0,10.0,No
C04688,Male,41.0,,Two-Year,17,Credit Card,3,5.0,No
C04689,Female,,57.4,Monthly,10,Credit Card,0,8.0,No
C04690,FEMALE,44.0,94.95,Monthly,7,Bank Transfer,2,2.0,No
C04691,Male,24.0,51.87,Monthly,10,Credit Card,3,8.0,No
C04692,Male,54.0,56.38,Monthly,4,Cash,5,3.0,No
C04693,Male,28.0,94.77,Two-Year,7,E-Wallet,4,10.0,No
C04694,Female,73.0,146.54,Yearly,12,Cash,4,5.0,No
C04695,Male,55.0,110.19,Yearly,4,Credit Card,1,5.0,Yes
C04696,Female,28.0,81.02,Monthly,17,Credit Card,5,7.0,No
C04697,Male,38.0,71.18,Monthly,9,Bank Transfer,1,4.0,Yes
C04698,Male,47.0,,Monthly,24,Bank Transfer,3,5.0,No
C04699,Male,47.0,62.36,Monthly,23,E-Wallet,1,7.0,No
C04700,Female,43.0,36.2,Monthly,9,E-Wallet,1,5.0,No
C04701,Male,53.0,64.66,Monthly,3,Bank Transfer,6,8.0,Yes
C04702,Male,36.0,,Monthly,17,Credit Card,6,9.0,Yes
C04703,Female,33.0,22.59,Monthly,7,Credit Card,4,8.0,No
C04704,Female,33.0,55.56,Monthly,11,E-Wallet,2,4.0,No
C04705,Male,48.0,65.8,Monthly,2,Bank Transfer,4,5.0,No
C04706,FEMALE,42.0,52.58,Monthly,12,Bank Transfer,4,4.0,Yes
C04707,Female,41.0,64.14,Monthly,6,Credit Card,4,6.0,No
C04708,Male,47.0,29.85,Monthly,5,E-Wallet,1,7.0,No
C04709,Female,18.0,38.51,Two-Year,47,E-Wallet,2,7.0,No
C04710,Female,41.0,86.98,Monthly,7,Credit Card,2,10.0,Yes
C04711,Male,40.0,54.61,Yearly,14,Credit Card,2,10.0,No
C04712,Male,58.0,63.62,Two-Year,12,Bank Transfer,5,8.0,Yes
C04713,F,19.0,42.69,Monthly,2,Bank Transfer,2,8.0,Yes
C04714,Female,56.0,55.08,Monthly,17,Credit Card,2,4.0,No
C04715,Male,38.0,19.38,Monthly,5, E-Wallet,1,8.0,No
C04716,Male,43.0,79.89,Monthly,20,Credit Card,2,8.0,No
C04717,Female,58.0,123.17,Monthly,12,Bank Transfer,7,7.0,No
C04718,Female,44.0,33.81,Yearly,5,Credit Card,2,7.0,No
C04719,Male,,35.76,Monthly,6,Credit Card,2,10.0,No
C04720,Female,40.0,66.58,Two-Year,16,Bank Transfer,2,10.0,No
C04721,Male,32.0,105.98,Yearly,10,Credit Card,2,7.0,No
C04722,Male,37.0,54.55,Monthly,14,Credit Card,2,8.0,No
C04723,Male,29.0,31.4,Monthly,3,Bank Transfer,1,5.0,Yes
C04724,male,37.0,49.71,Monthly,19,Cash,1,7.0,No
C04725,Male,18.0,34.35,Monthly,5,E-Wallet,3,8.0,No
C04726,Male,150.0,40.41,Monthly,12,Credit Card,5,3.0,Yes
C04727,Female,36.0,47.62,Yearly,2,Credit Card,3,5.0,No
C04728,Female,33.0,35.94,Monthly,5,Bank Transfer,1,8.0,No
C04729,Female,40.0,38.47,Monthly,13,Credit Card,3,7.0,No
C04730,Male,20.0,56.46,Yearly,4,Credit Card,2,7.0,No
C04731,Male,61.0,60.15,Monthly,26,Credit Card,2,7.0,Yes
C04732,Male,36.0,28.77,Monthly,13,Bank Transfer,3,9.0,No
C04733,Female,36.0,65.26,Monthly,25,E-Wallet,4,8.0,No
C04734,Female,26.0,45.98,Monthly,7,Bank Transfer,6,6.0,No
C04735,Male,38.0,75.5,Yearly,1,Cash,2,9.0,No
C04736,Male,54.0,77.57,Two-Year,11,Credit Card,1,7.0,No
C04737,Male,50.0,42.73,Monthly,5,Cash,4,3.0,No
C04738,Male,,71.98,Monthly,8,,2,7.0,No
C04739,Male,44.0,37.46,Monthly,14,Credit Card,3,4.0,No
C04740,Female,33.0,99.06,Yearly,15,Cash,5,8.0,Yes
C04741,Female,20.0,38.11,Monthly,1,Bank Transfer,0,,No
C04742,Male,35.0,63.99,Monthly,18,Credit Card,2,2.0,No
C04743,Male,35.0,50.18,Monthly,9,Credit Card,4,7.0,No
C04744,Female,50.0,34.55,Two-Year,10,,1,10.0,No
C04745,Male,41.0,81.89,Monthly,5,Cash,2,5.0,No
C04746,Male,57.0,41.41,Monthly,7,Credit Card,3,7.0,No
C04747,Male,52.0,25.41,Yearly,15,Cash,4,7.0,No
C04748,Male,32.0,,Monthly,18,Credit Card,1,2.0,No
C04749,Male,18.0,,Monthly,6,Credit Card,3,7.0,Yes
C04750,Female,54.0,101.41,Monthly,15,Credit Card ,4,8.0,Yes
C04751,Male,54.0,96.16,Two-Year,4,Bank Transfer,2,6.0,No
C04752,Male,21.0,39.51,Monthly,22,Credit Card,4,6.0,Yes
C04753,Female,56.0,46.13,Monthly,12,E-Wallet,1,6.0,Yes
C04754,Male,42.0,44.29,Monthly,18,Credit Card,1,8.0,No
C04755,Female,39.0,29.96,Yearly,8,E-Wallet,1,4.0,No
C04756,Female,57.0,35.62,Monthly,4,E-Wallet,0,3.0,No
C04757,Male,54.0,84.9,Monthly,7,Credit Card,3,8.0,No
C04758,Female,45.0,68.49,Monthly,6,E-Wallet,0,5.0,No
C04759,Male,43.0,61.74,Monthly,5,E-Wallet,2,8.0,No
C04760,Female,45.0,29.94,Yearly,3,Bank Transfer,7,7.0,Yes
C04761,Male,33.0,57.13,Monthly,18,Credit Card,2,5.0,No
C04762,Female,37.0,19.36,Yearly,2,Bank Transfer,4,4.0,No
C04763,Female,27.0,79.78,Yearly,27, E-Wallet,3,1.0,No
C04764,Male,34.0,61.34,Two-Year,3,Credit Card,2,5.0,No
C04765,Female,33.0,29.8,Monthly,47,Credit Card,5,7.0,Yes
C04766,Female,30.0,113.0,Monthly,54,Credit Card,4,7.0,No
C04767,Female,39.0,24.33,Monthly,7,,2,3.0,Yes
C04768,Male,34.0,69.31,Two-Year,53,Credit Card,2,5.0,No
C04769,Female,44.0,70.09,Yearly,25,Credit Card,3,9.0,No
C04770,Male,18.0,31.25,Monthly,2,Credit Card,2,10.0,No
C04771,Male,36.0,53.68,Two-Year,36,Credit Card,6,8.0,No
C04772,Male,39.0,26.14,Yearly,1,Credit Card,3,7.0,No
C04773,Male,34.0,15.17,Two-Year,3,Bank Transfer,2,3.0,Yes
C04774,Female,35.0,33.77,Monthly,11,E-Wallet,2,7.0,No
C04775,Male,18.0,41.37,Yearly,2,Credit Card,1,5.0,No
C04776,Female,42.0,72.96,Yearly,3,Credit Card,1,10.0,No
C04777,Male,45.0,56.28,Monthly,37,Credit Card,3,6.0,No
C04778,Male,43.0,56.95,Two-Year,63,Credit Card ,3,0.0,No
C04779,Male,50.0,34.59,Monthly,20,Bank Transfer,4,6.0,No
C04780,Male,40.0,43.01,Monthly,9,Credit Card,4,9.0,No
C04781,Male,43.0,35.93,Yearly,28,E-Wallet,1,6.0,No
C04782,Male,39.0,31.46,Monthly,2,Credit Card ,0,7.0,No
C04783,Female,46.0,41.8,Yearly,35,Credit Card,6,6.0,No
C04784,Male,19.0,56.46,Monthly,6,Credit Card,2,8.0,Yes
C04785,Male,27.0,42.2,Monthly,24,Credit Card,3,5.0,Yes
C04786,Male,57.0,47.2,Monthly,14,Bank Transfer,1,9.0,No
C04787,Female,18.0,74.64,Monthly,39,Bank Transfer,7,3.0,Yes
C04788,Female,36.0,43.58,Yearly,25,E-Wallet,2,8.0,Yes
C04789,Male,52.0,29.96,Monthly,27,Bank Transfer,1,4.0,No
C04790,Male,36.0,70.36,Monthly,12,,4,,Yes
C04791,Male,33.0,61.54,Monthly,22,Bank Transfer,3,9.0,No
C04792,Female,39.0,63.3,Yearly,17,Bank Transfer,2,4.0,No
C04793,Male,33.0,72.36,Monthly,3,Credit Card,5,4.0,Yes
C04794,Male,38.0,67.05,Yearly,13,E-Wallet,3,5.0,No
C04795,M,29.0,55.31,Monthly,2,Cash,1,9.0,No
C04796,FEMALE,51.0,160.16,Monthly,25,Bank Transfer,2,,No
C04797,FEMALE,55.0,30.62,Yearly,1,,1,5.0,No
C04798,F,36.0,41.93,Monthly,53,Credit Card,2,3.0,Yes
C04799,Male,21.0,84.38,Monthly,7,E-Wallet,2,7.0,No
C04800,Female,31.0,58.22,Yearly,3,Cash,4,7.0,No
C04801,Male,35.0,76.79,Monthly,33, E-Wallet,3,2.0,No
C04802,Male,44.0,,Yearly,1,Credit Card,3,9.0,No
C04803,Female,25.0,101.32,Yearly,8,Cash,1,8.0,No
C04804,Male,28.0,34.7,Monthly,18,Credit Card,1,4.0,No
C04805,Female,44.0,99.89,Monthly,5,Bank Transfer,4,3.0,No
C04806,male,49.0,92.48,Monthly,10,Bank Transfer,2,10.0,No
C04807,Male,30.0,31.67,Two-Year,15,E-Wallet,3,7.0,No
C04808,Female,22.0,72.52,Two-Year,37,E-Wallet,0,7.0,No
C04809,Male,77.0,53.55,Monthly,2,E-Wallet,3,9.0,No
C04810,Female,,41.56,Monthly,3,E-Wallet,1,7.0,No
C04811,Male,34.0,,Monthly,9,Bank Transfer,4,5.0,No
C04812,Female,48.0,34.64,Monthly,7,E-Wallet,3,2.0,No
C04813,male,36.0,75.09,Monthly,7,Credit Card,2,10.0,No
C04814,Male,48.0,78.75,Yearly,5,Bank Transfer,4,9.0,No
C04815,Female,39.0,49.66,Two-Year,10,Credit Card,3,6.0,No
C04816,Female,39.0,78.86,Two-Year,26,Cash,3,7.0,No
C04817,Female,36.0,83.54,Monthly,3,Cash,1,8.0,No
C04818,Female,20.0,58.53,Two-Year,3,Credit Card,1,6.0,No
C04819,Female,61.0,39.45,Yearly,14,Bank Transfer,3,5.0,No
C04820,Male,26.0,66.58,Monthly,1,Credit Card,1,6.0,No
C04821,Male,21.0,67.98,Monthly,14,Credit Card,3,7.0,No
C04822,Male,,73.94,Yearly,5,Bank Transfer,0,9.0,No
C04823,Male,26.0,80.59,Two-Year,6,Credit Card,1,4.0,No
C04824,Male,37.0,29.58,Monthly,7,Credit Card,1,6.0,No
C04825,Female,46.0,43.4,Monthly,6,Bank Transfer,1,,Yes
C04826,Male,49.0,23.23,Monthly,23,Credit Card,4,10.0,No
C04827,Female,47.0,76.41,Two-Year,36,Bank Transfer,2,6.0,No
C04828,Male,34.0,49.62,Two-Year,10,Credit Card,5,9.0,No
C04829,Male,38.0,66.28,Monthly,11,E-Wallet,6,,No
C04830,Male,42.0,28.1,Monthly,1,Bank Transfer,1,,Yes
C04831,Female,18.0,102.56,Two-Year,15,E-Wallet,2,9.0,No
C04832,Female,44.0,31.9,Yearly,11,Credit Card,3,4.0,No
C04833,FEMALE,20.0,77.37,Two-Year,1,Credit Card,3,6.0,No
C04834,Male,62.0,57.57,Yearly,3,Cash,3,4.0,No
C04835,Female,33.0,,Monthly,3,Bank Transfer,2,,No
C04836,Male,35.0,48.35,Yearly,3,Credit Card,0,10.0,No
C04837,Male,28.0,40.97,Monthly,13,E-Wallet,1,8.0,No
C04838,Male,30.0,97.79,Yearly,32,Credit Card,3,7.0,No
C04839,Male,65.0,54.91,Monthly,18,Bank Transfer,1,9.0,Yes
C04840,Male,49.0,30.84,Two-Year,8,Credit Card,2,6.0,No
C04841,F,19.0,45.93, Monthly ,7,Credit Card,5,9.0,No
C04842,Female,56.0,57.84,Monthly,6,Credit Card,3,3.0,Yes
C04843,Male,52.0,81.78,Monthly,12,Credit Card,3,8.0,No
C04844,Male,34.0,41.59,Monthly,6,Bank Transfer,3,8.0,No
C04845,Male,41.0,42.86,Yearly,4,,1,5.0,No
C04846,Male,37.0,55.18,Yearly,12,Cash,1,5.0,No
C04847,Female,61.0,,Two-Year,6,Bank Transfer,1,4.0,No
C04848,Male,28.0,29.49,Monthly,1,Credit Card,4,5.0,No
C04849,Female,39.0,68.54,Monthly,1,E-Wallet,0,9.0,No
C04850,Male,32.0,44.31,Monthly,4,Bank Transfer,2,7.0,No
C04851,Female,20.0,47.18,Monthly,9,Credit Card,2,6.0,No
C04852,Male,64.0,134.39,Monthly,6,Credit Card,4,4.0,No
C04853,Female,23.0,49.98,Two-Year,1,E-Wallet,5,8.0,Yes
C04854,Male,40.0,76.68,Monthly,4,,3,9.0,No
C04855,Female,18.0,75.45,Yearly,2,Cash,3,8.0,No
C04856,Male,33.0,32.1,Monthly,36,E-Wallet,1,4.0,Yes
C04857,Male,43.0,23.8,Monthly,5,Bank Transfer,2,7.0,Yes
C04858,Female,28.0,79.0,Monthly,1,Credit Card ,4,7.0,No
C04859,Female,45.0,33.53,Monthly,13,Bank Transfer,4,7.0,No
C04860,Female,34.0,25.82,Two-Year,4,Credit Card,4,2.0,No
C04861,Female,51.0,86.64,Monthly,11,Bank Transfer,1,7.0,No
C04862,Female,54.0,34.51,Monthly,2,E-Wallet,5,2.0,No
C04863,Male,,38.57,Yearly,50,E-Wallet,1,10.0,No
C04864,Male,38.0,132.75,Two-Year,43,Bank Transfer,2,4.0,No
C04865,Male,40.0,25.87,Monthly,13,Credit Card,3,9.0,No
C04866,Female,45.0,31.02,Monthly,15,Credit Card,4,6.0,Yes
C04867,Male,38.0,44.4,Monthly,7,Credit Card,3,6.0,No
C04868,Male,40.0,49.0,Monthly,40,Cash,4,7.0,No
C04869,Female,35.0,36.52,Monthly,7,E-Wallet,2,6.0,No
C04870,Female,39.0,32.41,Two-Year,4,E-Wallet,3,2.0,No
C04871,Male,53.0,107.72,Monthly,2,E-Wallet,3,6.0,Yes
C04872,Male,45.0,,Monthly,3,Bank Transfer,3,6.0,No
C04873,FEMALE,46.0,71.05,Monthly,11,Bank Transfer,4,3.0,No
C04874,Male,46.0,51.33,Yearly,4,Bank Transfer,2,5.0,No
C04875,Male,36.0,62.19,Monthly,13,Bank Transfer,3,6.0,No
C04876,Female,41.0,83.08,Monthly,6,E-Wallet,2,4.0,Yes
C04877,Female,24.0,34.87,Monthly,27,Credit Card,0,6.0,No
C04878,Female,53.0,61.51,Monthly,10,E-Wallet,2,6.0,Yes
C04879,Male,18.0,74.68,Monthly,12,E-Wallet,3,6.0,No
C04880,Female,36.0,109.42,Monthly,10,E-Wallet,1,5.0,No
C04881,Male,51.0,131.18,Monthly,27,Credit Card,3,6.0,Yes
C04882,Male,21.0,,Monthly,1,Credit Card,3,6.0,Yes
C04883,Female,42.0,91.14,Monthly,1,Credit Card,6,4.0,Yes
C04884,Male,29.0,16.42,Two-Year,15,E-Wallet,1,7.0,Yes
C04885,Male,33.0,109.79,Monthly,18,E-Wallet,1,9.0,No
C04886,Female,49.0,39.38,Yearly,7,,0,5.0,No
C04887,Male,40.0,48.98,Monthly,6,,3,8.0,No
C04888,Female,18.0,66.59,Yearly,4,E-Wallet,4,5.0,No
C04889,Male,26.0,50.96,Monthly,4,Credit Card,2,6.0,Yes
C04890,Female,49.0,59.64,Monthly,30,Cash,3,5.0,No
C04891,Male,43.0,111.55,Yearly,5,Bank Transfer,5,4.0,No
C04892,F,,45.93,Yearly,13,Cash,2,6.0,No
C04893,Female,58.0,33.48,Two-Year,19,Bank Transfer,2,7.0,Yes
C04894,Male,33.0,123.48,Yearly,1,Credit Card,2,7.0,No
C04895,Male,68.0,69.2,Monthly,1,Credit Card,3,5.0,No
C04896,FEMALE,38.0,129.67,Monthly,5,,1,5.0,Yes
C04897,Male,26.0,80.53,Monthly,15,Credit Card,4,8.0,No
C04898,Male,30.0,30.1,Monthly,4,E-Wallet,5,5.0,No
C04899,Male,18.0,73.0,Yearly,1,Bank Transfer,1,,No
C04900,male,57.0,35.07,Monthly,5,Cash,1,4.0,No
C04901,Male,57.0,54.78,Two-Year,2,Credit Card,5,5.0,No
C04902,Male,25.0,,Monthly,3,Bank Transfer,3,,No
C04903,Male,35.0,26.37,Monthly,5,Credit Card,3,7.0,No
C04904,Male,39.0,37.87,Monthly,2,Bank Transfer,5,6.0,No
C04905,Female,26.0,147.28,Monthly,15,Bank Transfer,2,5.0,No
C04906,Male,18.0,60.78,Yearly,4,Credit Card,4,9.0,No
C04907,Female,35.0,50.45,Two-Year,13,E-Wallet,2,5.0,No
C04908,Male,34.0,123.45,Monthly,11,Credit Card,3,8.0,No
C04909,Female,,45.68,Yearly,28,Bank Transfer,4,7.0,No
C04910,Female,40.0,52.4,Monthly,2,Bank Transfer,2,9.0,No
C04911,Female,55.0,85.27,Two-Year,3,Bank Transfer,2,10.0,No
C04912,M,34.0,45.59,Monthly,25,Credit Card,3,5.0,No
C04913,Female,40.0,39.02,Monthly,21,E-Wallet,1,8.0,Yes
C04914,Male,46.0,19.8,Monthly,3,Credit Card,2,10.0,No
C04915,Male,44.0,35.82,Monthly,2,E-Wallet,0,7.0,No
C04916,Female,30.0,35.67,Monthly,24,Credit Card,1,6.0,No
C04917,Male,39.0,58.64,Monthly,3,Bank Transfer,1,3.0,Yes
C04918,Male,44.0,41.48,Monthly,25,Cash,3,2.0,No
C04919,Female,24.0,144.19,Monthly,39,Credit Card,3,3.0,No
C04920,Male,53.0,33.92,Yearly,3,Credit Card,1,,No
C04921,Female,55.0,102.54,Yearly,23,Credit Card,1,6.0,No
C04922,Female,29.0,60.27,Yearly,7,E-Wallet,4,7.0,No
C04923,M,40.0,78.5,Monthly,19,Credit Card,1,5.0,No
C04924,Female,45.0,76.38,Monthly,7,,1,7.0,No
C04925,M,,20.12,Monthly,1,Credit Card,2,6.0,No
C04926,Male,43.0,54.32,Monthly,15,Bank Transfer,3,4.0,No
C04927,Male,39.0,48.52,Monthly,2,Bank Transfer,4,3.0,No
C04928,Male,20.0,32.79,Monthly,32,Credit Card,0,2.0,No
C04929,Female,43.0,67.14,Monthly,7,Bank Transfer,1,,No
C04930,Female,24.0,118.21,Monthly,2,E-Wallet,3,6.0,No
C04931,Male,49.0,16.4,Monthly,4,E-Wallet,2,8.0,Yes
C04932,Male,29.0,42.93,Two-Year,24,Bank Transfer,2,9.0,No
C04933,Female,36.0,31.17,Two-Year,5,E-Wallet,6,,No
C04934,Male,54.0,56.39,Monthly,24,E-Wallet,1,5.0,No
C04935,Male,43.0,47.16,Monthly,3,Credit Card,2,10.0,No
C04936,Male,25.0,41.57,Two-Year,8,Bank Transfer,3,9.0,No
C04937,Female,25.0,74.46,Two-Year,26,Credit Card,2,3.0,No
C04938,Female,30.0,114.01,Yearly,1,Credit Card,3,10.0,No
C04939,Female,42.0,180.84,Monthly,5,E-Wallet,2,5.0,No
C04940,Female,42.0,39.14,Monthly,29,Bank Transfer,4,,No
C04941,Male,,24.06,Monthly,11,Bank Transfer,4,8.0,No
C04942,Male,23.0,70.22,Yearly,16,E-Wallet,1,5.0,No
C04943,Female,41.0,112.7,Yearly,23,Credit Card,2,5.0,No
C04944,Male,35.0,78.74,Monthly,9,Bank Transfer,5,5.0,No
C04945,Female,63.0,112.49,Monthly,23,Bank Transfer,6,9.0,Yes
C04946,Female,38.0,49.33,Monthly,13,Credit Card,1,5.0,No
C04947,Female,59.0,41.5,Yearly,14,E-Wallet,1,6.0,No
C04948,Female,23.0,57.51,Yearly,2,Credit Card,3,6.0,No
C04949,Female,19.0,47.05,Monthly,34,E-Wallet,1,3.0,No
C04950,Female,24.0,73.58,Monthly,20,,3,7.0,No
C04951,Male,52.0,84.47,Monthly,4,Bank Transfer,4,9.0,No
C04952,Male,59.0,87.5,Yearly,11,Credit Card,1,6.0,No
C04953,Male,28.0,68.7,Yearly,6,Credit Card,4,5.0,No
C04954,Female,32.0,60.98,Monthly,13,Credit Card,1,4.0,No
C04955,Male,23.0,78.06,Monthly,61,E-Wallet,5,,No
C04956,Female,18.0,22.57,Monthly,1,Credit Card,2,6.0,Yes
C04957,Male,46.0,,Monthly,37,Credit Card,2,4.0,No
C04958,Female,40.0,55.9,Monthly,1,E-Wallet,4,4.0,No
C04959,Male,38.0,60.09,Monthly,8,Credit Card,3,5.0,No
C04960,Female,21.0,52.49,Yearly,8,Bank Transfer,1,4.0,Yes
C04961,Female,57.0,66.31,Yearly,4,Bank Transfer,4,7.0,Yes
C04962,Male,31.0,42.16,Monthly,11,Credit Card,0,7.0,No
C04963,Male,44.0,90.77, Monthly ,22,,2,5.0,No
C04964,Female,20.0,67.57,Monthly,5,Credit Card,2,6.0,No
C04965,Male,,58.43,Yearly,1,E-Wallet,2,,No
C04966,Male,,39.89,Yearly,13,Credit Card,1,6.0,No
C04967,Female,41.0,78.8,Monthly,17,Credit Card,2,8.0,No
C04968,Female,39.0,59.92,Monthly,38,Bank Transfer,3,3.0,No
C04969,Female,43.0,38.86,Monthly,3,Credit Card,2,7.0,Yes
C04970,Male,24.0,53.22,Monthly,28,E-Wallet,3,8.0,No
C04971,Male,40.0,72.46,Monthly,8,Credit Card,4,10.0,No
C04972,Female,39.0,69.98,Monthly,4,Credit Card,2,9.0,No
C04973,Female,40.0,67.98,Monthly,40,Credit Card,2,5.0,No
C04974,Female,38.0,56.92,Monthly,4,Credit Card,3,3.0,No
C04975,Male,22.0,86.63,Yearly,16,Credit Card,6,6.0,No
C04976,Male,22.0,95.3,Monthly,19,Bank Transfer,5,9.0,Yes
C04977,Male,18.0,76.08,Two-Year,7,E-Wallet,2,5.0,No
C04978,Male,47.0,1524.0,Monthly,15,Credit Card,2,6.0,No
C04979,male,47.0,33.92,Monthly,11,Credit Card,5,5.0,Yes
C04980,Male,48.0,42.74,Monthly,3,E-Wallet,1,,No
C04981,Female,41.0,131.52,Monthly,18,Credit Card,2,7.0,No
C04982,Male,18.0,61.98,Monthly,32,Credit Card,1,8.0,No
C04983,Female,25.0,142.15,Monthly,9,,2,5.0,No
C04984,Female,40.0,51.72,Monthly,63,Bank Transfer,4,8.0,No
C04985,Female,39.0,,Yearly,7,Credit Card,7,7.0,No
C04986,Male,35.0,52.81,Monthly,8,Bank Transfer,1,4.0,No
C04987,Female,42.0,52.38,Monthly,14,,5,7.0,Yes
C04988,Female,38.0,38.55,Two-Year,3,Bank Transfer,3,7.0,No
C04989,Female,39.0,32.56,Yearly,28,Bank Transfer,2,8.0,No
C04990,Female,30.0,68.42,Monthly,20,,2,5.0,No
C04991,Female,,87.77,Monthly,25,Credit Card,2,5.0,No
C04992,Female,32.0,164.06,Monthly,12,Credit Card,1,4.0,Yes
C04993,Male,22.0,,Monthly,26,Credit Card,4,2.0,No
C04994,Female,28.0,46.59,Monthly,14,E-Wallet,0,6.0,No
C04995,Male,33.0,38.59,Monthly,9,E-Wallet,1,6.0,Yes
C04996,Female,49.0,90.61,Yearly,33,E-Wallet,1,3.0,No
C04997,Male,37.0,78.79,Monthly,7,Cash,4,8.0,No
C04998,Male,35.0,36.8,Monthly,9,E-Wallet,4,8.0,No
C04999,Female,23.0,36.38,Monthly,3,E-Wallet,4,3.0,No
C05000,Female,47.0,83.82,Monthly,36,E-Wallet,2,5.0,Yes
C05001,FEMALE,30.0,64.87,Monthly,3,Credit Card,2,8.0,Yes
C05002,Male,36.0,76.81,Monthly,3,Cash,3,7.0,No
C05003,Female,55.0,36.7,Monthly,2,Bank Transfer,0,5.0,No
C05004,Male,44.0,23.45,Two-Year,8,Credit Card,1,9.0,No
C05005,Female,18.0,36.83,Monthly,4,Credit Card,2,3.0,Yes
C05006,Male,18.0,74.4,Monthly,17,E-Wallet,1,5.0,No
C05007,Female,37.0,141.17,Two-Year,5,Credit Card,5,8.0,No
C05008,Female,23.0,,Two-Year,16,Credit Card,1,7.0,No
C05009,Male,45.0,152.04,Monthly,3,Bank Transfer,3,6.0,No
C05010,Male,38.0,79.31,Two-Year,4,E-Wallet,3,10.0,No
C05011,Male,39.0,29.17,Monthly,20,Bank Transfer,1,6.0,No
C05012,Female,29.0,60.12,Monthly,6,E-Wallet,1,,No
C05013,Female,58.0,80.54,Monthly,2,E-Wallet,6,4.0,Yes
C05014,Female,72.0,18.33,Monthly,40,E-Wallet,2,10.0,No
C05015,Male,34.0,72.97,Monthly,3,Bank Transfer,1,3.0,No
C05016,Male,42.0,92.55,Monthly,2,E-Wallet,2,9.0,No
C05017,Male,39.0,65.33,Yearly,6,Credit Card,4,6.0,No
C05018,Male,34.0,53.1,Monthly,2,Credit Card,2,10.0,Yes
C05019,Female,28.0,50.51,Monthly,3,,1,,Yes
C05020,Female,24.0,49.2,Monthly,23,Credit Card,3,7.0,No
C05021,Female,24.0,32.16,Two-Year,3,Bank Transfer,0,3.0,No
C05022,Male,42.0,40.07,Yearly,2,Credit Card,2,5.0,Yes
C05023,male,31.0,45.26,Monthly,26,Credit Card,2,8.0,Yes
C05024,Female,18.0,57.46,Yearly,8,E-Wallet,1,10.0,No
C05025,Female,,42.5,Yearly,3,Bank Transfer,2,3.0,No
C05026,Female,37.0,36.93,Two-Year,11,Bank Transfer,1,5.0,No
C05027,Male,54.0,76.85,Monthly,1,Bank Transfer,2,4.0,Yes
C05028,Male,42.0,64.51,Monthly,7,Bank Transfer,7,7.0,Yes
C05029,Female,20.0,42.83,Monthly,11,Credit Card,3,8.0,No
C05030,Male,18.0,68.57,Two-Year,38,Bank Transfer,3,6.0,No
C05031,Male,29.0,44.53,Two-Year,5,Bank Transfer,1,6.0,No
C05032,Female,30.0,56.17,Yearly,18,Credit Card,3,8.0,No
C05033,Female,49.0,84.67,Monthly,2,Credit Card,3,7.0,Yes
C05034,Female,,41.61,Monthly,7,Bank Transfer,1,4.0,Yes
C05035,Male,51.0,32.21,Monthly,4,Credit Card,2,4.0,Yes
C05036,Male,22.0,51.15,Monthly,9,E-Wallet,4,8.0,Yes
C05037,Female,49.0,29.56,Monthly,7,E-Wallet,4,7.0,No
C05038,Female,46.0,48.19,Monthly,47,Credit Card,6,8.0,No
C05039,Female,18.0,48.12,Two-Year,30,Bank Transfer,2,3.0,No
C05040,Female,53.0,18.02,Monthly,11,Cash,4,8.0,No
C05041,Female,39.0,69.32,Two-Year,3,E-Wallet,5,5.0,No
C05042,Female,42.0,50.29,Yearly,10,Credit Card,3,7.0,No
C05043,Male,27.0,92.93,Monthly,19,Credit Card,1,6.0,Yes
C05044,Female,53.0,60.16,Monthly,1,Credit Card,2,8.0,Yes
C05045,Female,23.0,,Two-Year,7,E-Wallet,3,7.0,No
C05046,Female,47.0,93.27,Yearly,1,Credit Card,2,6.0,No
C05047,Male,47.0,51.46,Monthly,4,Bank Transfer,2,5.0,No
C05048,Female,26.0,54.58,Monthly,2,E-Wallet,0,7.0,No
C05049,Male,61.0,26.89,Monthly,39,E-Wallet,1,5.0,No
C05050,Male,40.0,95.37,Monthly,3,Credit Card,4,10.0,Yes
C05051,Male,45.0,51.13,Monthly,2,Credit Card,2,4.0,Yes
C05052,Female,19.0,34.72,Yearly,43,E-Wallet,3,7.0,Yes
C05053,Male,63.0,76.16,Monthly,9,Credit Card,2,5.0,No
C05054,Male,23.0,20.47,Monthly,18,,0,9.0,No
C05055,Male,50.0,45.01,Two-Year,5,Credit Card,3,8.0,No
C05056,Female,26.0,82.17,Monthly,10,Cash,2,3.0,No
C05057,Male,30.0,44.84,Yearly,1,Bank Transfer,3,7.0,No
C05058,Male,47.0,39.53,Monthly,7,Credit Card,1,,No
C05059,Female,50.0,45.27,Monthly,10,Bank Transfer,1,6.0,No
C05060,Male,22.0,22.1, Monthly ,9,E-Wallet,5,7.0,No
C05061,male,51.0,75.34,Monthly,7,Credit Card,3,8.0,No
C05062,Female,50.0,,Two-Year,19,Credit Card,1,7.0,No
C05063,Male,26.0,48.3,Two-Year,9,Bank Transfer,2,3.0,Yes
C05064,Male,57.0,48.38,Yearly,13,E-Wallet,3,2.0,Yes
C05065,Female,20.0,54.95,Monthly,3,Credit Card,6,1.0,No
C05066,Male,30.0,73.26,Yearly,24,Credit Card,6,6.0,No
C05067,Male,43.0,53.33,Monthly,6,Credit Card,4,5.0,No
C05068,Male,27.0,29.58,Monthly,8,Credit Card,2,7.0,No
C05069,Female,41.0,70.74,Monthly,6,Credit Card,0,5.0,No
C05070,Male,40.0,68.33,Monthly,27,Bank Transfer,1,6.0,No
C05071,Female,35.0,59.89,Monthly,28,E-Wallet,4,6.0,No
C05072,Female,47.0,88.58,Monthly,4,E-Wallet,6,2.0,No
C05073,Male,35.0,,Monthly,17,Bank Transfer,1,8.0,No
C05074,Male,40.0,90.03,Monthly,2,Credit Card,1,6.0,No
C05075,Female,51.0,102.85,Monthly,1,,1,4.0,Yes
C05076,Male,47.0,70.95,Yearly,22,Bank Transfer,1,6.0,No
C05077,Female,47.0,38.99,Monthly,2,E-Wallet,7,4.0,Yes
C05078,Male,24.0,51.48,Monthly,3,,1,7.0,No
C05079,Male,44.0,95.34,Yearly,12,Credit Card,3,7.0,No
C05080,Male,27.0,27.83,Monthly,21,Bank Transfer,2,6.0,Yes
C05081,Male,22.0,45.77,Monthly,3,Credit Card,3,6.0,No
C05082,Male,37.0,46.79,Yearly,2,Cash,1,9.0,No
C05083,Female,27.0,36.99,Monthly,1,,4,8.0,No
C05084,Male,47.0,80.87,Yearly,1,E-Wallet,2,3.0,Yes
C05085,Male,47.0,64.69,Monthly,2,E-Wallet,2,5.0,No
C05086,Male,18.0,39.65,Monthly,35,Credit Card,4,8.0,No
C05087,Female,28.0,,Monthly,2,Bank Transfer,1,8.0,No
C05088,Male,20.0,50.84,Monthly,11,E-Wallet,1,10.0,No
C05089,Female,32.0,36.58,Monthly,31,Credit Card,0,8.0,No
C05090,Male,43.0,39.61,Monthly,12,E-Wallet,1,3.0,No
C05091,Male,35.0,66.43,Monthly,1,E-Wallet,2,6.0,No
C05092,Male,30.0,83.31,Yearly,11,Credit Card,3,11.0,No
C05093,Female,53.0,43.86,Yearly,29,Credit Card,1,3.0,No
C05094,Male,18.0,69.76,Yearly,5, E-Wallet,3,7.0,No
C05095,Male,52.0,111.25,Monthly,5,Credit Card,1,5.0,Yes
C05096,Male,31.0,30.99,Monthly,4,Credit Card,1,7.0,No
C05097,Female,37.0,64.07,Monthly,9,Bank Transfer,2,8.0,No
C05098,Male,31.0,79.34,Monthly,4,,5,4.0,Yes
C05099,Male,56.0,52.31,Yearly,16,Cash,1,10.0,No
C05100,Male,23.0,95.32,Monthly,13,Credit Card,3,3.0,No
C05101,Male,38.0,146.86,Two-Year,7,Cash,1,8.0,No
C05102,Female,44.0,63.72,Yearly,16,Credit Card,1,,No
C05103,Female,18.0,49.15,Yearly,2,E-Wallet,3,7.0,No
C05104,Male,26.0,84.74,Monthly,17,Credit Card,3,5.0,No
C05105,FEMALE,,79.75,Yearly,12,Bank Transfer,1,6.0,No
C05106,Male,27.0,,Two-Year,12,E-Wallet,1,4.0,No
C05107,Male,28.0,54.53,Yearly,1,Credit Card,1,5.0,No
C05108,Male,33.0,45.72,Monthly,12,Credit Card,0,6.0,No
C05109,Female,45.0,65.27,Monthly,9,,5,7.0,No
C05110,Female,33.0,50.04,Monthly,8,Bank Transfer,3,6.0,No
C05111,Female,50.0,52.55,Two-Year,5,Credit Card,3,7.0,No
C05112,Female,26.0,,Two-Year,1,Cash,1,7.0,No
C05113,Female,22.0,75.99,Monthly,7,Bank Transfer,5,6.0,No
C05114,Female,61.0,114.98,Yearly,7,Credit Card,4,8.0,No
C05115,Male,30.0,,Two-Year,7,Cash,3,6.0,No
C05116,Female,22.0,29.12,Monthly,12,Credit Card,4,4.0,No
C05117,Male,18.0,55.09,Monthly,5,E-Wallet,1,7.0,No
C05118,Male,50.0,53.9,Monthly,4,Credit Card,4,3.0,No
C05119,Female,33.0,92.47,Yearly,9,Credit Card,5,4.0,No
C05120,Male,34.0,31.4,Monthly,11,Bank Transfer,2,,No
C05121,M,36.0,42.86,Yearly,11,E-Wallet,2,10.0,No
C05122,Female,50.0,20.77,Monthly,26,E-Wallet,1,8.0,No
C05123,Male,35.0,101.37,Monthly,18,Credit Card,3,8.0,No
C05124,Male,66.0,61.11,Monthly,1,Credit Card,2,7.0,Yes
C05125,Female,39.0,44.32,Monthly,10, E-Wallet,2,4.0,No
C05126,Female,50.0,30.11,Monthly,7,E-Wallet,3,9.0,No
C05127,Female,47.0,31.38,Monthly,6,E-Wallet,1,6.0,No
C05128,Male,37.0,65.79,Monthly,39,Credit Card,2,5.0,No
C05129,Male,30.0,33.17,Monthly,8,Bank Transfer,1,10.0,No
C05130,Female,41.0,57.21,Monthly,16,,1,10.0,Yes
C05131,Female,44.0,136.91,Monthly,41,Credit Card,2,2.0,Yes
C05132,Male,31.0,46.69,Monthly,2,Bank Transfer,2,8.0,No
C05133,Male,39.0,35.42,Monthly,1,Bank Transfer,1,7.0,Yes
C05134,Male,52.0,64.84,Yearly,5,Credit Card,2,7.0,No
C05135,Female,62.0,31.45,Monthly,1,Bank Transfer,1,10.0,No
C05136,Male,48.0,118.39,Monthly,2,Bank Transfer,7,7.0,No
C05137,Female,60.0,102.68,Two-Year,58,Cash,5,6.0,No
C05138,Male,30.0,50.71,Yearly,39,Bank Transfer,1,5.0,No
C05139,Female,46.0,36.46,Monthly,15,Bank Transfer,2,6.0,Yes
C05140,Female,54.0,45.08,Monthly,17,Credit Card,3,7.0,No
C05141,Female,27.0,47.8,Yearly,2,Bank Transfer,4,2.0,Yes
C05142,Male,32.0,64.88,Yearly,11,Credit Card,0,5.0,No
C05143,Female,58.0,87.17,Monthly,3,Credit Card,4,7.0,No
C05144,Female,26.0,34.25,Monthly,6,Credit Card,4,6.0,No
C05145,FEMALE,21.0,86.05, Monthly ,6,Bank Transfer,4,10.0,Yes
C05146,Female,56.0,72.09,Monthly,12,Bank Transfer,0,4.0,No
C05147,Female,52.0,43.44,Two-Year,1,E-Wallet,0,2.0,Yes
C05148,Female,43.0,33.48,Monthly,2,Bank Transfer,1,10.0,Yes
C05149,Female,37.0,57.53,Monthly,12,Bank Transfer,0,6.0,No
C05150,Male,32.0,33.89,Two-Year,13,Credit Card,4,5.0,No
C05151,Male,41.0,86.54,Monthly,5,E-Wallet,1,9.0,No
C05152,Male,56.0,32.93,Monthly,2,Credit Card,3,6.0,Yes
C05153,Female,40.0,69.86,Monthly,27,Bank Transfer,5,6.0,No
C05154,Female,64.0,52.65,Monthly,1,Credit Card,4,7.0,No
C05155,Female,27.0,42.42,Yearly,16,E-Wallet,7,,No
C05156,Male,37.0,52.13,Monthly,2,E-Wallet,2,7.0,No
C05157,Male,33.0,88.76,Monthly,13,E-Wallet,4,9.0,No
C05158,Female,24.0,31.93,Monthly,14,Credit Card,4,8.0,No
C05159,Male,,45.36,Yearly,20,E-Wallet,3,4.0,No
C05160,Male,43.0,38.93,Monthly,7,E-Wallet,5,7.0,No
C05161,Female,44.0,53.66,Monthly,1,Credit Card,1,5.0,No
C05162,Male,64.0,40.12,Yearly,20,Credit Card,4,8.0,No
C05163,Male,43.0,24.64,Two-Year,8,Credit Card,2,6.0,No
C05164,Male,51.0,33.96,Yearly,23,E-Wallet,3,6.0,No
C05165,Male,38.0,114.09,Monthly,18,Credit Card,2,3.0,No
C05166,Female,,61.01,Monthly,9,Credit Card,0,6.0,No
C05167,Male,66.0,60.07,Monthly,72,Credit Card,2,3.0,No
C05168,Male,44.0,48.08,Yearly,8,Bank Transfer,1,4.0,No
C05169,Male,26.0,53.34,Yearly,15,Credit Card,2,6.0,No
C05170,Female,31.0,45.0,Two-Year,14,E-Wallet,1,8.0,No
C05171,Male,41.0,69.21,Yearly,9,Credit Card,3,3.0,No
C05172,Female,43.0,57.13,Monthly,11,Credit Card,1,3.0,No
C05173,Male,46.0,32.23,Yearly,20,Bank Transfer,2,8.0,No
C05174,Male,43.0,61.2,Yearly,11,Cash,2,7.0,No
C05175,FEMALE,38.0,18.06,Yearly,8,E-Wallet,3,8.0,No
C05176,Female,30.0,65.77,Two-Year,14,Credit Card,4,7.0,No
C05177,Female,42.0,28.96,Monthly,1,Credit Card,5,7.0,No
C05178,Male,60.0,52.29, Monthly ,2,Bank Transfer,2,6.0,Yes
C05179,Female,50.0,31.89,Monthly,2,Credit Card,3,4.0,No
C05180,Female,44.0,54.67,Monthly,7,,2,9.0,No
C05181,Male,50.0,70.83,Monthly,25,Bank Transfer,2,7.0,No
C05182,male,33.0,4983.0,Two-Year,13,Bank Transfer,1,8.0,No
C05183,Male,-5.0,27.29,Two-Year,44,Cash,3,10.0,No
C05184,Female,29.0,84.69,Yearly,1,Credit Card,2,6.0,No
C05185,Female,36.0,57.92,Monthly,16,Bank Transfer,3,7.0,No
C05186,Female,32.0,44.58,Monthly,5,,1,7.0,No
C05187,Female,52.0,76.86,Monthly,1,Bank Transfer,5,8.0,Yes
C05188,Male,,49.1,Monthly,21,Bank Transfer,1,8.0,No
C05189,Female,28.0,75.41,Monthly,3,Cash,1,4.0,Yes
C05190,Male,61.0,34.93,Yearly,3,E-Wallet,2,6.0,No
C05191,Male,32.0,,Monthly,5,Bank Transfer,0,5.0,No
C05192,Female,39.0,83.48,Monthly,19, E-Wallet,0,5.0,No
C05193,Female,43.0,,Monthly,12,Bank Transfer,1,8.0,No
C05194,Female,24.0,53.74,Two-Year,4,E-Wallet,5,8.0,No
C05195,Male,,15.58,Yearly,3,Credit Card,1,5.0,No
C05196,Female,45.0,49.92,Two-Year,2,Bank Transfer,1,6.0,No
C05197,Female,,55.4,Yearly,2,,1,9.0,No
C05198,F,29.0,49.17,Monthly,25,Bank Transfer,3,6.0,No
C05199,Male,39.0,63.52,Two-Year,31,Credit Card,3,7.0,No
C05200,Male,38.0,44.05,Monthly,42,,2,8.0,No
C05201,Male,41.0,79.64,Monthly,22,Bank Transfer,3,8.0,No
C05202,Female,,32.3,Monthly,27,Credit Card,2,5.0,No
C05203,Female,39.0,95.26, Monthly ,21,Bank Transfer,3,10.0,No
C05204,Female,20.0,109.68,Two-Year,39,E-Wallet,6,8.0,No
C05205,Female,42.0,36.2,Monthly,23,Credit Card ,4,8.0,Yes
C05206,Male,18.0,36.19,Monthly,8,,2,9.0,No
C05207,Female,18.0,,Yearly,5,Credit Card,0,7.0,No
C05208,Male,47.0,32.0,Monthly,11,Credit Card,0,6.0,No
C05209,Female,31.0,43.74,Yearly,12,Cash,1,5.0,No
C05210,Male,26.0,89.67,Monthly,11,E-Wallet,4,4.0,No
C05211,Female,53.0,76.09,Monthly,15,Bank Transfer,0,4.0,No
C05212,Male,41.0,133.1,Monthly,15,Credit Card,0,8.0,No
C05213,Male,48.0,58.96,Monthly,2,Bank Transfer,2,10.0,No
C05214,Female,36.0,41.48,Yearly,5,E-Wallet,3,15.0,Yes
C05215,Male,70.0,55.87,Two-Year,27,E-Wallet,1,,No
C05216,Female,30.0,51.02,Monthly,11,,3,6.0,No
C05217,Male,58.0,51.34,Yearly,5,Cash,1,10.0,No
C05218,Female,37.0,54.02,Yearly,23,Credit Card,5,7.0,No
C05219,Male,18.0,35.9,Monthly,4,Credit Card,0,8.0,No
C05220,Male,43.0,61.99,Monthly,7,E-Wallet,1,9.0,No
C05221,Male,41.0,28.97,Monthly,4,Bank Transfer,1,5.0,No
C05222,Male,25.0,,Monthly,25,E-Wallet,2,8.0,No
C05223,Male,26.0,51.75,Monthly,16,Cash,0,7.0,No
C05224,Male,37.0,19.75,Two-Year,8,Bank Transfer,0,7.0,No
C05225,Male,42.0,77.17,Monthly,33,Credit Card,3,6.0,Yes
C05226,Male,18.0,21.67,Monthly,32,E-Wallet,3,9.0,Yes
C05227,Female,50.0,73.8,Monthly,15,Bank Transfer,1,7.0,No
C05228,Female,32.0,,Monthly,27,E-Wallet,1,7.0,No
C05229,Male,22.0,45.5,Monthly,16,Bank Transfer,3,9.0,No
C05230,Female,49.0,68.97,Monthly,12,E-Wallet,4,3.0,Yes
C05231,Female,37.0,146.81,Monthly,7,Cash,2,5.0,No
C05232,Male,52.0,57.54,Monthly,4,E-Wallet,5,5.0,Yes
C05233,Female,43.0,22.37,Monthly,1,E-Wallet,3,6.0,No
C05234,Male,37.0,83.86,Monthly,20,Bank Transfer,1,6.0,No
C05235,Male,36.0,49.19,Monthly,2,Bank Transfer,6,7.0,Yes
C05236,Male,43.0,56.34,Monthly,7,Cash,5,,Yes
C05237,Female,33.0,70.18,Monthly,4,Bank Transfer,2,7.0,No
C05238,Female,27.0,20.06,Monthly,8,E-Wallet,5,,Yes
C05239,Male,45.0,54.76,Monthly,5,,3,6.0,Yes
C05240,Male,36.0,45.41,Monthly,22,Bank Transfer,4,4.0,Yes
C05241,Female,38.0,94.62,Monthly,46,Credit Card ,1,8.0,No
C05242,Male,51.0,75.73,Yearly,35,E-Wallet,5,7.0,Yes
C05243,Male,36.0,,Monthly,12,Bank Transfer,3,10.0,No
C05244,Female,38.0,96.37,Monthly,47,Credit Card,3,,No
C05245,Female,30.0,66.84,Monthly,7,,4,8.0,No
C05246,Female,43.0,27.21,Two-Year,9,Bank Transfer,1,,No
C05247,Female,42.0,55.99,Two-Year,4,Credit Card ,4,8.0,No
C05248,Female,48.0,,Monthly,28,Bank Transfer,0,6.0,Yes
C05249,Male,,31.62,Monthly,3,Credit Card ,2,10.0,No
C05250,Male,32.0,101.48,Monthly,12,Cash,2,6.0,No
C05251,Male,47.0,27.64,Monthly,20,Bank Transfer,3,10.0,No
C05252,Female,41.0,38.24,Monthly,11,Credit Card,1,5.0,No
C05253,Female,,35.72,Monthly,1,Bank Transfer,4,5.0,No
C05254,Male,53.0,101.46,Monthly,12,Bank Transfer,3,3.0,No
C05255,Female,18.0,43.77,Monthly,18,Credit Card,2,10.0,No
C05256,Male,47.0,32.35,Monthly,3,Credit Card,6,8.0,No
C05257,Male,22.0,66.71,Two-Year,17,Credit Card,2,9.0,No
C05258,Female,60.0,,Monthly,26,Bank Transfer,6,6.0,No
C05259,Male,19.0,73.73,Yearly,52,Credit Card,1,6.0,No
C05260,Female,51.0,48.32,Monthly,7,Credit Card,4,10.0,No
C05261,Male,,61.22,Monthly,1,E-Wallet,3,8.0,No
C05262,Female,33.0,40.75,Yearly,7,E-Wallet,3,10.0,No
C05263,Female,40.0,116.01,Monthly,13,Credit Card,3,10.0,No
C05264,Male,45.0,4332.0,Monthly,27,,7,7.0,No
C05265,Female,27.0,88.88,Monthly,34,Bank Transfer,4,9.0,Yes
C05266,Male,28.0,78.05,Monthly,29,Credit Card,4,3.0,No
C05267,Male,45.0,68.98,Monthly,13,E-Wallet,1,7.0,Yes
C05268,Male,18.0,31.19,Monthly,14,Credit Card,5,6.0,No
C05269,Female,30.0,72.6,Monthly,1,Credit Card,2,7.0,No
C05270,Male,74.0,57.48,Monthly,6,Credit Card,3,7.0,No
C05271,Male,26.0,96.4,Monthly,29,Credit Card,2,6.0,Yes
C05272,Male,51.0,78.52,Monthly,15,E-Wallet,4,10.0,No
C05273,Male,30.0,69.94,Yearly,8,E-Wallet,0,,No
C05274,Female,44.0,25.59,Monthly,2,Cash,2,4.0,No
C05275,Male,45.0,52.45,Monthly,4,E-Wallet,3,7.0,Yes
C05276,Male,51.0,42.48,Two-Year,10,Bank Transfer,6,6.0,No
C05277,Male,35.0,61.16,Monthly,28,Credit Card,5,9.0,No
C05278,Male,61.0,45.29,Monthly,2,E-Wallet,4,5.0,No
C05279,Female,30.0,48.22,Monthly,3,Cash,5,8.0,No
C05280,Male,,67.13,Monthly,13,Credit Card,3,7.0,No
C05281,Female,40.0,44.95,Monthly,5,Bank Transfer,3,8.0,No
C05282,Male,24.0,57.67,Monthly,3,Credit Card,2,,No
C05283,Male,34.0,27.56,Monthly,3,E-Wallet,0,6.0,No
C05284,Female,39.0,37.54,Monthly,9,Bank Transfer,1,7.0,No
C05285,Male,32.0,73.35,Yearly,11,E-Wallet,2,5.0,No
C05286,Female,67.0,31.39,Monthly,29,Credit Card,0,8.0,No
C05287,Female,27.0,95.64,Yearly,10,,3,7.0,No
C05288,Male,52.0,84.65,Yearly,15,Credit Card,3,9.0,No
C05289,Male,48.0,48.39,Monthly,3,Credit Card,0,4.0,No
C05290,Female,37.0,210.49,Monthly,15,Credit Card,3,9.0,No
C05291,Male,27.0,95.53,Monthly,13,Credit Card,1,6.0,No
C05292,Male,28.0,35.62,Monthly,3,,2,7.0,No
C05293,Male,31.0,76.38,Yearly,14,Bank Transfer,3,6.0,No
C05294,Male,18.0,56.24,Monthly,3,E-Wallet,3,,Yes
C05295,Female,25.0,38.49,Monthly,11,E-Wallet,2,3.0,No
C05296,Male,20.0,33.74,Monthly,14,Bank Transfer,4,6.0,No
C05297,Male,54.0,85.43,Monthly,15,Credit Card,2,3.0,Yes
C05298,Female,45.0,41.72,Monthly,29,Credit Card,4,6.0,No
C05299,Male,47.0,52.15,Monthly,36,Bank Transfer,3,6.0,No
C05300,Male,45.0,36.07,Monthly,20,E-Wallet,1,8.0,Yes
C05301,Female,40.0,38.99,Monthly,26,Bank Transfer,3,9.0,No
C05302,Male,55.0,51.57,Monthly,1,Bank Transfer,4,6.0,No
C05303,Female,30.0,65.02,Monthly,6,Credit Card,3,3.0,No
C05304,Female,39.0,17.03,Monthly,1,Bank Transfer,0,6.0,No
C05305,Male,150.0,55.02,Monthly,4, E-Wallet,2,3.0,No
C05306,Female,22.0,39.03,Monthly,6,Bank Transfer,2,,No
C05307,Male,-5.0,102.62,Monthly,25,Credit Card,3,5.0,No
C05308,Male,38.0,205.25,Monthly,9,Credit Card,3,3.0,No
C05309,Female,39.0,46.45,Monthly,13,Cash,2,4.0,No
C05310,Female,53.0,25.15,Monthly,6,Bank Transfer,1,8.0,No
C05311,Male,48.0,,Monthly,12,E-Wallet,1,5.0,No
C05312,Female,38.0,49.78,Monthly,21,Credit Card,3,8.0,No
C05313,Female,39.0,132.57,Monthly,5,Bank Transfer,0,8.0,Yes
C05314,Female,19.0,115.58,Monthly,33,Credit Card,0,7.0,No
C05315,Male,31.0,80.59,Monthly,3,Credit Card,2,6.0,No
C05316,Male,44.0,41.93,Yearly,31,Bank Transfer,0,7.0,No
C05317,Male,43.0,74.07,Monthly,1,Bank Transfer,5,10.0,No
C05318,Female,52.0,61.51,Monthly,10,Credit Card,1,7.0,No
C05319,Male,36.0,60.86,Monthly,51,,5,6.0,Yes
C05320,Female,21.0,27.08,Monthly,12,Bank Transfer,2,6.0,No
C05321,Male,50.0,88.04,Monthly,10,Credit Card,1,7.0,No
C05322,Male,55.0,57.31,Monthly,14,Credit Card,6,,No
C05323,Male,48.0,52.18,Monthly,5,E-Wallet,1,7.0,Yes
C05324,Female,36.0,41.68,Yearly,1,E-Wallet,2,3.0,No
C05325,Male,50.0,38.2,Monthly,4,E-Wallet,1,9.0,Yes
C05326,Female,,62.98,Two-Year,3,Bank Transfer,5,6.0,No
C05327,Male,39.0,24.85,Yearly,31,Credit Card,3,9.0,No
C05328,Male,22.0,77.89,Yearly,23, E-Wallet,1,2.0,No
C05329,Male,30.0,33.98,Yearly,5,Credit Card,2,3.0,No
C05330,Male,45.0,21.62,Monthly,22,E-Wallet,3,9.0,No
C05331,Male,18.0,123.95,Monthly,3,Credit Card,2,6.0,No
C05332,Male,40.0,37.11,Monthly,3,Bank Transfer,1,5.0,No
C05333,Male,42.0,39.45,Monthly,18,E-Wallet,1,5.0,No
C05334,M,56.0,90.97,Monthly,5,Bank Transfer,3,6.0,Yes
C05335,Female,53.0,125.77,Yearly,1,Bank Transfer,4,10.0,Yes
C05336,Female,48.0,27.39,Monthly,16, E-Wallet,4,1.0,Yes
C05337,Male,18.0,35.51,Monthly,55,Credit Card,0,4.0,Yes
C05338,Female,49.0,36.7,Monthly,11,,6,4.0,No
C05339,Female,46.0,83.15,Monthly,4,Cash,2,9.0,No
C05340,Male,41.0,114.16,Monthly,6,Bank Transfer,3,9.0,No
C05341,Female,18.0,33.58,Monthly,13,Bank Transfer,3,6.0,No
C05342,Female,28.0,103.2,Yearly,15,,4,8.0,No
C05343,Male,23.0,39.68,Monthly,27,Credit Card,2,5.0,No
C05344,Male,18.0,63.51,Monthly,29,Credit Card,2,,No
C05345,Female,37.0,30.81,Monthly,24,Credit Card,3,7.0,Yes
C05346,Female,28.0,51.68,Two-Year,13,,1,,No
C05347,Male,69.0,51.94,Monthly,8,Bank Transfer,5,2.0,No
C05348,Male,35.0,47.38,Yearly,14,Credit Card,5,6.0,No
C05349,Male,,64.93,Two-Year,14, E-Wallet,4,,No
C05350,Female,19.0,34.7,Monthly,3,Credit Card,2,6.0,No
C05351,Female,31.0,36.68,Monthly,9,Credit Card,5,7.0,No
C05352,Female,39.0,66.49,Monthly,3,Credit Card,2,6.0,No
C05353,Male,27.0,99.87,Monthly,28,Bank Transfer,4,6.0,No
C05354,Female,32.0,54.04,Yearly,5,Credit Card,1,8.0,No
C05355,Female,35.0,68.49,Monthly,20,Bank Transfer,2,3.0,No
C05356,Male,35.0,76.79,Two-Year,6,Credit Card,3,5.0,No
C05357,Male,60.0,79.34,Monthly,18,Credit Card,2,6.0,No
C05358,Female,42.0,35.55,Monthly,3,E-Wallet,0,5.0,No
C05359,Female,43.0,38.49,Monthly,18,Credit Card,0,7.0,Yes
C05360,Male,44.0,40.02,Monthly,3,Cash,1,5.0,Yes
C05361,Female,45.0,130.05,Monthly,9,Cash,0,6.0,No
C05362,Male,37.0,68.63,Monthly,2,E-Wallet,3,,Yes
C05363,Female,34.0,67.26,Monthly,10,Bank Transfer,3,8.0,No
C05364,Female,40.0,64.38,Two-Year,21,E-Wallet,0,6.0,Yes
C05365,Male,51.0,30.13,Monthly,17,E-Wallet,1,6.0,No
C05366,Female,51.0,130.61,Monthly,1,E-Wallet,4,5.0,No
C05367,Female,35.0,1511.0,Monthly,9,Credit Card,1,8.0,No
C05368,F,47.0,75.6,Yearly,23,Credit Card,6,7.0,No
C05369,Female,35.0,,Monthly,13,Credit Card,1,8.0,No
C05370,Male,38.0,77.54,Monthly,1,Credit Card,7,7.0,No
C05371,Male,32.0,46.51,Two-Year,5,Credit Card,2,6.0,No
C05372,Male,35.0,30.11,Yearly,10,Bank Transfer,5,2.0,No
C05373,Male,,35.55,Monthly,3,Bank Transfer,5,4.0,Yes
C05374,Female,39.0,30.9,Two-Year,14,E-Wallet,0,6.0,No
C05375,Male,39.0,30.67,Monthly,13,Credit Card,2,3.0,No
C05376,Female,20.0,56.11,Yearly,3,Credit Card,1,5.0,No
C05377,Female,34.0,45.88,Monthly,10,E-Wallet,4,7.0,Yes
C05378,Male,35.0,63.46,Monthly,21,Bank Transfer,2,4.0,No
C05379,Female,28.0,116.07,Two-Year,6,E-Wallet,4,8.0,No
C05380,Male,38.0,51.51,Monthly,4,Credit Card,4,10.0,No
C05381,Male,32.0,19.88,Monthly,15,E-Wallet,3,7.0,No
C05382,Male,38.0,,Monthly,1,E-Wallet,6,6.0,No
C05383,Male,39.0,93.41,Monthly,22,E-Wallet,5,8.0,No
C05384,Male,26.0,52.53,Monthly,35,Credit Card,0,8.0,No
C05385,Female,33.0,108.66,Monthly,41,E-Wallet,1,5.0,No
C05386,Male,38.0,66.94,Two-Year,7,Credit Card,2,5.0,No
C05387,Male,52.0,23.87,Monthly,12,Credit Card,0,6.0,No
C05388,Female,41.0,,Yearly,24,E-Wallet,3,8.0,No
C05389,Female,30.0,62.41,Monthly,4,Bank Transfer,2,5.0,No
C05390,Female,42.0,88.78,Monthly,1,Credit Card,3,7.0,Yes
C05391,Male,58.0,,Monthly,6,E-Wallet,2,7.0,No
C05392,Female,49.0,82.14,Yearly,26,Bank Transfer,6,7.0,No
C05393,Female,44.0,66.57,Monthly,9,E-Wallet,5,5.0,Yes
C05394,Female,46.0,74.02,Monthly,10,E-Wallet,3,6.0,Yes
C05395,Female,55.0,50.62,Monthly,15,Credit Card,2,8.0,No
C05396,Male,50.0,28.27,Two-Year,11,Bank Transfer,2,4.0,No
C05397,Male,44.0,55.63,Monthly,1,Credit Card,5,,Yes
C05398,Male,50.0,64.35,Monthly,10,Bank Transfer,0,1.0,No
C05399,Male,25.0,31.76,Yearly,13,Credit Card,2,9.0,No
C05400,Female,19.0,99.18,Monthly,13,Bank Transfer,4,6.0,No
C05401,Male,39.0,85.84,Two-Year,16,E-Wallet,4,6.0,No
C05402,Female,38.0,29.45,Two-Year,9,Cash,1,8.0,No
C05403,Female,31.0,100.95,Monthly,28,Credit Card,4,6.0,No
C05404,Male,47.0,47.53,Monthly,8,Credit Card,4,,No
C05405,Male,18.0,38.46,Monthly,9,Credit Card,1,6.0,No
C05406,Female,31.0,88.74,Two-Year,19,Credit Card,3,8.0,No
C05407,Female,32.0,53.36,Monthly,22,Bank Transfer,3,6.0,No
C05408,Male,18.0,128.33,Yearly,13,Cash,4,7.0,No
C05409,Male,55.0,37.2,Monthly,2,Credit Card,1,5.0,Yes
C05410,Female,21.0,25.05,Monthly,5,Bank Transfer,1,6.0,No
C05411,Female,30.0,48.13,Monthly,1,Bank Transfer,2,9.0,Yes
C05412,Male,48.0,77.88,Monthly,5,Credit Card,4,5.0,No
C05413,Female,45.0,35.97,Monthly,11,Credit Card,0,5.0,No
C05414,Male,24.0,30.01,Monthly,20,Cash,1,10.0,No
C05415,Male,46.0,60.52,Monthly,11,Credit Card,2,7.0,No
C05416,Male,41.0,28.26,Monthly,1,Bank Transfer,6,4.0,No
C05417,Male,65.0,62.68,Monthly,4,Credit Card,5,10.0,Yes
C05418,Male,42.0,46.84,Monthly,11,E-Wallet,1,4.0,No
C05419,Male,36.0,68.2,Monthly,15,,3,1.0,No
C05420,Male,27.0,29.29,Monthly,25,Credit Card,2,5.0,Yes
C05421,Male,29.0,97.92,Yearly,42,Credit Card,2,4.0,No
C05422,Male,28.0,50.28,Monthly,27,Credit Card,2,8.0,No
C05423,Female,54.0,76.98,Two-Year,8,Cash,3,9.0,No
C05424,Male,38.0,84.09,Monthly,17,Bank Transfer,5,6.0,No
C05425,Male,44.0,32.43,Yearly,4,E-Wallet,2,7.0,No
C05426,Female,56.0,81.21,Monthly,1, E-Wallet,1,7.0,No
C05427,Female,18.0,28.75,Monthly,1,Credit Card,5,9.0,Yes
C05428,Male,53.0,29.47,Monthly,4,E-Wallet,1,6.0,No
C05429,Female,38.0,132.13,Monthly,1,E-Wallet,0,3.0,Yes
C05430,Female,43.0,90.05,Monthly,23,Bank Transfer,2,6.0,No
C05431,Female,28.0,138.82,Monthly,9,E-Wallet,2,1.0,No
C05432,Male,28.0,46.22,Monthly,20,Credit Card,2,5.0,No
C05433,Female,43.0,57.17,Monthly,34,Credit Card,3,5.0,No
C05434,Male,66.0,69.22,Yearly,62,Credit Card,2,4.0,No
C05435,Female,50.0,,Monthly,34,E-Wallet,3,9.0,No
C05436,Female,53.0,39.03,Monthly,16,Credit Card,3,6.0,Yes
C05437,Male,35.0,36.48,Monthly,8,Cash,3,7.0,Yes
C05438,Female,30.0,60.11,Monthly,11,Credit Card,1,6.0,No
C05439,Male,28.0,33.78,Monthly,21,E-Wallet,1,7.0,No
C05440,Female,32.0,33.36,Monthly,28,E-Wallet,0,4.0,No
C05441,Male,18.0,65.18,Monthly,38,Cash,3,6.0,No
C05442,Male,29.0,52.31,Monthly,16,Credit Card,0,10.0,No
C05443,Male,31.0,83.24,Monthly,10,Credit Card,0,4.0,No
C05444,Female,35.0,45.1,Two-Year,42,E-Wallet,2,10.0,No
C05445,Male,39.0,42.03,Two-Year,39,Cash,2,9.0,No
C05446,Male,,66.06,Monthly,8,Credit Card,3,6.0,No
C05447,Male,37.0,37.89,Monthly,13,Bank Transfer,4,8.0,No
C05448,Female,31.0,40.6, Monthly ,20,Credit Card,4,7.0,No
C05449,Female,18.0,41.33,Monthly,7,E-Wallet,2,4.0,No
C05450,Male,31.0,49.68,Monthly,22,E-Wallet,0,7.0,No
C05451,Male,,121.22,Monthly,2,E-Wallet,4,6.0,Yes
C05452,Male,43.0,29.38,Monthly,8,Bank Transfer,1,5.0,No
C05453,Male,,97.81,Yearly,8,Credit Card,3,8.0,No
C05454,Male,,76.1,Yearly,14,Bank Transfer,2,5.0,No
C05455,Female,47.0,110.51,Two-Year,2,E-Wallet,2,5.0,No
C05456,Male,36.0,223.97,Monthly,2,Cash,2,4.0,No
C05457,Male,31.0,103.98,Yearly,28,Bank Transfer,0,6.0,No
C05458,Male,,82.81,Monthly,5,Credit Card,3,10.0,No
C05459,Female,19.0,30.25,Monthly,5,Credit Card,1,,Yes
C05460,Female,49.0,32.01,Yearly,18,E-Wallet,3,8.0,No
C05461,Female,35.0,,Two-Year,7,Bank Transfer,1,6.0,No
C05462,Male,23.0,25.43,Yearly,22,E-Wallet,4,7.0,No
C05463,FEMALE,28.0,72.02,Monthly,7,Credit Card,3,3.0,Yes
C05464,Male,27.0,,Monthly,18,Credit Card,4,8.0,No
C05465,Male,38.0,91.7,Monthly,9,Cash,5,5.0,Yes
C05466,Male,50.0,47.24,Yearly,33,E-Wallet,2,7.0,No
C05467,Female,33.0,57.8,Monthly,5,Bank Transfer,2,7.0,No
C05468,Female,18.0,38.99,Monthly,6,Bank Transfer,8,8.0,No
C05469,Female,35.0,23.24,Monthly,43,Cash,2,6.0,No
C05470,Male,36.0,95.17,Monthly,17,Credit Card,3,2.0,No
C05471,Female,35.0,99.59,Two-Year,18,E-Wallet,0,9.0,Yes
C05472,Male,30.0,46.61,Monthly,5,Credit Card,5,10.0,Yes
C05473,FEMALE,40.0,73.54,Monthly,10,E-Wallet,4,4.0,Yes
C05474,Female,38.0,45.79,Yearly,5,,2,7.0,No
C05475,Male,37.0,,Monthly,4,Bank Transfer,6,6.0,No
C05476,Male,42.0,76.83,Yearly,10,E-Wallet,2,9.0,No
C05477,Male,32.0,70.09,Yearly,53,,4,6.0,No
C05478,Female,32.0,99.83,Monthly,3,Credit Card,3,5.0,No
C05479,Female,54.0,68.96,Monthly,4,Bank Transfer,3,4.0,Yes
C05480,Male,44.0,55.29,Monthly,4,Bank Transfer,4,7.0,No
C05481,Female,47.0,38.76,Monthly,19,Credit Card,2,,No
C05482,Male,52.0,44.02,Monthly,9,Credit Card,4,10.0,No
C05483,Male,44.0,78.61,Monthly,6,Credit Card,2,3.0,Yes
C05484,Female,49.0,27.78,Monthly,23,Bank Transfer,3,4.0,Yes
C05485,Female,19.0,89.8,Monthly,5,Cash,3,4.0,Yes
C05486,Female,40.0,,Monthly,6,Credit Card,1,3.0,No
C05487,Male,35.0,37.77,Monthly,1,Credit Card,2,4.0,No
C05488,Female,58.0,33.3,Monthly,2,Bank Transfer,1,8.0,No
C05489,male,49.0,73.96,Monthly,2,Bank Transfer,2,1.0,Yes
C05490,Female,30.0,54.24,Monthly,6,E-Wallet,1,6.0,No
C05491,Male,42.0,111.6,Yearly,9,Credit Card,2,10.0,No
C05492,male,40.0,,Monthly,1,Bank Transfer,4,6.0,No
C05493,FEMALE,43.0,42.09,Two-Year,3,Credit Card,0,5.0,No
C05494,Male,25.0,52.38,Monthly,3,Credit Card,1,6.0,No
C05495,Male,42.0,38.93,Monthly,4,E-Wallet,2,6.0,No
C05496,Male,35.0,54.75,Yearly,3,E-Wallet,1,,Yes
C05497,Female,41.0,63.04,Monthly,3,Credit Card,2,5.0,No
C05498,F,29.0,67.9,Monthly,50,Bank Transfer,0,5.0,Yes
C05499,Female,30.0,107.53,Monthly,11,Credit Card,1,5.0,Yes
C05500,Female,52.0,30.37,Monthly,18,E-Wallet,5,10.0,Yes
C05501,Male,25.0,,Monthly,21,Credit Card,6,7.0,No
C05502,Male,26.0,40.81,Monthly,14,Credit Card,2,10.0,No
C05503,Male,,66.25,Monthly,15,Cash,2,10.0,No
C05504,Male,28.0,66.29,Yearly,13,,2,7.0,Yes
C05505,Male,27.0,35.02, Monthly ,13,,2,7.0,No
C05506,FEMALE,39.0,36.4,Monthly,32,E-Wallet,8,7.0,Yes
C05507,Male,19.0,68.73,Yearly,3,E-Wallet,1,8.0,No
C05508,Male,25.0,55.18,Monthly,4,Bank Transfer,4,8.0,Yes
C05509,Male,62.0,49.46,Monthly,2,Credit Card,1,8.0,Yes
C05510,Male,43.0,73.41,Yearly,22,Cash,2,,No
C05511,Male,29.0,75.89,Monthly,8,Credit Card,4,2.0,No
C05512,Female,43.0,,Monthly,29,E-Wallet,3,5.0,No
C05513,Female,44.0,37.21,Monthly,7,E-Wallet,4,6.0,No
C05514,Female,49.0,30.94,Monthly,8,Bank Transfer,2,8.0,Yes
C05515,Male,36.0,55.43,Monthly,8,Credit Card,4,8.0,No
C05516,Female,49.0,28.78,Yearly,12,Credit Card,5,2.0,No
C05517,Female,18.0,57.1,Monthly,18,Bank Transfer,2,,No
C05518,Female,25.0,,Monthly,6,E-Wallet,2,8.0,No
C05519,Male,39.0,46.57,Monthly,12,E-Wallet,2,6.0,Yes
C05520,Female,41.0,42.89,Yearly,3,,3,7.0,No
C05521,Female,27.0,134.16,Monthly,10,Cash,2,6.0,No
C05522,Female,41.0,107.7,Monthly,10,Cash,1,4.0,Yes
C05523,Female,30.0,38.7,Yearly,27,Bank Transfer,4,6.0,Yes
C05524,Male,34.0,58.12,Monthly,28,Credit Card,4,3.0,No
C05525,male,50.0,63.3,Monthly,9,Bank Transfer,5,9.0,No
C05526,Male,48.0,59.84,Monthly,1,E-Wallet,3,6.0,No
C05527,Female,26.0,123.54,Monthly,23,Bank Transfer,2,7.0,No
C05528,Male,25.0,56.78,Monthly,1,Credit Card,7,,No
C05529,Male,33.0,60.75,Monthly,8,E-Wallet,4,,No
C05530,Male,37.0,74.43,Monthly,1,E-Wallet,3,5.0,No
C05531,Female,30.0,93.27,Two-Year,6,Cash,3,6.0,No
C05532,Male,50.0,83.23,Monthly,13,Bank Transfer,2,5.0,No
C05533,Female,42.0,69.56,Monthly,6,Cash,3,8.0,No
C05534,Female,42.0,27.07,Yearly,32,Credit Card,6,7.0,No
C05535,Male,22.0,43.83,Monthly,13,E-Wallet,2,7.0,No
C05536,Male,52.0,78.94,Monthly,13, E-Wallet,2,6.0,No
C05537,Male,18.0,61.11,Monthly,6,E-Wallet,3,10.0,No
C05538,Female,48.0,79.18,Monthly,1,Cash,3,3.0,No
C05539,Female,49.0,127.64,Monthly,17,,3,7.0,No
C05540,Male,32.0,32.15,Monthly,16,E-Wallet,2,7.0,No
C05541,Male,53.0,91.11,Yearly,10,Cash,2,8.0,Yes
C05542,Female,37.0,47.06,Monthly,7,Credit Card,1,2.0,No
C05543,Female,38.0,83.17,Monthly,10,Bank Transfer,3,5.0,No
C05544,male,42.0,53.59,Monthly,17,E-Wallet,1,7.0,No
C05545,Female,76.0,142.19,Yearly,15,E-Wallet,2,8.0,No
C05546,Male,54.0,,Monthly,13,E-Wallet,2,2.0,No
C05547,Male,46.0,40.93,Yearly,29,Bank Transfer,2,5.0,No
C05548,male,27.0,65.95,Monthly,12,E-Wallet,3,8.0,No
C05549,Male,39.0,63.17,Monthly,1,Credit Card,5,8.0,No
C05550,Male,28.0,91.12,Monthly,12,Credit Card,3,8.0,No
C05551,Male,47.0,66.79,Monthly,12,E-Wallet,4,7.0,No
C05552,Male,39.0,166.3,Monthly,1,Bank Transfer,2,8.0,No
C05553,FEMALE,24.0,51.93,Monthly,7,Credit Card,1,8.0,No
C05554,Female,38.0,52.2,Yearly,13,Cash,1,9.0,No
C05555,Female,27.0,41.61,Yearly,15,Bank Transfer,3,10.0,No
C05556,Female,39.0,56.74,Monthly,27,Credit Card,1,7.0,No
C05557,Male,27.0,60.58,Yearly,23,Bank Transfer,3,9.0,No
C05558,Female,38.0,61.96,Monthly,2,Bank Transfer,0,6.0,No
C05559,Male,47.0,,Monthly,12,Cash,1,6.0,No
C05560,Female,37.0,41.5,Monthly,11,E-Wallet,1,10.0,No
C05561,Male,33.0,36.72,Monthly,5,Bank Transfer,0,10.0,Yes
C05562,Female,40.0,46.12,Monthly,3,Bank Transfer,2,7.0,No
C05563,Male,46.0,91.26,Monthly,3,Cash,0,8.0,No
C05564,Male,24.0,100.54,Two-Year,3,Bank Transfer,4,3.0,No
C05565,Female,41.0,52.74,Monthly,20,Credit Card,2,6.0,No
C05566,Male,53.0,35.74,Yearly,2,Bank Transfer,5,8.0,No
C05567,Female,44.0,52.64,Monthly,4,Credit Card,2,6.0,No
C05568,Female,38.0,139.94,Monthly,3,Cash,2,7.0,No
C05569,Female,45.0,85.59,Yearly,15,,3,7.0,No
C05570,Female,43.0,69.95,Monthly,3,Credit Card,2,8.0,No
C05571,Female,47.0,84.2,Yearly,1,Credit Card,2,3.0,No
C05572,Male,,109.21,Monthly,6,Credit Card,3,10.0,No
C05573,Female,19.0,32.5,Two-Year,5,Bank Transfer,1,8.0,No
C05574,Female,50.0,45.77,Monthly,7,Bank Transfer,2,7.0,No
C05575,Female,19.0,43.04,Monthly,17,Bank Transfer,3,7.0,No
C05576,Male,42.0,71.11,Monthly,1,E-Wallet,5,4.0,Yes
C05577,Female,33.0,58.68,Yearly,1,Cash,4,7.0,No
C05578,Female,26.0,76.73,Monthly,4,,2,4.0,No
C05579,Female,42.0,43.46,Two-Year,27,Credit Card,0,9.0,No
C05580,Male,,101.23,Monthly,3,E-Wallet,2,8.0,No
C05581,Male,63.0,52.92,Monthly,70,Bank Transfer,1,7.0,No
C05582,Male,30.0,74.63,Monthly,20,Credit Card,2,4.0,No
C05583,Female,55.0,93.5,Monthly,8,Credit Card,0,,No
C05584,Female,42.0,90.18,Monthly,17,Credit Card,1,4.0,No
C05585,Male,30.0,64.22,Monthly,9,Credit Card,3,6.0,No
C05586,Male,47.0,78.94,Yearly,11,Cash,4,9.0,No
C05587,Male,44.0,119.55,Monthly,11,Bank Transfer,2,8.0,No
C05588,Male,38.0,68.79,Monthly,13, E-Wallet,2,8.0,No
C05589,Female,41.0,39.32,Monthly,1,Credit Card,0,,No
C05590,Female,30.0,70.98,Two-Year,12,Credit Card,0,6.0,No
C05591,Male,28.0,53.69,Monthly,16,Bank Transfer,5,8.0,No
C05592,Female,47.0,18.98,Monthly,5,E-Wallet,3,7.0,No
C05593,Male,35.0,67.22,Monthly,47,Credit Card,3,7.0,No
C05594,Female,37.0,57.54,Yearly,2,Cash,2,,No
C05595,Male,41.0,91.87,Two-Year,29,E-Wallet,1,10.0,Yes
C05596,Male,41.0,38.96,Two-Year,14,E-Wallet,5,4.0,No
C05597,Male,20.0,27.73,Two-Year,14,Credit Card,1,7.0,No
C05598,Female,53.0,58.9,Monthly,26,Credit Card,5,6.0,Yes
C05599,Female,39.0,64.79,Monthly,22,Bank Transfer,0,8.0,No
C05600,Female,35.0,56.95,Monthly,6,Bank Transfer,6,8.0,No
C05601,Male,43.0,55.11,Monthly,15,Credit Card,1,9.0,Yes
C05602,Male,40.0,33.75,Monthly,1,Cash,3,5.0,Yes
C05603,Male,47.0,51.29,Monthly,8,E-Wallet,3,9.0,No
C05604,Female,44.0,46.68,Monthly,34,Credit Card,3,7.0,No
C05605,Male,46.0,88.47,Monthly,4,E-Wallet,3,8.0,No
C05606,Female,54.0,64.76,Monthly,1,Bank Transfer,0,9.0,Yes
C05607,Female,48.0,48.18,Monthly,11,Credit Card,1,7.0,No
C05608,Female,36.0,118.6,Yearly,6,Credit Card,4,3.0,No
C05609,Male,24.0,,Monthly,6,Credit Card,1,7.0,No
C05610,Male,58.0,70.18,Two-Year,11,Credit Card,2,8.0,No
C05611,Male,35.0,50.65,Monthly,12,Credit Card,7,7.0,No
C05612,Female,32.0,113.75,Monthly,7,Bank Transfer,5,9.0,Yes
C05613,Female,18.0,56.77,Monthly,9,Credit Card,3,7.0,No
C05614,Male,42.0,57.53,Monthly,60,Credit Card,7,9.0,Yes
C05615,Male,39.0,51.27,Yearly,38,Credit Card,5,6.0,Yes
C05616,Female,19.0,59.65,Monthly,15,Credit Card,4,9.0,Yes
C05617,Female,43.0,93.67,Yearly,3,Bank Transfer,3,6.0,No
C05618,Male,32.0,79.89,Monthly,6,Credit Card,2,7.0,No
C05619,Female,70.0,55.29,Monthly,26,,0,4.0,No
C05620,Male,31.0,117.4,Monthly,7,Credit Card,1,6.0,Yes
C05621,Male,32.0,80.87,Monthly,38,Credit Card,2,7.0,No
C05622,Female,27.0,44.83,Monthly,9,E-Wallet,2,3.0,No
C05623,Female,53.0,29.34,Monthly,24,Bank Transfer,1,9.0,No
C05624,Female,33.0,45.3,Yearly,1,Bank Transfer,2,7.0,No
C05625,Male,29.0,65.76,Monthly,7,Credit Card,1,8.0,Yes
C05626,male,46.0,71.43,Monthly,15,Bank Transfer,3,6.0,No
C05627,Male,21.0,100.65,Two-Year,24,Cash,3,5.0,No
C05628,Male,45.0,33.36,Monthly,12,Credit Card,3,2.0,No
C05629,Female,59.0,44.81,Monthly,3,Credit Card,1,8.0,No
C05630,Male,44.0,32.14,Monthly,27,Bank Transfer,3,9.0,No
C05631,Female,45.0,29.89,Yearly,11,Credit Card,4,7.0,No
C05632,Female,48.0,41.16,Monthly,2,Cash,2,4.0,No
C05633,male,58.0,64.39,Monthly,8,Bank Transfer,1,9.0,No
C05634,Male,52.0,77.26,Two-Year,15,Credit Card,3,9.0,No
C05635,male,43.0,35.63,Yearly,8,,2,7.0,No
C05636,Male,48.0,37.93,Monthly,25,Credit Card,3,8.0,Yes
C05637,Female,27.0,24.51,Yearly,7,Credit Card,1,9.0,Yes
C05638,Female,47.0,60.13,Yearly,11,E-Wallet,1,8.0,No
C05639,Male,25.0,39.27,Monthly,3,Credit Card,0,8.0,No
C05640,male,33.0,115.4,Monthly,9,,3,10.0,No
C05641,Female,18.0,65.66,Yearly,4,Credit Card,1,7.0,No
C05642,Female,42.0,50.54,Monthly,4,E-Wallet,4,4.0,No
C05643,Male,30.0,40.92,Monthly,4,Credit Card,3,10.0,No
C05644,Male,51.0,27.87,Yearly,1,,0,9.0,No
C05645,Female,42.0,29.5,Yearly,3,Credit Card,4,9.0,No
C05646,Male,51.0,41.27,Monthly,7,Credit Card,1,6.0,No
C05647,Male,24.0,39.86,Monthly,2,Cash,4,7.0,No
C05648,FEMALE,50.0,34.83,Monthly,2,Bank Transfer,6,4.0,Yes
C05649,Female,63.0,64.7,Monthly,42,Credit Card,2,6.0,No
C05650,Female,47.0,68.81,Two-Year,7,Cash,5,6.0,Yes
C05651,Female,47.0,44.42,Monthly,7,Credit Card,2,6.0,Yes
C05652,Female,40.0,130.43,Monthly,4,E-Wallet,1,4.0,Yes
C05653,Male,31.0,24.88,Two-Year,9,Bank Transfer,3,4.0,No
C05654,Male,47.0,56.05,Monthly,11,Bank Transfer,3,8.0,No
C05655,Male,19.0,49.48,Monthly,7,Bank Transfer,2,7.0,No
C05656,Male,32.0,42.61,Monthly,7,E-Wallet,3,9.0,Yes
C05657,Female,18.0,39.89,Monthly,15,Bank Transfer,2,5.0,No
C05658,Female,29.0,54.43,Monthly,36,Credit Card,0,7.0,No
C05659,Female,45.0,49.33,Monthly,26,Credit Card,0,6.0,No
C05660,Female,44.0,45.77,Monthly,2,Credit Card,1,7.0,No
C05661,Male,38.0,30.43,Yearly,13,Bank Transfer,3,5.0,No
C05662,Male,40.0,26.36,Monthly,1,Credit Card,3,3.0,No
C05663,Female,18.0,,Monthly,13,Credit Card,3,7.0,No
C05664,Female,33.0,45.56,Monthly,8,Bank Transfer,1,5.0,No
C05665,Female,29.0,49.97,Monthly,9,Bank Transfer,1,5.0,Yes
C05666,Female,30.0,51.99,Monthly,11,Credit Card,1,6.0,No
C05667,Female,45.0,43.16,Two-Year,17,Credit Card,3,8.0,No
C05668,Female,27.0,49.62,Monthly,16,Credit Card,3,3.0,No
C05669,Male,30.0,37.19,Monthly,1,Credit Card,1,6.0,No
C05670,Female,18.0,108.39,Monthly,17,Bank Transfer,4,3.0,No
C05671,Female,34.0,38.1,Monthly,22,Credit Card,1,8.0,No
C05672,Male,24.0,46.2,Yearly,1,E-Wallet,3,10.0,No
C05673,Female,38.0,39.42,Two-Year,5,Credit Card,1,8.0,No
C05674,Male,26.0,39.12,Monthly,19,Credit Card,1,9.0,No
C05675,male,39.0,55.21,Yearly,9,Cash,7,10.0,No
C05676,Male,36.0,52.14,Monthly,15,Bank Transfer,4,,Yes
C05677,Female,58.0,,Monthly,9,,4,7.0,No
C05678,Male,43.0,48.06,Yearly,46,E-Wallet,1,6.0,No
C05679,Female,18.0,39.49,Monthly,34,Credit Card,2,7.0,Yes
C05680,Male,22.0,65.42,Monthly,4,Cash,4,5.0,No
C05681,Male,38.0,1933.0,Monthly,6,Credit Card,5,7.0,No
C05682,Male,26.0,36.83,Monthly,7,,2,8.0,No
C05683,Female,,65.19,Monthly,2,Credit Card,0,8.0,No
C05684,Male,54.0,55.71,Yearly,7,,3,3.0,Yes
C05685,Male,46.0,73.76,Monthly,18,Bank Transfer,2,,No
C05686,Female,44.0,74.71,Monthly,23,Credit Card,1,5.0,Yes
C05687,Male,30.0,59.89,Monthly,27,E-Wallet,3,6.0,No
C05688,Female,43.0,53.63,Monthly,1,Credit Card,2,5.0,Yes
C05689,Male,29.0,44.9,Yearly,19,E-Wallet,4,8.0,No
C05690,Female,40.0,38.7,Two-Year,9,Bank Transfer,4,3.0,No
C05691,Male,26.0,52.27,Two-Year,3,E-Wallet,3,9.0,No
C05692,Male,56.0,30.63,Monthly,9,Credit Card,1,10.0,No
C05693,Female,19.0,41.79,Two-Year,23,Cash,2,6.0,No
C05694,Female,52.0,89.84,Monthly,7,Bank Transfer,2,4.0,No
C05695,Female,38.0,57.07,Monthly,56,Credit Card,2,3.0,Yes
C05696,Male,32.0,81.59,Yearly,12,Credit Card,1,6.0,No
C05697,Male,40.0,105.78,Monthly,9,E-Wallet,3,6.0,Yes
C05698,Male,46.0,50.42,Monthly,5,E-Wallet,2,8.0,No
C05699,Female,54.0,59.94,Two-Year,1,E-Wallet,2,9.0,No
C05700,male,41.0,47.66,Yearly,12,Credit Card,2,4.0,Yes
C05701,Male,27.0,37.88,Monthly,11,Credit Card,4,6.0,No
C05702,Male,38.0,35.56,Yearly,9,Bank Transfer,2,5.0,Yes
C05703,Female,59.0,79.79,Yearly,10,Credit Card,4,7.0,No
C05704,Male,54.0,59.97,Two-Year,23,Credit Card,1,2.0,No
C05705,Female,48.0,125.33,Monthly,5,Bank Transfer,1,4.0,No
C05706,Male,,84.56,Yearly,10,Credit Card,0,5.0,No
C05707,Female,46.0,39.29,Yearly,14,Credit Card,0,8.0,No
C05708,Male,51.0,79.69,Monthly,3,Credit Card,2,5.0,No
C05709,Female,32.0,47.59,Monthly,32,Bank Transfer,2,11.0,No
C05710,Female,21.0,94.4,Monthly,17,E-Wallet,3,4.0,No
C05711,Male,38.0,43.87,Monthly,1,E-Wallet,0,6.0,No
C05712,Female,28.0,34.0,Two-Year,25,Credit Card ,4,5.0,No
C05713,Male,,38.16,Monthly,32,Credit Card,1,9.0,No
C05714,Female,29.0,39.05,Monthly,19,E-Wallet,2,10.0,No
C05715,Female,67.0,37.41,Yearly,7,Bank Transfer,3,8.0,No
C05716,Male,39.0,42.2,Monthly,63,Cash,0,9.0,No
C05717,Male,42.0,80.28,Monthly,2,Cash,3,6.0,No
C05718,Male,23.0,122.51,Monthly,10,Bank Transfer,1,5.0,No
C05719,Male,18.0,30.01,Monthly,3,Cash,4,6.0,No
C05720,Male,28.0,96.41,Two-Year,7,Credit Card,5,4.0,No
C05721,Male,55.0,44.04,Yearly,32,Credit Card,5,7.0,Yes
C05722,Male,42.0,63.85, Monthly ,19,Credit Card,2,6.0,Yes
C05723,Female,45.0,25.94,Two-Year,19,Bank Transfer,1,5.0,No
C05724,Male,46.0,69.12,Monthly,6,E-Wallet,0,7.0,No
C05725,Male,30.0,22.14,Monthly,33,Cash,2,2.0,No
C05726,Female,54.0,62.88,Monthly,6,Bank Transfer,4,7.0,No
C05727,Male,30.0,61.3,Two-Year,1,,2,3.0,Yes
C05728,Male,54.0,59.5,Monthly,13, E-Wallet,1,7.0,No
C05729,Male,43.0,39.22,Monthly,6,Bank Transfer,2,7.0,No
C05730,Female,18.0,69.92,Monthly,3,Credit Card,3,4.0,Yes
C05731,Female,29.0,65.1,Monthly,33,E-Wallet,1,6.0,No
C05732,Male,18.0,49.68,Two-Year,13,Bank Transfer,2,7.0,No
C05733,Female,51.0,73.87,Monthly,34,E-Wallet,0,4.0,No
C05734,Female,37.0,714.0,Yearly,11,E-Wallet,3,8.0,No
C05735,Female,18.0,69.27,Monthly,1,Credit Card,5,10.0,No
C05736,Female,42.0,51.59,Yearly,1,Credit Card,2,6.0,No
C05737,Female,31.0,60.19,Yearly,28,Credit Card,2,9.0,No
C05738,Male,,70.71,Monthly,1,Credit Card,2,7.0,No
C05739,Male,58.0,45.65,Monthly,12,E-Wallet,3,,No
C05740,Male,,31.34,Two-Year,5,Bank Transfer,1,7.0,No
C05741,Female,34.0,61.82,Yearly,14,Credit Card,3,6.0,No
C05742,Female,33.0,93.24,Monthly,5,Credit Card,5,7.0,No
C05743,Female,19.0,62.47,Monthly,1,Bank Transfer,3,7.0,No
C05744,Female,22.0,63.0,Yearly,16,Credit Card,1,9.0,No
C05745,Male,53.0,53.57,Monthly,5,Credit Card,2,5.0,No
C05746,Female,32.0,76.14,Monthly,10,Credit Card,3,,No
C05747,Female,,50.22,Two-Year,18,Bank Transfer,2,,No
C05748,Female,18.0,,Two-Year,15,Cash,4,7.0,No
C05749,Female,22.0,89.78,Yearly,6,Credit Card ,0,6.0,No
C05750,Female,45.0,43.0,Monthly,17,,4,2.0,No
C05751,Male,42.0,81.47,Two-Year,32,Bank Transfer,2,10.0,No
C05752,Female,59.0,89.81,Monthly,12,Bank Transfer,3,5.0,No
C05753,male,54.0,70.46,Monthly,15,Credit Card,3,7.0,No
C05754,Female,35.0,31.12,Monthly,25,Credit Card,4,5.0,Yes
C05755,Female,43.0,55.27,Yearly,23,Credit Card,2,8.0,No
C05756,Male,34.0,49.85,Monthly,6,Credit Card,6,8.0,Yes
C05757,Female,62.0,43.68,Two-Year,58,Credit Card,2,5.0,No
C05758,Male,51.0,,Two-Year,1,Bank Transfer,3,10.0,Yes
C05759,Male,40.0,77.18,Monthly,52, E-Wallet,2,4.0,No
C05760,Male,40.0,44.42,Two-Year,4,,1,6.0,No
C05761,Female,55.0,50.55,Two-Year,7,Bank Transfer,2,4.0,Yes
C05762,Female,44.0,48.99,Monthly,26,E-Wallet,3,8.0,Yes
C05763,Female,56.0,92.18,Monthly,4,Credit Card,3,10.0,Yes
C05764,Male,18.0,48.63,Monthly,4,E-Wallet,2,7.0,No
C05765,Female,43.0,31.33,Monthly,13,Bank Transfer,1,5.0,Yes
C05766,F,31.0,26.9,Yearly,15,Credit Card,1,5.0,No
C05767,Male,,64.28,Monthly,1,Cash,3,10.0,No
C05768,Male,56.0,38.77,Two-Year,8,Credit Card,1,5.0,Yes
C05769,Male,38.0,73.77,Two-Year,9,Bank Transfer,2,5.0,No
C05770,Female,56.0,29.99,Monthly,4,Credit Card,3,5.0,No
C05771,Female,59.0,42.84,Monthly,10,Credit Card,6,6.0,Yes
C05772,Female,38.0,30.0,Monthly,3,Credit Card,5,,Yes
C05773,Male,67.0,66.39,Monthly,5,E-Wallet,1,5.0,No
C05774,Female,37.0,73.11,Monthly,15,Bank Transfer,2,6.0,No
C05775,Male,35.0,63.59,Monthly,25,Cash,2,7.0,No
C05776,Male,48.0,33.49,Monthly,11,E-Wallet,1,7.0,No
C05777,Female,33.0,39.03,Monthly,1,Cash,4,3.0,No
C05778,Male,39.0,60.67,Two-Year,14,Credit Card,2,5.0,No
C05779,Female,54.0,25.55,Monthly,28,Credit Card,1,6.0,Yes
C05780,Male,38.0,48.98,Monthly,9,Credit Card,2,,No
C05781,Female,,108.05,Monthly,9,E-Wallet,2,7.0,No
C05782,Male,42.0,50.35,Monthly,58,Credit Card,6,4.0,Yes
C05783,Female,29.0,27.94,Monthly,13,Cash,1,6.0,No
C05784,Male,48.0,41.54,Monthly,20,Credit Card,3,10.0,No
C05785,Male,46.0,41.11,Monthly,13,E-Wallet,1,5.0,No
C05786,Female,55.0,143.04,Monthly,3,Bank Transfer,1,3.0,No
C05787,Male,48.0,115.53,Monthly,5,Bank Transfer,3,9.0,No
C05788,Female,51.0,75.86,Monthly,14,Cash,4,6.0,Yes
C05789,Female,29.0,46.79,Monthly,8,E-Wallet,2,5.0,Yes
C05790,Male,47.0,93.72,Yearly,7,Cash,2,9.0,No
C05791,Male,61.0,32.78,Monthly,1,Bank Transfer,2,1.0,Yes
C05792,Female,29.0,88.63,Monthly,26,Cash,3,5.0,No
C05793,Female,59.0,82.9,Yearly,26,E-Wallet,3,3.0,No
C05794,Female,31.0,51.0,Two-Year,8,E-Wallet,1,10.0,No
C05795,Male,27.0,91.16,Yearly,15,E-Wallet,1,5.0,Yes
C05796,Female,41.0,44.65,Monthly,3,E-Wallet,2,,No
C05797,Male,46.0,30.9,Monthly,9,Bank Transfer,1,3.0,No
C05798,Female,48.0,84.78,Monthly,7,E-Wallet,0,9.0,No
C05799,Female,26.0,52.54,Yearly,13,Bank Transfer,0,10.0,No
C05800,Male,43.0,71.58,Yearly,8,E-Wallet,3,6.0,No
C05801,Male,29.0,123.89,Monthly,9,Credit Card,1,7.0,No
C05802,Male,20.0,39.45,Monthly,5,Bank Transfer,1,5.0,Yes
C05803,Male,,51.19,Monthly,1,Bank Transfer,2,8.0,No
C05804,Female,28.0,110.65,Monthly,30,E-Wallet,5,5.0,No
C05805,M,44.0,73.77,Two-Year,1,E-Wallet,2,5.0,No
C05806,Male,51.0,39.85,Monthly,4,Bank Transfer,0,5.0,No
C05807,Male,20.0,35.53,Monthly,8,Credit Card,2,8.0,No
C05808,Female,42.0,43.05,Yearly,5,E-Wallet,1,8.0,Yes
C05809,Female,23.0,39.16,Monthly,10,Credit Card,1,4.0,Yes
C05810,Male,45.0,60.75,Monthly,8,,5,6.0,Yes
C05811,Male,30.0,56.56,Monthly,4,E-Wallet,6,1.0,Yes
C05812,Female,25.0,61.91, Monthly ,2,Credit Card,1,4.0,No
C05813,Female,47.0,37.4,Monthly,2,Cash,1,6.0,Yes
C05814,Male,30.0,52.89,Monthly,8,Credit Card,3,5.0,No
C05815,Male,34.0,,Monthly,23,Credit Card,1,7.0,No
C05816,Male,18.0,58.28,Monthly,2,Credit Card,4,9.0,No
C05817,male,49.0,92.66,Monthly,14,Cash,1,7.0,No
C05818,Female,47.0,28.76,Yearly,19,E-Wallet,2,10.0,No
C05819,Female,38.0,67.87,Monthly,4,Cash,1,6.0,No
C05820,Male,,41.47,Monthly,14,Credit Card,5,6.0,Yes
C05821,Female,52.0,78.35,Monthly,14,Credit Card,3,8.0,No
C05822,Male,30.0,58.64,Monthly,15,Bank Transfer,4,9.0,No
C05823,Female,32.0,65.5,Monthly,27,Bank Transfer,3,8.0,Yes
C05824,Female,65.0,56.21,Yearly,7,E-Wallet,1,8.0,No
C05825,Male,29.0,99.26,Monthly,4,Bank Transfer,2,6.0,No
C05826,Male,46.0,63.84,Monthly,10,Credit Card,5,4.0,Yes
C05827,Female,44.0,39.75,Monthly,1,Credit Card,2,8.0,Yes
C05828,Male,42.0,1139.0,Yearly,5,Credit Card ,5,6.0,Yes
C05829,Male,41.0,46.25,Two-Year,26,Credit Card,3,6.0,No
C05830,Female,42.0,58.74,Monthly,10,Cash,2,3.0,No
C05831,Female,41.0,45.2,Monthly,7,Cash,6,10.0,Yes
C05832,F,37.0,40.26,Monthly,4,E-Wallet,1,8.0,No
C05833,Female,56.0,59.72,Yearly,4,Credit Card,4,9.0,No
C05834,Male,22.0,55.99,Monthly,4,Credit Card,1,9.0,No
C05835,M,50.0,88.13,Monthly,22,Bank Transfer,1,7.0,No
C05836,Female,47.0,45.3,Monthly,51,E-Wallet,4,2.0,Yes
C05837,Female,46.0,22.39,Monthly,10,Cash,1,7.0,No
C05838,Male,51.0,,Monthly,1,E-Wallet,2,5.0,No
C05839,Female,36.0,26.26,Monthly,17,Credit Card,4,9.0,No
C05840,Female,18.0,65.83,Yearly,26,Cash,8,8.0,No
C05841,F,37.0,25.71,Monthly,33,Credit Card,3,7.0,No
C05842,Male,26.0,35.0,Monthly,12,E-Wallet,6,4.0,No
C05843,Male,29.0,46.38,Monthly,9,Bank Transfer,4,,Yes
C05844,Male,23.0,109.37,Monthly,12,E-Wallet,4,3.0,Yes
C05845,Female,32.0,33.69,Monthly,1,Bank Transfer,1,4.0,Yes
C05846,Male,30.0,54.9,Yearly,13,E-Wallet,1,6.0,No
C05847,Male,18.0,70.88,Monthly,15,Bank Transfer,2,5.0,No
C05848,Female,46.0,106.47,Yearly,16,E-Wallet,1,7.0,No
C05849,Male,64.0,77.48,Monthly,10,Credit Card,3,8.0,No
C05850,Male,45.0,89.32,Monthly,15,,2,7.0,No
C05851,Male,35.0,80.55,Monthly,13,Cash,0,10.0,Yes
C05852,Female,37.0,31.69,Two-Year,2,E-Wallet,1,6.0,No
C05853,Female,32.0,64.19,Monthly,28,Cash,3,9.0,No
C05854,Female,39.0,,Monthly,12,,1,9.0,No
C05855,Male,37.0,35.5,Monthly,16,E-Wallet,3,4.0,No
C05856,Female,27.0,42.06,Monthly,6,Credit Card,3,,No
C05857,Male,58.0,38.04,Monthly,31,Bank Transfer,5,,Yes
C05858,Male,20.0,77.3,Monthly,9,E-Wallet,3,6.0,No
C05859,Male,46.0,52.92,Yearly,14,E-Wallet,3,5.0,No
C05860,Female,36.0,47.26,Monthly,37,E-Wallet,2,7.0,No
C05861,Male,60.0,30.67,Monthly,30,Credit Card,2,7.0,No
C05862,Male,-5.0,52.97,Two-Year,13,Cash,6,10.0,No
C05863,Male,33.0,42.29,Monthly,3,Credit Card,0,9.0,No
C05864,Male,35.0,60.92,Monthly,37,Bank Transfer,2,8.0,No
C05865,Female,38.0,32.64,Yearly,50,E-Wallet,1,5.0,No
C05866,Male,24.0,59.15,Monthly,2,E-Wallet,2,3.0,No
C05867,Female,28.0,44.81,Monthly,8,E-Wallet,3,9.0,Yes
C05868,Male,18.0,31.12,Monthly,10,Bank Transfer,3,7.0,No
C05869,Female,26.0,30.05,Monthly,2,Bank Transfer,1,6.0,No
C05870,Female,39.0,32.15,Monthly,3,Bank Transfer,2,7.0,No
C05871,Male,41.0,49.76,Monthly,10,Bank Transfer,0,8.0,No
C05872,Male,18.0,57.65,Monthly,40,E-Wallet,7,5.0,Yes
C05873,Female,36.0,61.65,Monthly,1,E-Wallet,2,1.0,No
C05874,Female,44.0,62.7,Two-Year,30,Bank Transfer,5,5.0,No
C05875,Male,36.0,879.0,Monthly,28,E-Wallet,4,6.0,No
C05876,Male,30.0,87.91,Yearly,24,Bank Transfer,0,4.0,No
C05877,Female,33.0,44.75,Monthly,6,Credit Card,4,6.0,No
C05878,Female,31.0,66.86,Monthly,9,E-Wallet,3,10.0,No
C05879,Male,30.0,50.71,Monthly,7,E-Wallet,2,6.0,No
C05880,Male,40.0,64.65,Monthly,36,Credit Card,1,3.0,No
C05881,Male,65.0,49.58,Monthly,9,E-Wallet,3,7.0,Yes
C05882,Female,29.0,65.18,Yearly,2,Bank Transfer,2,7.0,No
C05883,Male,34.0,54.42,Monthly,4,Credit Card,1,6.0,No
C05884,Female,37.0,78.75,Monthly,8,Credit Card,4,4.0,No
C05885,Male,29.0,37.77,Monthly,37,Credit Card,7,8.0,Yes
C05886,Male,51.0,24.62,Monthly,11,E-Wallet,5,,No
C05887,FEMALE,18.0,35.23,Monthly,15,Credit Card,2,9.0,No
C05888,Female,31.0,88.32,Yearly,2,Credit Card,1,9.0,No
C05889,Female,47.0,50.93,Monthly,26,Credit Card,5,4.0,No
C05890,Male,34.0,56.91,Monthly,10,Credit Card,4,,No
C05891,Female,28.0,33.98,Monthly,31,E-Wallet,4,5.0,No
C05892,Female,43.0,56.23,Two-Year,8,Bank Transfer,3,6.0,No
C05893,male,48.0,34.46,Monthly,14,Credit Card,1,8.0,No
C05894,Male,40.0,36.81,Monthly,8,E-Wallet,2,8.0,No
C05895,Male,28.0,45.55,Monthly,2,Credit Card,3,,No
C05896,Male,43.0,66.71,Monthly,4,Bank Transfer,2,4.0,Yes
C05897,Female,33.0,69.99,Yearly,1,Credit Card,2,8.0,No
C05898,male,46.0,70.85,Monthly,7,E-Wallet,0,8.0,No
C05899,Female,55.0,26.72,Yearly,13,Credit Card,3,1.0,No
C05900,Female,18.0,54.43,Monthly,4,Bank Transfer,2,7.0,No
C05901,FEMALE,39.0,49.97,Monthly,9,Bank Transfer,0,4.0,No
C05902,Female,18.0,27.4,Monthly,8,Credit Card,4,6.0,No
C05903,Male,67.0,54.99,Yearly,10,E-Wallet,3,4.0,No
C05904,Male,32.0,48.78,Monthly,3,Bank Transfer,2,7.0,No
C05905,Male,46.0,68.73,Monthly,10,Bank Transfer,1,7.0,Yes
C05906,Female,37.0,56.63,Yearly,6,Credit Card,3,7.0,No
C05907,male,28.0,42.64,Monthly,5,Bank Transfer,0,7.0,Yes
C05908,Female,26.0,,Monthly,11,Credit Card,3,,No
C05909,Male,57.0,20.09,Two-Year,2,Bank Transfer,4,5.0,No
C05910,Male,49.0,53.04,Monthly,28,Credit Card,1,7.0,No
C05911,F,61.0,24.69,Two-Year,33,E-Wallet,1,8.0,No
C05912,Female,38.0,36.22,Monthly,13,Credit Card,3,7.0,Yes
C05913,Female,41.0,69.14,Monthly,5,E-Wallet,3,7.0,No
C05914,Male,34.0,30.77,Monthly,12,E-Wallet,2,5.0,Yes
C05915,Male,34.0,28.77,Monthly,12,Cash,5,,No
C05916,Male,25.0,159.47,Monthly,6,Cash,3,9.0,Yes
C05917,Female,39.0,29.62,Monthly,5,Cash,4,8.0,No
C05918,Female,28.0,,Two-Year,3,E-Wallet,3,6.0,No
C05919,Male,43.0,50.53,Yearly,3,Credit Card,5,9.0,No
C05920,Female,40.0,43.11,Monthly,13,Bank Transfer,3,7.0,No
C05921,FEMALE,41.0,70.46,Monthly,27,Credit Card,1,3.0,Yes
C05922,Female,58.0,99.63,Monthly,6,Bank Transfer,1,8.0,No
C05923,Male,37.0,,Monthly,2,Bank Transfer,1,4.0,Yes
C05924,Female,47.0,43.4,Yearly,1,Cash,8,5.0,No
C05925,Male,62.0,79.93,Monthly,7,Cash,1,6.0,No
C05926,Female,53.0,62.15,Monthly,4,Credit Card,0,7.0,No
C05927,Female,51.0,89.65,Monthly,5,Bank Transfer,3,8.0,Yes
C05928,Female,34.0,68.84,Monthly,4,Bank Transfer,3,3.0,Yes
C05929,Female,40.0,123.19,Monthly,14,Bank Transfer,0,,No
C05930,Female,22.0,59.17,Monthly,13,Bank Transfer,2,3.0,No
C05931,Male,43.0,60.33,Monthly,30,Cash,0,7.0,No
C05932,Male,41.0,63.1,Monthly,15,E-Wallet,6,,No
C05933,Male,38.0,51.21,Monthly,3,Credit Card,1,2.0,No
C05934,Female,50.0,79.97,Yearly,17,Credit Card,3,10.0,No
C05935,Male,23.0,,Monthly,3,E-Wallet,3,2.0,Yes
C05936,Female,57.0,77.84,Monthly,10,E-Wallet,3,7.0,No
C05937,Female,48.0,83.51,Monthly,1,Bank Transfer,2,6.0,No
C05938,Male,37.0,66.21,Monthly,1,Cash,1,6.0,No
C05939,Male,36.0,68.43,Yearly,8,Credit Card,2,3.0,No
C05940,Male,,34.65,Yearly,2,Bank Transfer,3,8.0,No
C05941,Male,56.0,42.62,Two-Year,5,Cash,2,10.0,Yes
C05942,Male,39.0,79.8,Two-Year,5,E-Wallet,6,6.0,No
C05943,Male,39.0,103.61,Yearly,18,Bank Transfer,2,7.0,No
C05944,Female,38.0,22.8,Monthly,5,Credit Card,1,6.0,No
C05945,Female,,42.29,Monthly,9,Credit Card,1,8.0,No
C05946,Male,33.0,55.18,Monthly,18,Credit Card,1,8.0,No
C05947,Male,37.0,36.76,Two-Year,3,Bank Transfer,3,,No
C05948,Male,55.0,37.71,Monthly,20,Bank Transfer,1,5.0,No
C05949,Female,39.0,67.61,Monthly,22,Cash,0,5.0,No
C05950,Female,51.0,111.23,Two-Year,54,Credit Card,2,7.0,No
C05951,male,27.0,21.88,Monthly,8,Credit Card,2,8.0,No
C05952,Male,35.0,50.57,Monthly,6,Credit Card,3,2.0,No
C05953,Female,55.0,67.25,Yearly,15,E-Wallet,0,7.0,No
C05954,Female,29.0,77.56,Yearly,1,,3,10.0,No
C05955,Male,36.0,63.03,Yearly,1,E-Wallet,3,6.0,No
C05956,Female,41.0,120.62,Yearly,5,E-Wallet,3,6.0,No
C05957,Male,26.0,55.31,Monthly,16,Credit Card,3,8.0,No
C05958,Male,33.0,98.53,Monthly,2,Credit Card,4,8.0,No
C05959,Female,39.0,40.82,Monthly,13,Credit Card ,2,6.0,Yes
C05960,Female,38.0,56.04,Yearly,4,E-Wallet,0,7.0,No
C05961,Male,53.0,31.64,Monthly,13,Credit Card,1,1.0,No
C05962,Female,56.0,81.89,Monthly,8,Bank Transfer,5,7.0,Yes
C05963,Male,27.0,51.72,Monthly,2,Credit Card,3,7.0,Yes
C05964,Female,39.0,64.14,Monthly,4,Bank Transfer,2,10.0,No
C05965,Male,46.0,47.42,Monthly,3,Cash,1,10.0,No
C05966,Female,56.0,71.09,Yearly,3,Credit Card,0,6.0,No
C05967,Female,46.0,65.29,Monthly,8,Bank Transfer,5,9.0,No
C05968,Male,41.0,34.9,Monthly,38,Credit Card,2,5.0,No
C05969,Female,45.0,,Monthly,13,Cash,6,7.0,No
C05970,Female,46.0,53.92,Monthly,22,Credit Card,3,9.0,No
C05971,Female,26.0,73.46,Monthly,48,Bank Transfer,1,7.0,No
C05972,Male,40.0,126.25,Monthly,10,Credit Card,7,8.0,Yes
C05973,M,55.0,62.57,Two-Year,4,E-Wallet,2,7.0,Yes
C05974,male,35.0,85.92,Yearly,32,Credit Card,5,5.0,No
C05975,Male,39.0,26.42,Yearly,15,Bank Transfer,3,6.0,No
C05976,Female,35.0,135.07,Monthly,39,Credit Card,4,5.0,No
C05977,Male,18.0,71.7,Yearly,13,E-Wallet,2,6.0,No
C05978,Male,38.0,53.39,Yearly,18,Credit Card,2,9.0,No
C05979,Female,41.0,50.7,Two-Year,27,Credit Card,3,5.0,No
C05980,Female,31.0,33.17,Monthly,18,E-Wallet,2,4.0,No
C05981,Female,24.0,37.73,Monthly,10,E-Wallet,1,10.0,Yes
C05982,Male,27.0,128.98,Monthly,8,,1,6.0,No
C05983,Female,47.0,34.99,Two-Year,21,Credit Card,2,9.0,No
C05984,male,61.0,34.68,Monthly,18,Bank Transfer,3,9.0,No
C05985,Male,54.0,39.81,Monthly,6,E-Wallet,3,7.0,No
C05986,Male,21.0,31.84,Monthly,9,E-Wallet,3,8.0,No
C05987,Female,48.0,54.98,Yearly,13,Credit Card,3,6.0,No
C05988,Female,30.0,89.12,Two-Year,1,,2,4.0,Yes
C05989,Female,31.0,41.48,Yearly,4,Credit Card,3,7.0,No
C05990,Female,32.0,29.43,Yearly,4,,1,10.0,Yes
C05991,Male,46.0,,Monthly,26,Credit Card ,4,3.0,No
C05992,Female,49.0,53.24,Monthly,5,Cash,2,8.0,No
C05993,Male,36.0,85.73,Yearly,10,E-Wallet,3,6.0,No
C05994,Male,37.0,44.5,Yearly,22,E-Wallet,3,3.0,No
C05995,Male,43.0,48.57,Monthly,4,Credit Card,2,6.0,No
C05996,Female,44.0,,Monthly,2,E-Wallet,4,6.0,No
C05997,Male,52.0,56.83,Monthly,36,Credit Card,2,5.0,No
C05998,Female,22.0,,Monthly,15,Cash,1,6.0,No
C05999,Male,38.0,42.54,Monthly,3,Bank Transfer,4,6.0,No
C06000,Male,25.0,23.74,Monthly,21,Bank Transfer,2,2.0,No
C06001,Female,37.0,42.33,Two-Year,19,Credit Card,5,10.0,No
C06002,Male,35.0,75.33,Monthly,22,Bank Transfer,3,10.0,No
C06003,Female,37.0,80.05,Monthly,4,E-Wallet,4,10.0,No
C06004,Female,28.0,44.17,Monthly,8,Bank Transfer,3,7.0,No
C06005,Male,20.0,97.98,Yearly,15,Bank Transfer,5,7.0,No
C06006,Female,18.0,53.9,Monthly,6,Bank Transfer,1,9.0,No
C06007,Male,36.0,29.9,Monthly,1,E-Wallet,1,,No
C06008,Male,32.0,25.96,Monthly,2,E-Wallet,3,9.0,Yes
C06009,Female,29.0,94.46,Monthly,11,Credit Card,3,7.0,No
C06010,male,53.0,46.16,Monthly,6,Credit Card,2,7.0,Yes
C06011,Female,27.0,31.62,Monthly,1,E-Wallet,2,9.0,No
C06012,Female,55.0,19.75,Monthly,18,,3,6.0,Yes
C06013,Female,57.0,45.69,Monthly,7,Credit Card,3,7.0,No
C06014,male,18.0,65.51,Monthly,5,Credit Card,5,4.0,Yes
C06015,Male,39.0,39.89,Two-Year,16,Bank Transfer,3,,No
C06016,Female,33.0,33.99,Yearly,8,Credit Card,2,6.0,No
C06017,Male,18.0,42.64,Monthly,15,Bank Transfer,2,6.0,Yes
C06018,Female,20.0,95.53,Monthly,1,Cash,2,6.0,No
C06019,Female,47.0,29.17,Monthly,1,E-Wallet,1,7.0,No
C06020,Male,62.0,40.9,Monthly,10,E-Wallet,1,8.0,No
C06021,Male,48.0,94.15,Two-Year,49,Credit Card,5,6.0,No
C06022,Female,41.0,,Monthly,4,Credit Card,4,7.0,No
C06023,Female,37.0,59.18,Two-Year,14,Credit Card,0,7.0,No
C06024,Male,58.0,40.78,Two-Year,3,Cash,2,8.0,No
C06025,Male,,55.35,Monthly,5,E-Wallet,0,5.0,Yes
C06026,Male,30.0,42.86,Monthly,1,Credit Card,1,8.0,No
C06027,Female,18.0,37.09,Monthly,26,Bank Transfer,4,8.0,No
C06028,Male,18.0,33.58,Monthly,5,,6,5.0,No
C06029,Female,53.0,,Yearly,4,Bank Transfer,4,7.0,No
C06030,Male,37.0,53.13,Monthly,16,Credit Card,5,,No
C06031,Female,40.0,,Monthly,3,Credit Card,1,9.0,No
C06032,Male,18.0,58.45,Two-Year,4,,2,3.0,No
C06033,Female,28.0,66.58,Two-Year,2,Credit Card,1,5.0,Yes
C06034,FEMALE,34.0,48.69,Monthly,40,E-Wallet,1,8.0,No
C06035,Female,40.0,43.96,Yearly,4,Bank Transfer,5,8.0,No
C06036,Male,33.0,37.83,Monthly,66,Credit Card,3,,No
C06037,Female,25.0,28.9,Yearly,3,,4,,No
C06038,Female,28.0,32.95,Monthly,1,Credit Card,3,4.0,Yes
C06039,FEMALE,52.0,46.32,Two-Year,28,E-Wallet,2,9.0,No
C06040,Female,40.0,26.54,Monthly,11,Credit Card,3,8.0,No
C06041,Female,45.0,29.31,Monthly,6,Credit Card,1,5.0,Yes
C06042,Male,27.0,,Monthly,9,Credit Card,1,10.0,No
C06043,Male,18.0,60.39,Monthly,4,Bank Transfer,2,7.0,No
C06044,Male,31.0,44.55,Monthly,13,Cash,2,6.0,No
C06045,Female,27.0,151.75,Yearly,12,Credit Card,5,4.0,Yes
C06046,Female,42.0,26.0,Yearly,2,,0,8.0,Yes
C06047,Male,77.0,84.69,Yearly,29,Credit Card,1,7.0,No
C06048,Male,46.0,51.93,Yearly,8,Credit Card,4,6.0,No
C06049,Female,70.0,77.73,Two-Year,3,Credit Card,3,5.0,No
C06050,Female,44.0,57.34,Yearly,5,Credit Card,3,5.0,No
C06051,Male,30.0,23.51,Monthly,25,E-Wallet,4,3.0,No
C06052,Female,42.0,56.99,Yearly,6,Credit Card,4,9.0,No
C06053,Female,59.0,63.5,Monthly,10,E-Wallet,2,9.0,No
C06054,Male,59.0,20.36,Two-Year,36,Credit Card,1,,No
C06055,Female,31.0,130.95,Monthly,13,Credit Card,2,6.0,No
C06056,Male,41.0,62.81,Monthly,14,E-Wallet,4,7.0,No
C06057,Male,20.0,73.88,Monthly,4,E-Wallet,2,8.0,No
C06058,Male,47.0,32.31,Monthly,14,Credit Card,2,6.0,Yes
C06059,Female,56.0,74.5,Monthly,7,Credit Card,6,6.0,No
C06060,Female,,89.15,Two-Year,30,Credit Card,4,7.0,No
C06061,Male,29.0,61.2,Monthly,2, E-Wallet,3,7.0,No
C06062,FEMALE,42.0,,Monthly,5,Cash,5,8.0,No
C06063,Male,43.0,36.52,Monthly,1,Bank Transfer,3,4.0,No
C06064,Female,38.0,49.54,Monthly,6,Cash,2,4.0,No
C06065,Male,40.0,43.36,Monthly,2,Credit Card,5,6.0,No
C06066,Female,35.0,70.63,Monthly,23,Bank Transfer,3,3.0,Yes
C06067,male,49.0,37.25,Monthly,32,Credit Card,5,10.0,No
C06068,Male,46.0,70.39, Monthly ,14,E-Wallet,4,5.0,No
C06069,Male,26.0,37.43,Monthly,2,Credit Card,1,8.0,Yes
C06070,Male,25.0,48.52,Yearly,6,E-Wallet,1,10.0,No
C06071,Female,34.0,72.04,Monthly,41,Credit Card,4,7.0,No
C06072,Male,46.0,39.78,Monthly,2,Bank Transfer,1,5.0,No
C06073,Male,39.0,73.17,Monthly,10,Bank Transfer,2,7.0,No
C06074,Male,30.0,70.02,Monthly,6,E-Wallet,3,4.0,No
C06075,Male,41.0,48.33,Monthly,72,Credit Card,0,4.0,No
C06076,Male,34.0,92.09,Monthly,5,Bank Transfer,2,10.0,No
C06077,Male,48.0,56.54,Two-Year,1,Bank Transfer,3,3.0,No
C06078,Female,41.0,89.66,Monthly,15,Credit Card ,2,3.0,Yes
C06079,Female,34.0,122.37,Monthly,5,Bank Transfer,1,8.0,No
C06080,Male,40.0,48.98,Monthly,13,Cash,3,5.0,No
C06081,Male,53.0,72.98,Monthly,2,Cash,3,9.0,No
C06082,Female,31.0,40.98,Monthly,9,Credit Card,7,1.0,Yes
C06083,Male,42.0,34.3,Monthly,6,E-Wallet,1,6.0,No
C06084,Male,37.0,50.0,Two-Year,10,E-Wallet,4,4.0,Yes
C06085,M,43.0,29.57,Monthly,24,Credit Card,2,2.0,No
C06086,Male,30.0,35.8,Monthly,44,,5,4.0,No
C06087,Female,39.0,71.25,Yearly,17,Credit Card ,1,3.0,No
C06088,Male,51.0,43.33,Monthly,18,Bank Transfer,4,,No
C06089,Female,26.0,75.17,Monthly,10,Credit Card,0,5.0,Yes
C06090,Male,22.0,62.47,Monthly,2,E-Wallet,2,8.0,No
C06091,Male,22.0,125.59,Monthly,14,Credit Card,3,3.0,No
C06092,Female,23.0,69.13,Yearly,2,Credit Card,1,7.0,No
C06093,Male,45.0,90.14,Monthly,4,E-Wallet,2,8.0,Yes
C06094,Female,21.0,,Monthly,15,Credit Card,2,9.0,No
C06095,Male,34.0,62.81,Yearly,13,E-Wallet,4,8.0,No
C06096,Female,45.0,92.22,Monthly,5,Credit Card,1,7.0,No
C06097,Male,42.0,73.77,Monthly,18,Bank Transfer,1,5.0,No
C06098,Female,33.0,60.01,Monthly,34,Bank Transfer,3,9.0,No
C06099,Male,40.0,59.89,Yearly,10,E-Wallet,2,8.0,No
C06100,Female,39.0,69.56,Yearly,14,E-Wallet,1,6.0,No
C06101,Male,35.0,40.36,Monthly,4,E-Wallet,4,4.0,No
C06102,Female,35.0,39.6,Yearly,43,Bank Transfer,2,4.0,Yes
C06103,Male,64.0,103.69,Yearly,4,Credit Card,1,4.0,Yes
C06104,Female,47.0,126.34,Two-Year,27,Bank Transfer,1,5.0,No
C06105,FEMALE,67.0,35.95,Monthly,32,Credit Card,2,8.0,No
C06106,Male,,40.4,Yearly,16,Credit Card,2,8.0,No
C06107,Male,36.0,91.3,Monthly,21,Credit Card,3,5.0,Yes
C06108,Male,22.0,69.41,Yearly,8,Credit Card,4,6.0,No
C06109,Male,28.0,74.02,Monthly,31,Credit Card,0,5.0,No
C06110,Female,60.0,,Monthly,17, E-Wallet,4,4.0,Yes
C06111,Female,31.0,,Yearly,5,Bank Transfer,3,4.0,No
C06112,Male,61.0,63.34,Yearly,1,Credit Card,0,9.0,No
C06113,Female,23.0,61.16,Monthly,10,Credit Card,1,5.0,Yes
C06114,Female,25.0,37.1,Monthly,23,Bank Transfer,2,6.0,No
C06115,Male,33.0,62.92,Monthly,24,Credit Card,2,1.0,No
C06116,Female,37.0,95.29,Monthly,22,Credit Card,2,5.0,No
C06117,Female,49.0,46.98,Monthly,3,Bank Transfer,7,4.0,No
C06118,male,43.0,58.48,Monthly,7,Bank Transfer,4,8.0,No
C06119,Male,33.0,59.92,Monthly,12,Cash,4,8.0,No
C06120,Female,36.0,48.03,Monthly,14,Credit Card,4,8.0,Yes
C06121,Male,34.0,74.04,Monthly,5,Bank Transfer,2,3.0,No
C06122,Male,27.0,40.2,Two-Year,15,Credit Card,2,9.0,No
C06123,Male,27.0,99.45,Monthly,11,Credit Card,1,,No
C06124,Female,50.0,,Monthly,11,Credit Card,2,4.0,No
C06125,Female,18.0,35.82,Yearly,14,Bank Transfer,3,7.0,No
C06126,Female,57.0,117.23,Monthly,12,Credit Card,4,9.0,No
C06127,Male,33.0,58.89,Monthly,3,E-Wallet,6,7.0,No
C06128,Male,28.0,39.44,Monthly,25,E-Wallet,4,4.0,No
C06129,Male,46.0,89.75,Monthly,4,Credit Card,0,8.0,Yes
C06130,Male,55.0,68.21,Monthly,17,Credit Card,0,9.0,No
C06131,male,51.0,24.6,Monthly,3,Bank Transfer,4,4.0,No
C06132,Female,44.0,43.1,Two-Year,13,Credit Card,2,7.0,No
C06133,Female,51.0,61.9,Monthly,28,E-Wallet,1,6.0,Yes
C06134,Male,18.0,20.66,Yearly,1,Cash,7,7.0,No
C06135,Male,31.0,56.73,Monthly,47,Credit Card,4,4.0,No
C06136,Male,27.0,58.62,Monthly,1,E-Wallet,2,4.0,No
C06137,Male,52.0,32.05,Monthly,1,Bank Transfer,1,8.0,Yes
C06138,Female,33.0,61.67,Monthly,24,Bank Transfer,0,8.0,No
C06139,Female,48.0,54.78,Yearly,15,Credit Card,3,8.0,No
C06140,Female,44.0,,Monthly,2,Credit Card,1,8.0,No
C06141,Male,27.0,82.58,Monthly,34,,2,5.0,No
C06142,Male,30.0,79.6,Monthly,14,Bank Transfer,6,10.0,No
C06143,Male,53.0,47.92,Monthly,2,Cash,0,4.0,Yes
C06144,Female,28.0,49.93,Yearly,24,,0,8.0,No
C06145,Female,39.0,75.7,Yearly,8,Bank Transfer,5,7.0,No
C06146,Male,28.0,49.88,Yearly,4,Cash,1,7.0,No
C06147,Male,34.0,22.9,Monthly,21,Credit Card,1,9.0,Yes
C06148,Male,37.0,67.97,Monthly,17,Credit Card,6,9.0,No
C06149,Female,28.0,37.87,Monthly,12,Bank Transfer,4,8.0,No
C06150,Female,26.0,45.81,Monthly,28,Credit Card,0,6.0,No
C06151,Female,41.0,,Monthly,24,Cash,1,10.0,No
C06152,Female,27.0,51.4,Two-Year,4,Bank Transfer,2,,No
C06153,Male,28.0,54.64,Two-Year,26,Credit Card,1,7.0,No
C06154,Male,26.0,68.67,Two-Year,6,Credit Card,1,9.0,No
C06155,Male,37.0,68.54,Monthly,7,Bank Transfer,0,5.0,No
C06156,Male,49.0,36.1,Monthly,44,Credit Card,2,6.0,No
C06157,Female,56.0,53.14,Yearly,18,Credit Card,0,3.0,Yes
C06158,Female,29.0,55.49,Yearly,5, E-Wallet,1,8.0,No
C06159,Male,63.0,61.71,Yearly,13,Credit Card,1,9.0,No
C06160,Female,25.0,62.19,Monthly,10, E-Wallet,2,7.0,No
C06161,Male,51.0,174.92,Yearly,2,E-Wallet,5,6.0,Yes
C06162,Male,29.0,32.16,Monthly,27,Credit Card,3,8.0,No
C06163,Male,27.0,84.86,Monthly,21,Cash,3,10.0,No
C06164,Male,,92.99,Yearly,19,Credit Card,2,7.0,No
C06165,Male,37.0,68.15,Monthly,10,Bank Transfer,2,10.0,Yes
C06166,male,44.0,,Monthly,3,Credit Card,4,7.0,No
C06167,Male,46.0,115.48,Monthly,26,Credit Card,2,6.0,Yes
C06168,Female,26.0,20.36,Monthly,6,E-Wallet,6,8.0,No
C06169,Male,26.0,40.15,Monthly,1,Bank Transfer,1,8.0,No
C06170,Male,27.0,92.5,Monthly,49,Credit Card,1,6.0,No
C06171,Male,36.0,,Monthly,24,Credit Card,2,8.0,No
C06172,Female,35.0,111.99,Monthly,12,Credit Card,4,7.0,No
C06173,Male,26.0,27.65,Yearly,1,Bank Transfer,0,7.0,No
C06174,Female,41.0,33.1,Monthly,4,E-Wallet,3,4.0,Yes
C06175,Male,65.0,42.98,Yearly,8,Credit Card,3,8.0,Yes
C06176,Female,31.0,65.88,Monthly,12,Credit Card,2,8.0,Yes
C06177,Female,32.0,49.41,Monthly,15,E-Wallet,1,8.0,No
C06178,Male,44.0,43.79,Monthly,19,E-Wallet,1,8.0,No
C06179,Male,31.0,103.46, Monthly ,10,Credit Card,3,7.0,No
C06180,Male,46.0,,Yearly,13,Credit Card,6,,No
C06181,Female,29.0,45.31,Monthly,21,E-Wallet,1,7.0,No
C06182,Male,59.0,25.29,Two-Year,16,E-Wallet,1,7.0,No
C06183,Male,42.0,20.68,Monthly,38,Credit Card,1,7.0,Yes
C06184,Female,30.0,60.81,Two-Year,25,Credit Card,3,4.0,No
C06185,Male,30.0,73.35,Monthly,3,Cash,3,6.0,Yes
C06186,Female,31.0,56.17,Monthly,36,Bank Transfer,3,6.0,Yes
C06187,Female,54.0,52.88,Monthly,3,E-Wallet,6,,No
C06188,Male,22.0,38.01,Monthly,57,Credit Card,3,4.0,No
C06189,male,29.0,73.31,Monthly,15,E-Wallet,1,9.0,No
C06190,F,31.0,116.18,Monthly,12,Bank Transfer,5,,No
C06191,Female,37.0,20.13,Monthly,5,Credit Card,3,8.0,No
C06192,Female,34.0,52.73,Yearly,2,Credit Card,1,7.0,No
C06193,Female,20.0,35.28,Yearly,2,Credit Card,4,7.0,No
C06194,Female,33.0,27.92,Monthly,25,E-Wallet,2,5.0,Yes
C06195,Female,36.0,32.84,Monthly,7,E-Wallet,2,,No
C06196,Male,30.0,64.77,Monthly,10,Bank Transfer,7,7.0,Yes
C06197,Male,46.0,65.51,Yearly,33,Bank Transfer,2,5.0,No
C06198,Female,49.0,105.33,Monthly,4,Bank Transfer,1,8.0,No
C06199,Male,37.0,54.81,Monthly,18,Credit Card,3,8.0,No
C06200,Male,40.0,24.75,Monthly,8,Credit Card,8,7.0,No
C06201,Female,18.0,49.05,Monthly,3,Credit Card,1,3.0,No
C06202,Male,32.0,29.26,Monthly,24,Credit Card,2,8.0,Yes
C06203,Female,50.0,31.72,Monthly,14,Cash,3,8.0,No
C06204,Female,32.0,70.9,Monthly,2, E-Wallet,0,3.0,No
C06205,Male,29.0,59.58,Monthly,10,Bank Transfer,0,8.0,No
C06206,Female,65.0,71.12,Monthly,23,E-Wallet,5,,No
C06207,Male,59.0,46.48,Monthly,1,Bank Transfer,2,8.0,No
C06208,Male,43.0,77.92,Monthly,7,Bank Transfer,1,10.0,No
C06209,Male,51.0,,Monthly,20, E-Wallet,2,4.0,Yes
C06210,Male,18.0,90.24,Monthly,24,Credit Card,1,6.0,No
C06211,male,28.0,,Monthly,18,Bank Transfer,4,7.0,No
C06212,Male,32.0,,Monthly,5,,4,5.0,No
C06213,Male,35.0,60.07,Monthly,9,Credit Card,6,10.0,No
C06214,Male,32.0,54.16,Yearly,17,Bank Transfer,2,3.0,No
C06215,Female,18.0,111.97,Monthly,2,E-Wallet,2,9.0,Yes
C06216,Female,42.0,,Monthly,11,,1,5.0,Yes
C06217,Male,44.0,54.56,Monthly,16,Credit Card,2,6.0,No
C06218,Male,57.0,49.04,Monthly,23,,0,8.0,Yes
C06219,Male,28.0,79.79,Two-Year,2,E-Wallet,1,8.0,No
C06220,Male,27.0,75.08,Yearly,5,E-Wallet,2,9.0,No
C06221,Female,18.0,48.27,Monthly,10,Credit Card,1,8.0,No
C06222,Female,34.0,32.46,Monthly,15,E-Wallet,0,,No
C06223,Male,48.0,36.38,Yearly,16,Bank Transfer,3,4.0,No
C06224,Male,30.0,50.26,Yearly,4,Bank Transfer,0,7.0,No
C06225,Male,63.0,100.18,Monthly,1,Credit Card,2,4.0,No
C06226,Female,34.0,48.78,Monthly,15,Credit Card,2,,No
C06227,Male,39.0,41.79,Yearly,29,Cash,3,6.0,Yes
C06228,Female,21.0,24.72,Yearly,20,Cash,0,7.0,No
C06229,Female,41.0,107.89,Monthly,12,Bank Transfer,1,6.0,Yes
C06230,Male,18.0,70.53,Monthly,46,Bank Transfer,5,5.0,No
C06231,Female,46.0,78.12,Monthly,7,Credit Card,1,9.0,No
C06232,Female,46.0,84.16,Monthly,9,Cash,2,6.0,No
C06233,Female,54.0,50.7,Monthly,1,E-Wallet,0,4.0,Yes
C06234,Male,25.0,56.72,Monthly,36,,6,,No
C06235,Male,39.0,106.68,Yearly,11,E-Wallet,2,5.0,No
C06236,Female,44.0,59.19,Monthly,6,Credit Card,2,3.0,No
C06237,Female,43.0,71.12,Monthly,1,Credit Card,3,7.0,No
C06238,Female,27.0,80.78,Yearly,6,E-Wallet,2,7.0,No
C06239,Female,18.0,72.92,Monthly,1, E-Wallet,5,2.0,No
C06240,Female,,,Yearly,5,Bank Transfer,3,8.0,No
C06241,Female,36.0,53.77,Yearly,37,,3,5.0,No
C06242,Male,31.0,77.47,Monthly,3,Credit Card,1,6.0,No
C06243,Female,47.0,77.42,Monthly,10,Credit Card,3,,Yes
C06244,Female,37.0,92.36,Yearly,3,Bank Transfer,5,9.0,Yes
C06245,Female,22.0,69.96,Monthly,19,Credit Card,2,7.0,No
C06246,Female,18.0,71.41,Monthly,10,,3,7.0,Yes
C06247,Male,24.0,44.67,Yearly,3,Bank Transfer,1,4.0,Yes
C06248,Female,66.0,42.03,Monthly,25,Cash,1,7.0,No
C06249,Female,46.0,77.58,Monthly,19,Credit Card,2,9.0,No
C06250,Male,40.0,42.17,Monthly,37,,5,8.0,No
C06251,Male,35.0,54.09,Monthly,1,Cash,2,5.0,Yes
C06252,Male,35.0,101.55,Monthly,8,Credit Card,1,9.0,No
C06253,Male,52.0,94.56,Monthly,72,E-Wallet,2,,No
C06254,Male,32.0,62.54,Monthly,21,Credit Card,0,9.0,No
C06255,Male,44.0,47.79,Monthly,22,E-Wallet,1,2.0,No
C06256,Female,33.0,51.65,Yearly,12, E-Wallet,2,2.0,No
C06257,Female,61.0,80.68,Monthly,15,Cash,1,5.0,No
C06258,Female,46.0,53.71,Monthly,20,Credit Card,0,6.0,No
C06259,Female,52.0,42.47,Monthly,2,E-Wallet,3,,Yes
C06260,Male,30.0,94.36,Yearly,15,E-Wallet,1,8.0,No
C06261,Male,50.0,59.25, Monthly ,21,E-Wallet,4,10.0,No
C06262,Female,34.0,,Monthly,1,Credit Card,5,6.0,No
C06263,Male,39.0,67.73,Two-Year,5,Credit Card,4,7.0,No
C06264,Female,57.0,84.53,Yearly,5,Credit Card,0,6.0,No
C06265,Female,25.0,34.69,Monthly,24,Credit Card,1,8.0,No
C06266,Male,40.0,49.89,Yearly,19,E-Wallet,2,7.0,No
C06267,Female,,48.86,Two-Year,13,Credit Card,4,6.0,No
C06268,Male,44.0,66.92,Yearly,20,E-Wallet,6,7.0,No
C06269,Male,32.0,72.56,Monthly,8,Bank Transfer,1,4.0,Yes
C06270,Female,63.0,42.6,Monthly,25,Credit Card,0,4.0,No
C06271,Male,22.0,27.89,Monthly,4,Credit Card,3,,No
C06272,Female,55.0,86.86,Monthly,15,Credit Card,1,7.0,No
C06273,Male,52.0,32.98,Monthly,4,Bank Transfer,4,5.0,Yes
C06274,Female,60.0,61.68,Monthly,1,Bank Transfer,1,8.0,Yes
C06275,Female,18.0,51.45,Monthly,5,Bank Transfer,2,4.0,Yes
C06276,Female,27.0,58.74,Monthly,9,Cash,3,7.0,No
C06277,Male,55.0,114.78,Monthly,23,Credit Card,3,7.0,No
C06278,Male,18.0,214.27,Monthly,9,E-Wallet,3,9.0,No
C06279,Female,18.0,26.18,Monthly,3,,3,7.0,No
C06280,Male,32.0,85.01,Monthly,60,Credit Card,4,7.0,No
C06281,Female,40.0,50.89,Two-Year,4,Cash,1,10.0,No
C06282,Female,57.0,87.49,Yearly,51,Cash,2,8.0,No
C06283,Female,35.0,84.0,Monthly,34,Credit Card,4,5.0,No
C06284,Female,30.0,102.96,Monthly,10,Bank Transfer,2,7.0,No
C06285,Male,41.0,62.07,Monthly,2,E-Wallet,2,8.0,No
C06286,male,43.0,36.59,Monthly,15,Bank Transfer,3,5.0,No
C06287,Female,43.0,82.88,Monthly,23,E-Wallet,2,8.0,No
C06288,Male,35.0,57.58,Monthly,8,,1,3.0,No
C06289,Female,18.0,49.14,Monthly,4,Credit Card,3,7.0,No
C06290,male,,44.07,Monthly,20,Credit Card,2,6.0,Yes
C06291,Male,55.0,85.87,Monthly,10,Bank Transfer,1,6.0,No
C06292,Male,40.0,112.34,Yearly,3,E-Wallet,0,4.0,No
C06293,Female,,31.88,Yearly,36,Bank Transfer,1,8.0,No
C06294,Male,51.0,72.23,Monthly,36,Bank Transfer,1,8.0,No
C06295,Female,24.0,46.17,Yearly,6,Credit Card,4,6.0,No
C06296,Female,35.0,28.21,Two-Year,1,Credit Card,3,6.0,Yes
C06297,male,39.0,58.35,Yearly,12,E-Wallet,1,7.0,No
C06298,Male,32.0,37.53, Monthly ,5,Bank Transfer,3,4.0,No
C06299,Female,39.0,4842.0,Two-Year,1,Cash,3,10.0,No
C06300,Male,35.0,38.41,Monthly,27,Bank Transfer,1,7.0,No
C06301,Female,21.0,34.38,Monthly,72,Bank Transfer,4,3.0,No
C06302,Male,40.0,40.81,Two-Year,6,Cash,2,10.0,No
C06303,Male,22.0,30.06,Monthly,17,Credit Card,6,7.0,No
C06304,Female,39.0,45.7,Yearly,1,Credit Card,1,8.0,No
C06305,Male,54.0,39.61,Yearly,6,Bank Transfer,3,7.0,No
C06306,Male,34.0,64.65,Monthly,2,Bank Transfer,3,7.0,No
C06307,Male,23.0,71.31,Monthly,1,Bank Transfer,1,5.0,No
C06308,Male,36.0,61.38,Monthly,11,Credit Card,3,10.0,No
C06309,Female,28.0,49.11,Monthly,20,Cash,0,,No
C06310,Female,45.0,48.52,Monthly,8,E-Wallet,2,5.0,No
C06311,Male,36.0,37.46,Monthly,9,Credit Card,0,6.0,No
C06312,Female,58.0,37.87,Monthly,4,,0,6.0,Yes
C06313,Female,,74.94,Monthly,16,E-Wallet,0,6.0,Yes
C06314,Male,36.0,24.73,Monthly,6,Credit Card,1,7.0,No
C06315,Male,46.0,52.65,Yearly,1,Bank Transfer,2,5.0,No
C06316,Female,,47.2,Yearly,3,Credit Card,4,7.0,No
C06317,Female,38.0,71.49,Monthly,2,Credit Card,4,8.0,No
C06318,Female,,28.75,Monthly,7,Bank Transfer,2,4.0,No
C06319,Female,47.0,54.91,Two-Year,1,E-Wallet,3,10.0,No
C06320,Male,55.0,63.71,Monthly,20,Credit Card,3,2.0,Yes
C06321,Female,47.0,23.17,Monthly,29,Cash,2,6.0,No
C06322,Male,49.0,33.67,Monthly,4,Credit Card,1,6.0,No
C06323,Female,49.0,52.39,Monthly,8, E-Wallet,1,7.0,No
C06324,Male,44.0,68.81,Monthly,9,Credit Card,1,6.0,No
C06325,Male,24.0,59.27,Monthly,51,E-Wallet,3,5.0,Yes
C06326,Male,58.0,70.26,Monthly,1,Cash,3,7.0,No
C06327,FEMALE,59.0,33.59,Monthly,14,Credit Card,4,8.0,No
C06328,Male,35.0,26.71,Monthly,6,Bank Transfer,2,7.0,No
C06329,Male,33.0,,Monthly,9,Credit Card,2,6.0,No
C06330,Male,45.0,31.4,Monthly,3,E-Wallet,2,10.0,No
C06331,Male,44.0,36.99,Monthly,3,,0,10.0,No
C06332,Female,35.0,83.06,Yearly,4,Credit Card,2,4.0,No
C06333,Female,22.0,59.45,Monthly,1,Credit Card,0,10.0,No
C06334,Male,41.0,42.28,Monthly,4,Credit Card,3,9.0,No
C06335,Male,44.0,39.88,Monthly,15,Credit Card,2,9.0,No
C06336,Female,46.0,72.2,Yearly,13,Credit Card,3,3.0,Yes
C06337,Male,42.0,60.06,Yearly,10,Credit Card,1,7.0,No
C06338,Male,34.0,31.61,Monthly,1,Credit Card,4,10.0,Yes
C06339,Male,,22.73,Monthly,2,Cash,2,4.0,Yes
C06340,Male,38.0,127.33,Monthly,23,Credit Card ,2,8.0,No
C06341,Male,32.0,31.5,Monthly,4,Credit Card,0,5.0,No
C06342,Female,35.0,,Yearly,30,Credit Card,4,10.0,No
C06343,Female,18.0,107.75,Monthly,25,Cash,0,10.0,No
C06344,Female,35.0,58.35,Monthly,3,E-Wallet,3,8.0,Yes
C06345,Male,46.0,41.67,Monthly,28,Credit Card,2,,Yes
C06346,Male,42.0,,Monthly,12,E-Wallet,5,6.0,Yes
C06347,Male,56.0,28.56,Monthly,12, E-Wallet,6,6.0,No
C06348,Female,34.0,64.68,Monthly,23,Cash,2,6.0,Yes
C06349,Female,43.0,104.89,Monthly,7,,2,6.0,No
C06350,Female,47.0,,Monthly,16,Credit Card,4,9.0,No
C06351,Male,66.0,42.52,Monthly,14,Bank Transfer,3,5.0,Yes
C06352,Male,39.0,74.73,Monthly,18,E-Wallet,3,8.0,No
C06353,Male,25.0,40.1,Monthly,13,Cash,4,10.0,No
C06354,Female,48.0,61.78,Monthly,2,Credit Card,3,7.0,Yes
C06355,Female,60.0,55.63,Yearly,5,Credit Card,1,8.0,No
C06356,Female,34.0,45.41,Monthly,34,Bank Transfer,0,3.0,No
C06357,Female,48.0,54.22,Monthly,4,Bank Transfer,6,7.0,No
C06358,Male,52.0,120.71,Yearly,8,Bank Transfer,2,6.0,No
C06359,Female,50.0,71.67,Yearly,6,Credit Card,1,9.0,No
C06360,Female,39.0,89.27,Yearly,2,Cash,3,10.0,Yes
C06361,Male,29.0,36.11,Monthly,3,,3,7.0,No
C06362,Male,37.0,89.4,Monthly,5,E-Wallet,2,5.0,No
C06363,Male,43.0,72.79,Monthly,8,Bank Transfer,2,5.0,No
C06364,Male,48.0,27.8,Monthly,25,E-Wallet,4,3.0,No
C06365,Male,42.0,69.61,Monthly,9,Credit Card,3,6.0,No
C06366,Female,33.0,43.34,Yearly,13,Credit Card,2,5.0,No
C06367,Male,44.0,27.23,Monthly,7,Cash,5,9.0,No
C06368,Male,48.0,57.88,Monthly,25,Bank Transfer,1,10.0,No
C06369,Male,42.0,69.59,Monthly,14,Credit Card,0,10.0,No
C06370,Female,27.0,58.45,Monthly,2,Cash,5,5.0,No
C06371,Female,35.0,51.98,Yearly,8,Cash,1,5.0,No
C06372,Male,49.0,47.05,Monthly,22,E-Wallet,3,5.0,Yes
C06373,Female,21.0,165.66,Monthly,16,Credit Card,3,10.0,No
C06374,Female,18.0,32.07,Monthly,29,Credit Card,2,8.0,Yes
C06375,Male,56.0,80.87,Yearly,4,Bank Transfer,3,10.0,No
C06376,Male,,54.98,Yearly,46,Bank Transfer,3,7.0,Yes
C06377,Female,45.0,,Monthly,5,,2,9.0,No
C06378,Female,25.0,53.42,Monthly,1,Cash,2,6.0,No
C06379,Female,46.0,29.17,Monthly,9,Cash,1,7.0,No
C06380,Female,41.0,41.76,Two-Year,2,Credit Card,3,5.0,Yes
C06381,Female,18.0,53.46,Monthly,14,E-Wallet,3,7.0,No
C06382,Female,55.0,27.17,Monthly,28,E-Wallet,4,5.0,No
C06383,Male,39.0,68.57,Monthly,31,Credit Card,0,8.0,No
C06384,Male,33.0,35.39,Yearly,12,Credit Card,2,7.0,No
C06385,Male,33.0,28.41, Monthly ,10,E-Wallet,4,7.0,Yes
C06386,Female,18.0,33.58,Monthly,62,Credit Card,0,9.0,No
C06387,Female,45.0,145.36,Monthly,11,Cash,3,7.0,No
C06388,Female,41.0,22.42,Monthly,32,Credit Card,6,6.0,No
C06389,Male,35.0,66.44,Monthly,30,,0,5.0,No
C06390,Female,53.0,38.93,Monthly,5,Cash,3,6.0,Yes
C06391,Male,21.0,46.64,Yearly,1,Cash,4,5.0,No
C06392,Male,30.0,71.65,Yearly,7,E-Wallet,1,9.0,No
C06393,Female,-5.0,70.08,Two-Year,24,E-Wallet,3,7.0,No
C06394,Female,34.0,40.19,Monthly,22,Cash,1,,No
C06395,Female,38.0,29.64,Monthly,12,Cash,4,7.0,No
C06396,Male,43.0,72.24,Yearly,3,Bank Transfer,0,8.0,No
C06397,Male,33.0,70.01,Monthly,2,E-Wallet,2,7.0,Yes
C06398,Male,27.0,48.03,Monthly,38,Bank Transfer,3,6.0,No
C06399,Male,58.0,66.61,Monthly,7,Bank Transfer,0,9.0,Yes
C06400,Female,66.0,44.67,Two-Year,13,E-Wallet,3,6.0,No
C06401,Female,39.0,37.63,Yearly,29,E-Wallet,2,7.0,No
C06402,Female,28.0,54.7,Monthly,25,E-Wallet,0,9.0,No
C06403,Male,55.0,68.96,Monthly,11,Credit Card,0,3.0,No
C06404,Female,20.0,62.75,Yearly,9,Bank Transfer,2,7.0,No
C06405,Male,33.0,68.66,Yearly,16,Credit Card,3,10.0,No
C06406,Female,29.0,38.77,Monthly,6,Bank Transfer,4,10.0,Yes
C06407,Male,24.0,111.26,Monthly,12,Bank Transfer,1,8.0,No
C06408,Male,34.0,46.8,Monthly,1,E-Wallet,4,5.0,Yes
C06409,Male,27.0,51.75,Monthly,21,Credit Card,4,9.0,No
C06410,Female,38.0,30.16,Two-Year,72,Credit Card,3,5.0,No
C06411,Male,38.0,,Monthly,38,Cash,4,8.0,No
C06412,FEMALE,30.0,69.37,Monthly,6,Cash,4,,No
C06413,Female,33.0,76.95,Monthly,10,Credit Card,4,10.0,No
C06414,Male,35.0,110.26,Monthly,4,Credit Card,1,8.0,No
C06415,Male,47.0,69.0,Monthly,5,Credit Card,2,8.0,Yes
C06416,Male,36.0,61.84,Yearly,8,E-Wallet,0,6.0,No
C06417,Male,47.0,44.66,Monthly,17,E-Wallet,3,5.0,Yes
C06418,Female,,40.54,Monthly,1,Bank Transfer,2,5.0,Yes
C06419,Female,44.0,84.49,Monthly,7,E-Wallet,1,7.0,No
C06420,Male,54.0,83.76,Yearly,10,Bank Transfer,2,9.0,No
C06421,Female,24.0,33.63,Yearly,3,Credit Card,3,3.0,No
C06422,Male,32.0,75.6,Monthly,1,E-Wallet,1,8.0,No
C06423,Male,59.0,, Monthly ,10,E-Wallet,1,9.0,No
C06424,Male,34.0,,Monthly,13,E-Wallet,3,,No
C06425,Male,18.0,69.63,Monthly,13,Cash,5,1.0,Yes
C06426,Male,35.0,,Monthly,6,E-Wallet,1,6.0,No
C06427,Female,,18.3,Yearly,4,Credit Card,1,6.0,Yes
C06428,Female,18.0,50.8,Monthly,3,Credit Card,1,6.0,No
C06429,Male,54.0,61.31,Two-Year,1,E-Wallet,3,4.0,No
C06430,Female,29.0,,Monthly,3,Credit Card,2,6.0,No
C06431,Female,41.0,,Monthly,21,Credit Card,3,9.0,No
C06432,Female,35.0,64.75,Monthly,1,Credit Card,2,2.0,No
C06433,Female,22.0,58.34,Monthly,1,Cash,1,6.0,Yes
C06434,Male,25.0,66.24,Monthly,2,Credit Card,2,6.0,No
C06435,Female,26.0,44.76,Yearly,7,Credit Card,2,7.0,No
C06436,Female,,82.95,Monthly,5,Cash,2,8.0,Yes
C06437,Female,36.0,64.23,Monthly,3,,6,6.0,Yes
C06438,Male,31.0,62.92,Yearly,2,Credit Card,2,10.0,No
C06439,Male,,41.23,Two-Year,34,E-Wallet,4,5.0,No
C06440,Female,52.0,27.01,Monthly,30,Credit Card,6,10.0,No
C06441,Male,55.0,43.57,Yearly,18,E-Wallet,0,6.0,No
C06442,Male,52.0,62.0,Monthly,4,,4,4.0,No
C06443,Female,43.0,44.7,Monthly,5,Credit Card,2,4.0,No
C06444,Male,41.0,,Monthly,14,E-Wallet,2,8.0,No
C06445,Female,23.0,49.18,Two-Year,5,Bank Transfer,6,5.0,No
C06446,Female,35.0,66.27,Monthly,10,Bank Transfer,0,7.0,No
C06447,Female,29.0,35.18,Monthly,13,E-Wallet,4,8.0,No
C06448,Male,18.0,59.55,Monthly,9,Credit Card,0,5.0,No
C06449,Male,50.0,40.92,Monthly,7,Credit Card,3,8.0,No
C06450,Female,29.0,27.32,Monthly,6,Cash,3,4.0,No
C06451,Female,52.0,50.69,Monthly,19,Bank Transfer,0,5.0,Yes
C06452,Female,48.0,109.0,Monthly,17,Bank Transfer,1,8.0,No
C06453,Male,44.0,28.32,Monthly,15,Credit Card,2,8.0,No
C06454,Male,45.0,57.61,Monthly,6,Bank Transfer,1,7.0,No
C06455,Female,30.0,,Monthly,18,Bank Transfer,1,6.0,No
C06456,Male,60.0,153.7,Monthly,38,Credit Card,5,7.0,Yes
C06457,Female,38.0,43.74,Monthly,15,Credit Card,7,8.0,No
C06458,Male,41.0,41.08,Yearly,7,Bank Transfer,3,6.0,No
C06459,Male,30.0,32.3,Monthly,20,Credit Card,3,5.0,No
C06460,Male,26.0,91.22,Monthly,12,Bank Transfer,2,6.0,No
C06461,Male,43.0,36.95,Yearly,26, E-Wallet,3,9.0,No
C06462,Female,40.0,46.21,Monthly,15,Credit Card,3,5.0,No
C06463,Female,28.0,23.76,Monthly,18,,3,8.0,No
C06464,Male,20.0,81.27,Two-Year,14,Credit Card,3,10.0,Yes
C06465,Female,22.0,91.95,Monthly,2,Cash,4,6.0,No
C06466,Male,52.0,79.89,Monthly,8,Credit Card ,2,10.0,No
C06467,Female,30.0,26.51,Two-Year,1,E-Wallet,1,1.0,Yes
C06468,Male,33.0,71.75,Monthly,8,Credit Card,6,5.0,No
C06469,Female,55.0,25.72,Monthly,16,Cash,2,8.0,No
C06470,Female,24.0,56.04,Monthly,7,Cash,1,4.0,Yes
C06471,Female,29.0,59.88,Monthly,1,Bank Transfer,2,8.0,No
C06472,Female,28.0,62.78,Monthly,6,Bank Transfer,2,7.0,No
C06473,Female,57.0,69.45,Monthly,1,Credit Card,4,9.0,No
C06474,Female,,54.4,Yearly,19,Credit Card,3,4.0,No
C06475,Female,47.0,22.58,Two-Year,19,Bank Transfer,4,8.0,No
C06476,Female,,69.46,Monthly,20,Bank Transfer,4,,No
C06477,Male,31.0,57.05,Yearly,1,,1,9.0,No
C06478,Male,61.0,36.37,Monthly,1,Credit Card,1,5.0,No
C06479,male,41.0,26.94,Monthly,29,,0,6.0,No
C06480,Male,48.0,109.18,Two-Year,2,Bank Transfer,2,9.0,No
C06481,Female,36.0,95.02,Monthly,14,Bank Transfer,3,7.0,No
C06482,M,34.0,75.01,Monthly,20,E-Wallet,0,,No
C06483,Female,57.0,, Monthly ,8,Bank Transfer,2,7.0,No
C06484,Male,44.0,17.59,Monthly,10,Credit Card,1,9.0,No
C06485,Male,55.0,77.02,Monthly,4,Bank Transfer,1,6.0,No
C06486,Male,41.0,64.39,Monthly,31,Credit Card,2,5.0,No
C06487,Female,27.0,,Yearly,5,E-Wallet,1,5.0,No
C06488,Male,,90.57,Monthly,3,Credit Card,2,3.0,Yes
C06489,Male,39.0,79.97,Monthly,9,,4,7.0,No
C06490,Female,30.0,59.1,Monthly,3,Bank Transfer,1,6.0,No
C06491,Female,24.0,55.47,Monthly,14,E-Wallet,5,6.0,Yes
C06492,male,52.0,55.86,Two-Year,9,E-Wallet,1,3.0,No
C06493,Male,31.0,74.14,Two-Year,2,,2,,No
C06494,Male,39.0,37.12, Monthly ,1,Bank Transfer,1,6.0,No
C06495,Female,41.0,66.13,Monthly,2,,2,8.0,No
C06496,M,30.0,36.08,Yearly,2,E-Wallet,1,7.0,No
C06497,M,55.0,99.63,Monthly,5,Credit Card,2,6.0,No
C06498,Male,24.0,69.37,Monthly,22,E-Wallet,2,8.0,No
C06499,F,,40.06,Monthly,1,Cash,2,6.0,No
C06500,Female,40.0,,Yearly,2,Cash,3,8.0,No
C06501,Male,37.0,37.18,Monthly,5,E-Wallet,3,8.0,No
C06502,Male,22.0,107.43,Monthly,10,Credit Card,0,6.0,Yes
C06503,Male,48.0,113.33,Monthly,18,Bank Transfer,4,6.0,No
C06504,Male,46.0,74.69,Monthly,31,Credit Card,2,9.0,No
C06505,Male,29.0,,Yearly,7,Credit Card,1,6.0,No
C06506,Female,46.0,58.46,Monthly,2,Credit Card,3,4.0,Yes
C06507,Female,42.0,76.98,Monthly,3,Bank Transfer,2,7.0,Yes
C06508,Female,22.0,94.74,Monthly,5,Bank Transfer,2,9.0,No
C06509,Female,27.0,54.46,Yearly,19,Cash,5,6.0,Yes
C06510,Female,51.0,56.37,Monthly,14,Bank Transfer,3,5.0,No
C06511,Male,41.0,83.11,Monthly,3,Bank Transfer,1,8.0,No
C06512,Female,31.0,73.03,Monthly,22,Bank Transfer,2,7.0,No
C06513,Female,27.0,38.86,Monthly,24,E-Wallet,3,6.0,No
C06514,Female,31.0,20.41,Yearly,26,Cash,1,7.0,No
C06515,Male,32.0,50.45,Two-Year,4,Bank Transfer,1,6.0,No
C06516,Male,27.0,21.25,Monthly,2,Credit Card,3,10.0,Yes
C06517,Female,18.0,34.95,Monthly,2,Credit Card,2,7.0,No
C06518,Female,51.0,36.84,Monthly,7,E-Wallet,5,9.0,No
C06519,Female,49.0,42.27,Monthly,7,Credit Card,5,6.0,Yes
C06520,Male,22.0,78.98,Monthly,25,E-Wallet,2,9.0,No
C06521,Male,39.0,87.09,Monthly,4,E-Wallet,2,6.0,Yes
C06522,Male,27.0,68.64,Yearly,12,E-Wallet,0,8.0,No
C06523,Female,34.0,,Yearly,19,E-Wallet,2,8.0,No
C06524,Male,33.0,73.35,Yearly,4,E-Wallet,2,7.0,No
C06525,Male,32.0,17.75,Monthly,4,Bank Transfer,5,6.0,No
C06526,Female,,54.85,Yearly,14,Credit Card,5,5.0,No
C06527,Male,32.0,24.33,Monthly,16,Bank Transfer,3,5.0,No
C06528,Female,28.0,68.66,Monthly,39,Bank Transfer,2,2.0,No
C06529,Male,28.0,21.29,Yearly,23,Cash,1,8.0,No
C06530,Female,50.0,50.34,Two-Year,21,E-Wallet,1,6.0,No
C06531,Female,18.0,69.86,Yearly,15,Bank Transfer,2,8.0,Yes
C06532,Female,28.0,33.02,Yearly,2,Bank Transfer,3,5.0,No
C06533,Female,55.0,84.16,Yearly,20,Credit Card,0,7.0,No
C06534,Male,40.0,68.58,Monthly,33,Bank Transfer,7,7.0,No
C06535,Male,40.0,64.8,Yearly,6, E-Wallet,4,6.0,No
C06536,male,63.0,74.75,Monthly,5,Credit Card,3,9.0,No
C06537,Female,40.0,46.45,Monthly,9,Credit Card,4,8.0,No
C06538,Female,29.0,58.46,Yearly,38,Bank Transfer,3,6.0,No
C06539,Male,34.0,54.85,Two-Year,1,E-Wallet,3,9.0,No
C06540,Female,24.0,,Monthly,15,E-Wallet,2,9.0,No
C06541,Male,53.0,40.35,Yearly,21,Credit Card,2,9.0,No
C06542,Female,44.0,31.21,Monthly,19,Credit Card,1,9.0,No
C06543,Female,51.0,,Two-Year,11,Bank Transfer,2,,No
C06544,Male,52.0,45.77,Monthly,31,Credit Card,2,9.0,Yes
C06545,Male,33.0,,Monthly,2,Credit Card,4,6.0,No
C06546,Male,26.0,80.11,Yearly,4,Bank Transfer,4,6.0,No
C06547,Female,37.0,,Yearly,5,Credit Card,1,,Yes
C06548,Male,-5.0,50.54,Yearly,1,Credit Card,4,6.0,Yes
C06549,Male,39.0,92.28,Two-Year,6,Bank Transfer,2,7.0,No
C06550,Male,51.0,82.2,Monthly,3,Bank Transfer,2,7.0,No
C06551,Male,35.0,94.38,Monthly,16,E-Wallet,2,6.0,No
C06552,Female,39.0,41.85,Yearly,7,Credit Card,1,10.0,No
C06553,Female,36.0,77.71,Two-Year,15,Credit Card,3,9.0,No
C06554,Male,47.0,33.84,Monthly,5,Credit Card,3,9.0,No
C06555,Female,150.0,48.22,Monthly,2,Credit Card,1,5.0,No
C06556,Female,18.0,50.31,Monthly,2,Credit Card,2,7.0,No
C06557,male,43.0,42.13,Monthly,3,Credit Card,2,7.0,No
C06558,Male,49.0,46.39,Yearly,2,Bank Transfer,1,7.0,No
C06559,Female,43.0,43.73,Monthly,3,E-Wallet,2,4.0,No
C06560,Female,30.0,35.09,Monthly,11,Credit Card,1,7.0,No
C06561,Male,24.0,80.27,Yearly,4,Credit Card,5,5.0,No
C06562,Male,43.0,50.29,Monthly,6,Bank Transfer,0,8.0,No
C06563,Male,39.0,59.78,Yearly,1,E-Wallet,5,6.0,No
C06564,Female,36.0,58.77,Monthly,27,Credit Card,2,4.0,No
C06565,Male,59.0,55.96,Monthly,2,Credit Card,1,7.0,Yes
C06566,Male,26.0,56.93,Monthly,6,Bank Transfer,1,5.0,No
C06567,Female,59.0,47.59,Monthly,6,Credit Card,3,9.0,No
C06568,Female,,103.37,Monthly,18,Bank Transfer,4,5.0,No
C06569,Male,18.0,76.89,Yearly,8,E-Wallet,0,4.0,No
C06570,Male,35.0,55.05,Monthly,6,E-Wallet,2,6.0,No
C06571,Female,49.0,44.65,Monthly,15,Credit Card,3,8.0,No
C06572,Male,33.0,51.76,Yearly,11,E-Wallet,1,1.0,No
C06573,Male,20.0,65.89,Monthly,1,Cash,3,9.0,No
C06574,Female,,107.23,Two-Year,5,Credit Card,3,4.0,No
C06575,Male,27.0,29.43,Monthly,47,Credit Card,5,9.0,No
C06576,Female,43.0,73.47,Monthly,8,E-Wallet,0,,No
C06577,Female,47.0,90.65,Monthly,7,E-Wallet,3,5.0,No
C06578,Male,25.0,27.97,Monthly,2,Bank Transfer,5,6.0,No
C06579,Male,29.0,50.32,Monthly,22,Cash,0,10.0,No
C06580,Female,47.0,33.82,Monthly,2,Credit Card,1,10.0,No
C06581,Female,27.0,66.27,Monthly,2,Bank Transfer,2,5.0,Yes
C06582,Female,25.0,46.47,Yearly,7,,0,4.0,No
C06583,Female,23.0,51.49,Yearly,7,Credit Card,3,10.0,No
C06584,Male,42.0,45.38,Monthly,48,Credit Card,5,3.0,No
C06585,Female,41.0,75.5,Monthly,2,Bank Transfer,2,5.0,No
C06586,Male,29.0,,Monthly,8,Bank Transfer,1,7.0,No
C06587,male,38.0,60.58,Monthly,3,Credit Card,5,6.0,No
C06588,Male,56.0,58.69,Two-Year,15,Bank Transfer,3,,No
C06589,Male,26.0,,Monthly,6,Bank Transfer,3,3.0,No
C06590,Female,200.0,,Monthly,13,Credit Card,4,5.0,No
C06591,Male,43.0,117.37,Monthly,5,Credit Card,2,7.0,No
C06592,Male,36.0,31.32,Monthly,10,Credit Card,5,7.0,No
C06593,Male,29.0,25.11,Yearly,8,Bank Transfer,1,4.0,No
C06594,Female,45.0,24.19,Monthly,6,E-Wallet,3,7.0,Yes
C06595,Female,48.0,21.42,Yearly,10,Bank Transfer,3,8.0,Yes
C06596,Male,18.0,73.92,Monthly,6,Credit Card,4,3.0,Yes
C06597,Male,30.0,69.97,Monthly,20,Cash,4,6.0,No
C06598,Male,65.0,94.02,Monthly,9,Bank Transfer,2,3.0,No
C06599,Female,45.0,33.94,Yearly,29,E-Wallet,4,10.0,No
C06600,M,,76.36,Monthly,4,Credit Card,2,8.0,No
C06601,Female,52.0,56.01,Monthly,2,Bank Transfer,3,6.0,Yes
C06602,Female,38.0,58.85,Monthly,6,Bank Transfer,2,3.0,Yes
C06603,Male,47.0,72.35,Monthly,3,E-Wallet,2,5.0,No
C06604,Female,46.0,38.85,Yearly,6,,5,6.0,No
C06605,Female,44.0,174.91,Monthly,3,Credit Card,3,9.0,No
C06606,Male,34.0,99.42,Monthly,25,Credit Card,1,7.0,No
C06607,Male,40.0,42.98,Monthly,11,Cash,3,7.0,No
C06608,Female,30.0,33.42,Monthly,9,Credit Card,2,7.0,Yes
C06609,Female,38.0,52.48,Two-Year,19,,3,8.0,No
C06610,Male,23.0,59.26,Monthly,2,Credit Card,2,9.0,No
C06611,Female,28.0,88.19,Monthly,24,Credit Card,2,3.0,No
C06612,Female,34.0,32.27,Yearly,8,Credit Card,0,7.0,No
C06613,Male,26.0,62.08,Monthly,2,E-Wallet,2,7.0,Yes
C06614,Male,31.0,27.44, Monthly ,21,Bank Transfer,4,7.0,Yes
C06615,Male,36.0,66.44,Yearly,8,Credit Card,0,8.0,No
C06616,Female,,52.02,Monthly,12,Cash,1,8.0,No
C06617,Male,49.0,130.52,Monthly,27,,2,7.0,No
C06618,Male,32.0,27.23,Monthly,27,E-Wallet,3,6.0,Yes
C06619,Male,54.0,101.17,Monthly,27,Bank Transfer,2,7.0,No
C06620,Female,,25.36,Monthly,7,Bank Transfer,0,6.0,No
C06621,Male,44.0,,Yearly,17,Credit Card,3,7.0,No
C06622,male,39.0,25.67,Yearly,4,E-Wallet,0,8.0,No
C06623,Male,,61.11,Monthly,22,Cash,3,,Yes
C06624,Female,52.0,32.2,Yearly,6,Credit Card,2,8.0,Yes
C06625,FEMALE,52.0,29.76,Monthly,8,E-Wallet,4,8.0,No
C06626,Male,54.0,59.81,Monthly,27,Bank Transfer,0,3.0,No
C06627,Female,38.0,66.91,Monthly,20,Credit Card,2,3.0,No
C06628,Female,44.0,55.59,Monthly,37,Cash,3,8.0,No
C06629,Female,54.0,50.75,Yearly,6,Credit Card,4,,No
C06630,Female,30.0,124.34,Monthly,2,Credit Card,3,5.0,No
C06631,Male,150.0,58.3,Monthly,29,E-Wallet,3,5.0,No
C06632,Male,,78.46,Monthly,9,Bank Transfer,1,6.0,No
C06633,Female,48.0,58.23,Monthly,27,Bank Transfer,0,8.0,No
C06634,Female,48.0,33.31,Yearly,16,E-Wallet,7,9.0,No
C06635,Female,35.0,69.93,Yearly,25,Credit Card,2,6.0,No
C06636,Male,19.0,40.65,Monthly,13,Credit Card,2,8.0,No
C06637,Female,40.0,52.41,Monthly,21,Cash,1,8.0,Yes
C06638,Female,26.0,62.64,Monthly,2,Credit Card,1,7.0,No
C06639,Male,20.0,22.79,Monthly,42,Bank Transfer,0,7.0,No
C06640,Male,22.0,26.46,Monthly,3,Credit Card,3,6.0,No
C06641,Female,41.0,82.21,Monthly,1,E-Wallet,3,6.0,No
C06642,Female,54.0,40.5,Two-Year,10,Cash,2,8.0,No
C06643,Male,38.0,41.37,Monthly,15,Credit Card,3,4.0,No
C06644,Female,40.0,58.84,Monthly,16, E-Wallet,2,,No
C06645,Male,,45.9,Monthly,5,E-Wallet,3,7.0,No
C06646,Male,19.0,65.89,Monthly,17,E-Wallet,4,8.0,No
C06647,Female,44.0,53.36,Monthly,23,Bank Transfer,1,7.0,No
C06648,Female,37.0,59.7,Monthly,12,Credit Card,3,6.0,No
C06649,Female,44.0,39.81,Monthly,6,Credit Card,4,6.0,No
C06650,Female,,59.57,Monthly,12,E-Wallet,2,4.0,No
C06651,Male,28.0,,Monthly,24,Cash,1,7.0,Yes
C06652,male,39.0,42.29,Monthly,28,Bank Transfer,3,5.0,Yes
C06653,Male,57.0,82.43,Yearly,1,Credit Card,1,4.0,No
C06654,Male,48.0,53.35,Yearly,2,Credit Card,1,9.0,No
C06655,Male,31.0,75.98,Yearly,1,Cash,0,7.0,No
C06656,Male,21.0,57.86,Monthly,9,Bank Transfer,0,5.0,Yes
C06657,Male,18.0,53.78,Monthly,7,E-Wallet,2,5.0,No
C06658,Male,53.0,63.9,Monthly,10,E-Wallet,1,7.0,Yes
C06659,Male,26.0,94.27,Monthly,14,E-Wallet,2,4.0,Yes
C06660,Male,34.0,60.72,Yearly,6,Credit Card,1,9.0,No
C06661,Female,53.0,,Monthly,3,Bank Transfer,3,2.0,No
C06662,Male,18.0,46.26,Yearly,7,Cash,3,6.0,No
C06663,Male,55.0,110.71,Yearly,1,Bank Transfer,4,6.0,No
C06664,Female,34.0,72.83,Yearly,22,Credit Card,2,0.0,No
C06665,Female,24.0,56.54,Yearly,6,Credit Card,1,8.0,No
C06666,Female,35.0,51.67,Monthly,12,Credit Card,2,7.0,Yes
C06667,Male,29.0,84.78,Monthly,5,Credit Card ,3,6.0,No
C06668,Female,43.0,41.56,Monthly,12,Credit Card,3,5.0,No
C06669,Male,30.0,24.48,Monthly,10,E-Wallet,2,5.0,No
C06670,Male,18.0,56.41,Monthly,3,Credit Card,2,8.0,No
C06671,Male,35.0,93.27,Monthly,12,Credit Card,2,5.0,No
C06672,Female,21.0,111.73,Two-Year,2,E-Wallet,2,10.0,Yes
C06673,Male,40.0,52.02,Monthly,8,E-Wallet,1,7.0,No
C06674,Male,23.0,55.68,Yearly,16,Credit Card,1,7.0,No
C06675,Male,32.0,,Monthly,10,Credit Card,1,6.0,No
C06676,Female,40.0,48.47,Two-Year,17,Bank Transfer,1,4.0,Yes
C06677,Female,35.0,68.88,Monthly,4,Credit Card,3,8.0,Yes
C06678,Male,41.0,52.54,Monthly,1,Cash,2,,No
C06679,Female,46.0,,Monthly,1,Credit Card,2,10.0,No
C06680,Female,24.0,75.59,Yearly,4,Bank Transfer,4,8.0,No
C06681,Female,37.0,78.62,Monthly,7,Credit Card,6,8.0,Yes
C06682,Male,18.0,49.78,Yearly,10,Credit Card,2,8.0,No
C06683,Female,40.0,129.89,Monthly,18,Bank Transfer,1,7.0,No
C06684,Male,34.0,67.88,Monthly,22,Credit Card,0,7.0,Yes
C06685,Female,26.0,61.02,Monthly,15,Bank Transfer,3,6.0,No
C06686,Male,41.0,38.77,Yearly,8,E-Wallet,2,6.0,No
C06687,Male,52.0,52.26,Monthly,4,Credit Card,2,5.0,No
C06688,Male,32.0,57.48,Yearly,7,Bank Transfer,2,7.0,No
C06689,Female,26.0,38.3,Monthly,4,E-Wallet,2,10.0,Yes
C06690,Male,39.0,47.87,Monthly,12,Bank Transfer,2,7.0,No
C06691,Female,21.0,50.67,Monthly,21,Cash,6,4.0,Yes
C06692,Male,30.0,55.99,Monthly,9,Credit Card,6,9.0,No
C06693,Female,52.0,24.7,Monthly,1,,1,4.0,Yes
C06694,Female,38.0,51.37,Yearly,34,Credit Card,2,9.0,No
C06695,Female,18.0,46.07,Yearly,5,Cash,5,7.0,No
C06696,Female,18.0,,Monthly,30,Credit Card,4,7.0,No
C06697,Female,,87.0,Monthly,21,Credit Card,2,9.0,No
C06698,Male,48.0,137.49,Monthly,7,E-Wallet,4,9.0,No
C06699,Female,18.0,74.09,Two-Year,1,Cash,4,,No
C06700,Male,43.0,31.33,Yearly,36,Cash,2,3.0,No
C06701,Female,53.0,46.74,Monthly,13,Bank Transfer,0,8.0,No
C06702,Female,60.0,71.39,Monthly,4,,4,5.0,No
C06703,Male,41.0,67.86,Two-Year,10,Credit Card,1,5.0,No
C06704,Male,44.0,85.14,Monthly,13,Bank Transfer,3,7.0,No
C06705,Male,18.0,52.26,Two-Year,4,Credit Card,1,6.0,No
C06706,Female,63.0,46.36,Monthly,2,E-Wallet,3,5.0,No
C06707,Female,31.0,120.13,Monthly,4,Credit Card,3,6.0,No
C06708,Female,26.0,56.06,Monthly,1,E-Wallet,1,9.0,No
C06709,Female,34.0,34.55,Monthly,1,,2,6.0,Yes
C06710,Female,56.0,106.04,Yearly,3,Bank Transfer,2,7.0,No
C06711,Male,64.0,27.85,Monthly,3,Bank Transfer,2,9.0,Yes
C06712,Male,39.0,11.33,Monthly,4,Credit Card,5,6.0,Yes
C06713,Female,49.0,77.19,Two-Year,34,Credit Card,1,5.0,No
C06714,Female,38.0,82.25,Monthly,11,Credit Card,1,6.0,No
C06715,Female,25.0,65.78,Monthly,7,Cash,0,2.0,No
C06716,Male,55.0,30.38,Monthly,10,Cash,1,7.0,No
C06717,Male,30.0,53.17,Monthly,1,Credit Card,0,6.0,No
C06718,Male,56.0,48.17,Monthly,28,Credit Card,0,4.0,No
C06719,Male,53.0,42.87,Monthly,10,Bank Transfer,2,10.0,No
C06720,Male,45.0,103.07,Monthly,8,Credit Card ,3,4.0,No
C06721,Female,59.0,34.09,Monthly,35,Credit Card,4,9.0,No
C06722,Male,64.0,62.94,Monthly,16,Cash,4,8.0,Yes
C06723,Female,35.0,93.44,Monthly,5,Cash,2,6.0,No
C06724,Male,28.0,64.82,Monthly,34,Credit Card,3,8.0,No
C06725,Female,18.0,95.44,Monthly,23,E-Wallet,2,6.0,Yes
C06726,Male,64.0,70.36,Monthly,38,Credit Card,1,6.0,No
C06727,Male,32.0,66.23,Monthly,2,Bank Transfer,1,6.0,Yes
C06728,Male,51.0,64.4,Monthly,38,E-Wallet,2,8.0,No
C06729,Female,29.0,71.96,Two-Year,10,Bank Transfer,3,7.0,No
C06730,Female,56.0,45.9,Monthly,14,,5,7.0,No
C06731,Male,29.0,30.39,Monthly,3,Cash,2,3.0,Yes
C06732,male,23.0,83.87,Yearly,2,E-Wallet,3,7.0,No
C06733,Female,35.0,92.09,Yearly,1,Credit Card,0,4.0,No
C06734,Male,31.0,61.15,Two-Year,7,Credit Card,2,4.0,No
C06735,Male,45.0,42.66,Monthly,4,E-Wallet,1,6.0,No
C06736,Female,37.0,27.09,Monthly,2,Credit Card,1,10.0,No
C06737,Female,45.0,56.75,Monthly,38,Credit Card,2,7.0,Yes
C06738,Male,34.0,29.75,Monthly,16,E-Wallet,0,4.0,Yes
C06739,Male,,27.94,Monthly,9,Credit Card,2,10.0,No
C06740,Female,30.0,54.09,Yearly,17,E-Wallet,3,4.0,Yes
C06741,Male,62.0,38.72,Monthly,12,Credit Card,3,9.0,No
C06742,Male,40.0,63.78,Monthly,3,E-Wallet,2,9.0,Yes
C06743,Female,18.0,50.82,Monthly,13,E-Wallet,2,7.0,Yes
C06744,Female,31.0,41.55,Two-Year,14,Cash,2,4.0,Yes
C06745,Male,39.0,25.35,Monthly,4,Credit Card,0,7.0,No
C06746,male,60.0,37.2,Two-Year,5,Bank Transfer,3,6.0,No
C06747,M,50.0,37.82,Yearly,6,Bank Transfer,5,3.0,Yes
C06748,Male,26.0,31.46,Two-Year,12,Cash,1,6.0,No
C06749,Female,67.0,47.08,Yearly,2,Credit Card,0,4.0,No
C06750,Male,37.0,32.58,Monthly,17,Credit Card,1,6.0,Yes
C06751,Male,52.0,50.72,Yearly,6,Credit Card,1,8.0,Yes
C06752,Female,24.0,60.84,Monthly,15,,0,6.0,No
C06753,Male,18.0,37.65,Monthly,33,,3,9.0,No
C06754,Male,,66.12,Monthly,25,E-Wallet,4,7.0,No
C06755,FEMALE,18.0,29.59,Monthly,17,Credit Card,2,5.0,No
C06756,Male,63.0,33.1,Monthly,3,E-Wallet,2,5.0,Yes
C06757,Female,40.0,51.89,Monthly,16,E-Wallet,2,9.0,No
C06758,Female,26.0,74.38,Monthly,13,Bank Transfer,4,6.0,No
C06759,Female,43.0,80.67,Two-Year,18,Bank Transfer,4,10.0,No
C06760,Male,40.0,112.8,Monthly,25,E-Wallet,2,4.0,Yes
C06761,Male,45.0,46.09,Monthly,5,Credit Card,3,9.0,No
C06762,Male,52.0,51.55,Monthly,13,Cash,1,,Yes
C06763,Male,34.0,34.31,Monthly,4,Credit Card,2,1.0,Yes
C06764,Male,27.0,,Monthly,6,Cash,6,7.0,No
C06765,Female,47.0,60.51,Yearly,9,E-Wallet,1,2.0,Yes
C06766,Female,47.0,38.51,Monthly,7,E-Wallet,2,9.0,No
C06767,Female,39.0,95.07,Monthly,12,Credit Card,1,9.0,No
C06768,Male,64.0,28.27,Yearly,18,Cash,4,5.0,No
C06769,Female,32.0,67.96,Monthly,12,Credit Card,2,5.0,No
C06770,Male,27.0,34.72,Monthly,42,,3,2.0,No
C06771,Male,43.0,37.74,Yearly,17,E-Wallet,3,3.0,No
C06772,Female,29.0,69.59,Monthly,51,Credit Card,0,4.0,No
C06773,Female,43.0,40.28,Monthly,17,Cash,4,4.0,No
C06774,Male,28.0,43.29,Monthly,9,Bank Transfer,3,7.0,No
C06775,Male,33.0,37.88,Monthly,7,E-Wallet,5,10.0,No
C06776,Male,60.0,121.91,Monthly,16,Cash,6,,Yes
C06777,Female,33.0,41.35,Yearly,14,Bank Transfer,2,11.0,No
C06778,Male,28.0,,Monthly,14,Bank Transfer,3,7.0,No
C06779,Female,52.0,49.86,Monthly,16,Bank Transfer,1,,No
C06780,Male,25.0,,Monthly,25,Bank Transfer,1,7.0,No
C06781,Male,29.0,41.4,Two-Year,4,Credit Card,3,5.0,No
C06782,Male,44.0,49.88,Yearly,10,Credit Card,1,10.0,No
C06783,Male,,65.19,Yearly,12,Credit Card,2,6.0,No
C06784,Male,,37.03,Monthly,5,Credit Card,2,,No
C06785,Female,29.0,89.14,Yearly,54,E-Wallet,3,6.0,No
C06786,Female,45.0,93.08,Yearly,19,Credit Card,2,6.0,No
C06787,Female,32.0,71.73,Monthly,5,Credit Card,3,7.0,No
C06788,Female,30.0,56.34,Two-Year,6,,1,6.0,No
C06789,Female,52.0,14.21,Yearly,16,Cash,6,6.0,No
C06790,Female,31.0,66.08,Two-Year,1,Credit Card,0,6.0,No
C06791,Female,41.0,45.78,Yearly,8,E-Wallet,1,10.0,No
C06792,Male,39.0,48.87,Yearly,6,Bank Transfer,4,6.0,No
C06793,Male,25.0,23.25,Two-Year,24,Credit Card,3,8.0,No
C06794,Male,49.0,68.18,Monthly,19,Credit Card,3,5.0,No
C06795,Male,44.0,28.45,Yearly,5,Bank Transfer,2,6.0,No
C06796,Male,18.0,57.59,Monthly,25,Credit Card,3,9.0,No
C06797,Female,41.0,82.03,Yearly,30,Bank Transfer,2,7.0,Yes
C06798,Male,,44.2,Yearly,10,,5,10.0,No
C06799,Male,51.0,94.37,Yearly,3,E-Wallet,5,5.0,No
C06800,Female,20.0,39.01,Yearly,18,Credit Card,5,10.0,No
C06801,Male,33.0,71.54,Monthly,5,Bank Transfer,1,6.0,No
C06802,Male,42.0,30.35,Monthly,9,,2,6.0,No
C06803,Male,38.0,86.83,Monthly,1,E-Wallet,1,7.0,No
C06804,Male,47.0,80.98,Monthly,9,Credit Card,3,6.0,No
C06805,Male,19.0,67.41,Monthly,6,,3,8.0,No
C06806,Female,57.0,45.74,Monthly,14,E-Wallet,4,6.0,No
C06807,Female,44.0,29.05,Monthly,1,Bank Transfer,0,5.0,No
C06808,Male,54.0,45.8,Monthly,12,Credit Card,4,6.0,No
C06809,Male,48.0,89.98,Monthly,18,E-Wallet,4,2.0,No
C06810,Male,37.0,3873.0,Yearly,1,Credit Card,3,5.0,No
C06811,Female,22.0,27.14,Monthly,17,E-Wallet,3,7.0,No
C06812,Male,31.0,32.91,Monthly,2,Credit Card,0,9.0,No
C06813,Male,57.0,95.96,Yearly,15,Credit Card,1,8.0,No
C06814,Female,54.0,68.0,Monthly,8,Bank Transfer,2,7.0,No
C06815,Male,30.0,31.33,Monthly,10,Credit Card,3,7.0,No
C06816,Male,18.0,24.66,Monthly,5,E-Wallet,6,6.0,Yes
C06817,Male,35.0,41.21,Two-Year,4,Credit Card,5,6.0,No
C06818,Female,34.0,23.73,Monthly,1,Credit Card,4,8.0,No
C06819,Female,35.0,50.9,Yearly,25,Credit Card,3,5.0,No
C06820,Female,44.0,164.55,Monthly,12,E-Wallet,1,6.0,No
C06821,Male,48.0,26.61,Monthly,49,E-Wallet,1,9.0,Yes
C06822,Female,49.0,50.21,Monthly,23,Bank Transfer,0,8.0,No
C06823,Female,43.0,98.53,Monthly,25,Credit Card,2,7.0,No
C06824,Female,18.0,76.48,Yearly,11,Bank Transfer,3,5.0,No
C06825,Male,33.0,51.06,Monthly,2,E-Wallet,1,9.0,No
C06826,Female,65.0,51.12,Yearly,30,Credit Card,2,3.0,No
C06827,Male,42.0,32.45,Monthly,2,Credit Card,2,5.0,No
C06828,Male,42.0,48.4,Monthly,9,Bank Transfer,3,,No
C06829,Female,42.0,60.92,Monthly,24,E-Wallet,3,8.0,No
C06830,Male,42.0,89.77,Two-Year,8,Bank Transfer,1,6.0,Yes
C06831,Female,18.0,41.3,Monthly,3,Credit Card,4,7.0,No
C06832,Male,35.0,50.13,Monthly,6,Credit Card,2,4.0,Yes
C06833,Male,37.0,35.62,Monthly,54,,3,7.0,No
C06834,Female,53.0,60.42,Monthly,72,Cash,5,9.0,No
C06835,Female,38.0,77.69,Monthly,15,E-Wallet,3,6.0,No
C06836,Male,18.0,72.48,Monthly,27,E-Wallet,3,9.0,Yes
C06837,Male,43.0,,Two-Year,1,Bank Transfer,1,7.0,No
C06838,Female,28.0,58.33,Monthly,4,,2,8.0,No
C06839,Male,23.0,40.25,Two-Year,6,Credit Card,4,7.0,No
C06840,Female,27.0,86.05,Monthly,1,Bank Transfer,0,2.0,No
C06841,Female,44.0,50.78,Monthly,6,E-Wallet,0,9.0,Yes
C06842,Male,53.0,27.56,Two-Year,2,Credit Card,4,8.0,No
C06843,Male,43.0,49.46,Monthly,9,Credit Card,0,7.0,No
C06844,Male,45.0,67.11,Monthly,1,Credit Card,2,4.0,Yes
C06845,Female,43.0,60.93,Monthly,4,Credit Card,0,6.0,No
C06846,Male,39.0,43.37,Two-Year,25,E-Wallet,1,6.0,No
C06847,Male,46.0,41.96,Monthly,3,Credit Card,2,3.0,No
C06848,Male,18.0,35.01,Yearly,1,E-Wallet,1,10.0,No
C06849,Female,39.0,45.71,Monthly,4,E-Wallet,2,9.0,No
C06850,Male,25.0,37.15,Monthly,22,E-Wallet,1,5.0,No
C06851,Male,,84.48,Monthly,11,E-Wallet,2,5.0,No
C06852,Female,36.0,36.4,Two-Year,11,Bank Transfer,2,7.0,No
C06853,Female,38.0,57.69,Yearly,1,Credit Card,2,8.0,No
C06854,Female,19.0,55.95,Monthly,8,Credit Card,1,6.0,Yes
C06855,Male,50.0,83.56,Monthly,4,Bank Transfer,2,7.0,No
C06856,Male,45.0,89.14,Monthly,5,Credit Card,0,5.0,No
C06857,Female,44.0,,Monthly,11,Cash,0,5.0,No
C06858,Male,28.0,64.0,Monthly,25,Bank Transfer,4,5.0,No
C06859,Female,28.0,34.06,Yearly,3,E-Wallet,2,5.0,No
C06860,Female,40.0,33.75,Monthly,18,E-Wallet,5,4.0,No
C06861,Male,29.0,37.32,Two-Year,1,E-Wallet,4,7.0,Yes
C06862,Female,43.0,76.58,Monthly,5,E-Wallet,2,9.0,Yes
C06863,Female,18.0,56.43,Monthly,3,Credit Card,1,4.0,No
C06864,Male,32.0,80.71,Two-Year,30,Credit Card ,0,6.0,No
C06865,Female,59.0,85.74,Monthly,3,Credit Card,5,5.0,Yes
C06866,Male,43.0,39.38,Monthly,11,Cash,0,4.0,No
C06867,Male,40.0,55.39,Yearly,3,E-Wallet,4,1.0,No
C06868,Male,61.0,54.28,Monthly,8,Credit Card,2,5.0,No
C06869,M,18.0,47.11,Monthly,7,Cash,5,5.0,No
C06870,Female,28.0,42.92,Monthly,1,Credit Card,2,9.0,No
C06871,Male,33.0,93.05,Monthly,21,Bank Transfer,4,6.0,No
C06872,Male,48.0,55.89,Monthly,19,Bank Transfer,2,8.0,No
C06873,Female,48.0,54.92,Monthly,4,Cash,2,7.0,No
C06874,Male,27.0,38.04,Monthly,12,Cash,3,6.0,No
C06875,Female,49.0,73.98,Monthly,6,Bank Transfer,1,10.0,No
C06876,M,33.0,34.73,Yearly,18,Credit Card,3,6.0,No
C06877,Male,52.0,67.0,Monthly,15,Credit Card,0,7.0,No
C06878,Male,25.0,67.83,Monthly,2,Credit Card,3,5.0,No
C06879,Female,,,Monthly,23,Credit Card,1,5.0,Yes
C06880,Male,32.0,62.99,Yearly,3,E-Wallet,4,9.0,Yes
C06881,Female,50.0,59.36,Monthly,3,Bank Transfer,2,7.0,No
C06882,Male,31.0,53.64,Monthly,16,E-Wallet,3,5.0,No
C06883,Male,37.0,54.92,Monthly,3,Credit Card,5,,No
C06884,Male,44.0,56.14,Yearly,2,Credit Card,2,9.0,No
C06885,Female,44.0,57.89,Monthly,5,Credit Card,3,5.0,No
C06886,Female,48.0,56.1,Monthly,22,Bank Transfer,2,5.0,No
C06887,Male,40.0,33.22,Monthly,3,Bank Transfer,6,5.0,Yes
C06888,Male,32.0,50.98,Monthly,5,,4,6.0,No
C06889,Male,33.0,61.51,Two-Year,5,Credit Card,4,7.0,No
C06890,Male,38.0,57.04,Yearly,6,E-Wallet,2,7.0,No
C06891,Male,40.0,83.86,Monthly,16,Bank Transfer,2,7.0,No
C06892,Female,36.0,72.17,Yearly,7,Credit Card,2,9.0,No
C06893,Female,38.0,,Monthly,18,Bank Transfer,2,7.0,No
C06894,Male,19.0,50.65,Yearly,13,Bank Transfer,4,8.0,No
C06895,Male,,47.46,Monthly,6,Credit Card,2,5.0,Yes
C06896,Female,40.0,54.49,Monthly,7,Credit Card,3,8.0,No
C06897,Female,50.0,54.52,Two-Year,15,Credit Card,2,7.0,No
C06898,Male,38.0,71.89,Yearly,10,Credit Card,1,6.0,No
C06899,Male,,59.13,Two-Year,25,Credit Card,1,7.0,No
C06900,Male,33.0,94.99,Yearly,33,Credit Card,4,3.0,No
C06901,Male,35.0,60.85,Monthly,16,Credit Card,6,7.0,No
C06902,Male,46.0,37.57,Monthly,55,E-Wallet,2,4.0,No
C06903,Male,18.0,44.24,Monthly,11,Credit Card,1,9.0,Yes
C06904,Female,38.0,71.64,Monthly,1,Credit Card,0,6.0,No
C06905,Male,44.0,26.41,Monthly,9,Credit Card,2,,No
C06906,male,30.0,29.8,Monthly,4, E-Wallet,2,8.0,No
C06907,Male,38.0,54.86,Monthly,5,Bank Transfer,1,7.0,Yes
C06908,Female,30.0,83.76,Monthly,9,Bank Transfer,2,7.0,Yes
C06909,Female,29.0,98.31,Monthly,5,E-Wallet,2,1.0,Yes
C06910,Male,33.0,49.52,Monthly,5,Credit Card,3,8.0,Yes
C06911,Male,29.0,88.0,Monthly,7,Cash,4,7.0,No
C06912,Female,46.0,56.4,Two-Year,5,Credit Card,2,5.0,Yes
C06913,Male,29.0,27.41,Monthly,3,Bank Transfer,4,5.0,No
C06914,Male,27.0,54.4,Monthly,18,Credit Card,8,,No
C06915,Male,59.0,41.33,Monthly,7,Credit Card ,3,7.0,No
C06916,Male,49.0,82.53,Yearly,22,Credit Card,3,,No
C06917,Male,18.0,53.97,Monthly,26,Bank Transfer,2,9.0,No
C06918,Female,28.0,30.72,Two-Year,17,Credit Card,2,7.0,No
C06919,Female,40.0,27.8,Monthly,7,Bank Transfer,2,,No
C06920,Male,41.0,54.09,Monthly,16,Credit Card,0,4.0,No
C06921,Female,20.0,18.37,Monthly,3,Cash,1,8.0,No
C06922,Male,200.0,43.24,Yearly,13,Credit Card,2,7.0,No
C06923,Male,-5.0,60.58,Monthly,7,Bank Transfer,5,6.0,No
C06924,Female,43.0,33.93,Monthly,13,E-Wallet,2,6.0,No
C06925,male,54.0,85.4,Monthly,17,E-Wallet,2,8.0,No
C06926,M,43.0,93.31,Monthly,10,E-Wallet,4,5.0,No
C06927,Male,43.0,34.55,Two-Year,13,Cash,3,4.0,No
C06928,Female,-5.0,47.75,Monthly,3,,4,5.0,Yes
C06929,Female,51.0,85.42,Monthly,11,Credit Card,2,4.0,No
C06930,Female,27.0,54.57,Monthly,8,Credit Card,2,8.0,Yes
C06931,Male,45.0,29.15,Monthly,7,Bank Transfer,2,6.0,No
C06932,Male,30.0,51.19,Monthly,7,Credit Card,3,,No
C06933,Male,44.0,37.2,Monthly,5,E-Wallet,3,9.0,No
C06934,Male,43.0,89.9,Monthly,5,Credit Card,1,5.0,No
C06935,Female,21.0,71.71,Two-Year,15,Credit Card,2,4.0,Yes
C06936,Male,36.0,47.41,Monthly,10,E-Wallet,2,7.0,Yes
C06937,Male,41.0,58.2,Yearly,1,E-Wallet,1,5.0,Yes
C06938,Female,32.0,30.31,Two-Year,1,,4,9.0,No
C06939,Male,41.0,38.89,Monthly,11,Credit Card,5,6.0,No
C06940,Male,47.0,109.83,Monthly,23,Cash,2,5.0,Yes
C06941,Female,37.0,55.93,Yearly,1,Bank Transfer,3,5.0,No
C06942,Female,40.0,82.97,Yearly,9,E-Wallet,4,8.0,No
C06943,Female,54.0,60.61,Monthly,23,Credit Card,1,6.0,No
C06944,Male,43.0,98.64,Monthly,1,Bank Transfer,4,7.0,No
C06945,Female,40.0,22.21,Monthly,4,Credit Card,5,5.0,No
C06946,Female,26.0,50.16,Monthly,31,Cash,2,4.0,No
C06947,Male,46.0,114.45,Yearly,2,Bank Transfer,4,5.0,No
C06948,Male,,83.95,Monthly,12,E-Wallet,1,5.0,No
C06949,Female,53.0,99.13,Yearly,9,Bank Transfer,4,8.0,No
C06950,Male,38.0,54.43,Monthly,2,Credit Card,4,4.0,No
C06951,Female,18.0,42.88,Monthly,1,Bank Transfer,2,4.0,Yes
C06952,Male,18.0,34.39,Monthly,9,Bank Transfer,2,8.0,No
C06953,Male,46.0,33.33,Monthly,16,E-Wallet,3,,No
C06954,Male,,78.51,Yearly,3,Credit Card,2,8.0,Yes
C06955,Female,43.0,68.78,Monthly,15,E-Wallet,0,4.0,No
C06956,Male,39.0,52.99,Yearly,10,Bank Transfer,5,6.0,No
C06957,Female,35.0,68.63,Yearly,6,Credit Card,2,3.0,No
C06958,Female,36.0,58.21,Monthly,14,E-Wallet,2,4.0,No
C06959,Female,27.0,84.18,Monthly,3,Cash,2,6.0,Yes
C06960,Female,37.0,83.82,Two-Year,8,E-Wallet,2,7.0,No
C06961,Female,30.0,,Monthly,10,Credit Card,2,9.0,Yes
C06962,Male,33.0,61.75,Two-Year,8,Bank Transfer,0,6.0,No
C06963,FEMALE,34.0,25.76,Monthly,7,Credit Card,0,7.0,No
C06964,Female,35.0,57.97,Monthly,17,Bank Transfer,4,11.0,No
C06965,Male,49.0,71.66,Yearly,13,Bank Transfer,6,9.0,No
C06966,Male,36.0,30.23,Yearly,13,Credit Card,5,8.0,Yes
C06967,Female,50.0,45.27,Yearly,27,Credit Card,2,5.0,No
C06968,Male,56.0,54.83,Monthly,61,Credit Card,1,6.0,No
C06969,Female,48.0,60.66,Yearly,11,Credit Card,2,7.0,No
C06970,Male,44.0,48.16,Monthly,6,Credit Card,0,,No
C06971,Male,41.0,32.22,Monthly,19,E-Wallet,1,4.0,No
C06972,Female,200.0,53.29,Two-Year,2,E-Wallet,3,7.0,No
C06973,Male,39.0,25.96,Monthly,9,E-Wallet,5,7.0,No
C06974,Male,49.0,49.17,Monthly,9,Credit Card,5,5.0,No
C06975,Female,45.0,44.76,Monthly,50,Credit Card,1,7.0,No
C06976,Male,33.0,51.4,Monthly,57,Credit Card,2,3.0,No
C06977,Female,48.0,42.45,Yearly,20,E-Wallet,1,7.0,No
C06978,Female,39.0,27.7,Monthly,8,Bank Transfer,2,7.0,No
C06979,Female,36.0,46.3,Yearly,10,Bank Transfer,3,5.0,No
C06980,Male,32.0,83.0,Yearly,5,Credit Card,2,3.0,Yes
C06981,Male,39.0,96.32,Monthly,22,Credit Card,5,8.0,No
C06982,Female,49.0,163.65,Monthly,17,E-Wallet,2,5.0,No
C06983,Female,48.0,116.89,Monthly,18,Credit Card,2,8.0,No
C06984,Female,42.0,,Yearly,2,Credit Card,2,8.0,Yes
C06985,Female,45.0,45.43,Monthly,7,,3,10.0,No
C06986,Male,53.0,54.04,Yearly,10,Bank Transfer,6,3.0,No
C06987,Male,36.0,52.54,Monthly,2,Cash,4,8.0,No
C06988,Male,24.0,56.33,Monthly,6,Credit Card,2,5.0,No
C06989,Male,53.0,161.32,Monthly,2,Bank Transfer,4,8.0,Yes
C06990,Male,31.0,33.55,Monthly,39,Bank Transfer,3,7.0,No
C06991,Female,29.0,39.6,Yearly,17,E-Wallet,4,10.0,No
C06992,Male,18.0,114.4,Yearly,12,E-Wallet,1,7.0,No
C06993,Male,44.0,41.38,Monthly,3,E-Wallet,1,9.0,No
C06994,Male,18.0,65.18,Monthly,5,Bank Transfer,1,7.0,Yes
C06995,Female,28.0,86.97,Monthly,2,Bank Transfer,1,5.0,No
C06996,Female,45.0,67.96,Monthly,10,Bank Transfer,3,10.0,No
C06997,Female,46.0,59.52,Monthly,21,Cash,0,7.0,No
C06998,Female,30.0,83.29,Monthly,1,Bank Transfer,3,6.0,No
C06999,Male,-5.0,36.53,Monthly,2,Credit Card ,3,5.0,No
C07000,Female,27.0,43.67,Monthly,4,Credit Card,2,8.0,No
C07001,Male,31.0,69.48,Yearly,16,Bank Transfer,1,2.0,Yes
C07002,Male,41.0,21.52,Monthly,27,Bank Transfer,6,4.0,No
C07003,Female,31.0,103.28,Monthly,17,E-Wallet,3,6.0,No
C07004,Female,35.0,62.59,Monthly,9,Bank Transfer,2,2.0,No
C07005,Male,20.0,58.49,Yearly,2,Credit Card,2,5.0,No
C07006,Male,51.0,26.21,Monthly,17,Bank Transfer,1,7.0,No
C07007,Female,,30.6,Monthly,2,Credit Card,3,8.0,No
C07008,Male,47.0,45.63,Two-Year,6,Credit Card,2,8.0,No
C07009,Male,53.0,78.52,Monthly,5,E-Wallet,3,8.0,Yes
C07010,Male,28.0,21.45,Monthly,6,Credit Card,2,3.0,Yes
C07011,Male,33.0,77.85,Monthly,5,Bank Transfer,2,4.0,Yes
C07012,Female,18.0,46.43,Yearly,18,Cash,5,6.0,No
C07013,Male,75.0,49.38,Monthly,3,Credit Card,3,9.0,No
C07014,Male,36.0,61.2,Monthly,23,Credit Card,0,,No
C07015,Male,50.0,61.63,Monthly,24,E-Wallet,2,7.0,No
C07016,Female,23.0,39.62,Monthly,9,Credit Card,0,2.0,No
C07017,Male,49.0,72.33,Monthly,2,E-Wallet,2,8.0,Yes
C07018,Male,60.0,19.23,Monthly,11,Credit Card,1,5.0,No
C07019,Male,,44.58,Monthly,21,E-Wallet,4,5.0,No
C07020,Female,,58.51,Monthly,5,Credit Card,2,8.0,No
C07021,Female,36.0,46.75,Monthly,22,Cash,2,5.0,No
C07022,Female,18.0,24.0,Monthly,14,E-Wallet,0,7.0,No
C07023,Female,37.0,76.79,Monthly,53,Bank Transfer,3,7.0,Yes
C07024,Female,47.0,31.13,Monthly,21,E-Wallet,2,10.0,Yes
C07025,Female,37.0,52.96,Monthly,3,,1,,No
C07026,Male,34.0,58.49,Monthly,8,Credit Card,7,8.0,Yes
C07027,Male,44.0,55.09,Yearly,2, E-Wallet,2,4.0,Yes
C07028,Female,45.0,92.39,Yearly,1,Bank Transfer,3,7.0,No
C07029,Male,18.0,,Yearly,15,,1,6.0,No
C07030,Male,,66.18,Monthly,30,Bank Transfer,1,7.0,No
C07031,Female,67.0,53.24, Monthly ,44,E-Wallet,1,7.0,No
C07032,Male,21.0,71.94,Yearly,4,E-Wallet,3,9.0,No
C07033,Female,,102.21,Monthly,3,E-Wallet,3,7.0,No
C07034,Female,61.0,58.08,Monthly,10,E-Wallet,2,5.0,Yes
C07035,Male,51.0,77.62,Two-Year,3,Cash,1,3.0,No
C07036,Female,31.0,105.1,Monthly,5,Credit Card,0,5.0,Yes
C07037,Male,40.0,100.56,Monthly,22,Credit Card,3,9.0,Yes
C07038,Male,37.0,45.91,Monthly,20,Cash,3,8.0,Yes
C07039,Female,29.0,2440.0,Yearly,28,E-Wallet,2,6.0,No
C07040,Female,37.0,,Two-Year,8,Credit Card,5,5.0,No
C07041,male,34.0,90.27,Two-Year,10,,3,6.0,No
C07042,Male,39.0,70.52,Monthly,18,E-Wallet,1,4.0,No
C07043,Female,29.0,61.81,Monthly,4,Credit Card,0,7.0,No
C07044,Male,22.0,66.37,Monthly,21,E-Wallet,0,7.0,Yes
C07045,Female,37.0,61.24,Monthly,1,E-Wallet,3,9.0,Yes
C07046,Male,58.0,62.33,Yearly,20,Credit Card,3,8.0,No
C07047,Female,38.0,50.83,Monthly,18,E-Wallet,3,2.0,No
C07048,Male,34.0,3012.0,Monthly,5,Cash,4,9.0,No
C07049,Male,47.0,120.71,Monthly,16,E-Wallet,3,7.0,Yes
C07050,Male,36.0,67.69,Monthly,3,E-Wallet,5,6.0,No
C07051,M,60.0,42.18,Monthly,11,Credit Card,0,7.0,No
C07052,Female,37.0,48.19,Monthly,15,E-Wallet,3,7.0,No
C07053,Female,46.0,87.82,Monthly,16,Credit Card,4,8.0,No
C07054,Male,28.0,39.2,Monthly,49,Credit Card,2,6.0,No
C07055,Male,44.0,28.02,Monthly,3,Bank Transfer,0,8.0,No
C07056,Male,41.0,28.97,Yearly,8,E-Wallet,4,10.0,No
C07057,Female,37.0,25.08,Monthly,26,Bank Transfer,2,4.0,No
C07058,Male,31.0,,Monthly,10,Cash,2,5.0,No
C07059,Female,,32.09,Monthly,26,E-Wallet,1,6.0,No
C07060,Female,41.0,101.84,Monthly,7,Credit Card,4,4.0,No
C07061,Female,45.0,53.48,Yearly,20,Cash,2,6.0,No
C07062,Female,36.0,46.36,Two-Year,25,Credit Card,3,8.0,No
C07063,Female,41.0,28.52,Monthly,23,E-Wallet,2,6.0,No
C07064,Female,37.0,51.19,Monthly,25,Credit Card,3,4.0,No
C07065,Male,,24.98,Monthly,3,Cash,0,8.0,Yes
C07066,Female,35.0,46.24,Monthly,7,Credit Card,2,7.0,Yes
C07067,Male,38.0,138.24,Two-Year,3,Bank Transfer,1,8.0,No
C07068,Male,70.0,73.6,Monthly,3,Bank Transfer,4,8.0,No
C07069,Male,41.0,49.68,Monthly,9,Credit Card,1,8.0,Yes
C07070,Male,,74.75,Monthly,39,Bank Transfer,2,6.0,No
C07071,Male,43.0,43.18,Monthly,11,Credit Card,1,7.0,No
C07072,Male,34.0,38.08,Monthly,24,E-Wallet,1,7.0,No
C07073,Female,53.0,117.55,Yearly,34,Cash,2,7.0,Yes
C07074,Male,,32.65,Monthly,2,E-Wallet,3,6.0,Yes
C07075,Male,50.0,46.56,Two-Year,3,Bank Transfer,1,7.0,No
C07076,Male,33.0,62.66,Monthly,5,Credit Card,2,4.0,Yes
C07077,Female,-5.0,35.83,Yearly,12,Credit Card,5,8.0,Yes
C07078,Female,42.0,73.17,Monthly,1,Bank Transfer,3,7.0,Yes
C07079,Female,24.0,47.56,Monthly,19,E-Wallet,3,5.0,No
C07080,Female,44.0,73.61, Monthly ,1,E-Wallet,2,3.0,Yes
C07081,Male,23.0,71.07,Monthly,3,Bank Transfer,2,7.0,Yes
C07082,Female,34.0,48.94,Monthly,6,Cash,3,4.0,Yes
C07083,Male,20.0,117.9,Monthly,10,Bank Transfer,3,4.0,No
C07084,Male,71.0,40.47,Monthly,26,Bank Transfer,6,2.0,No
C07085,Female,18.0,100.18,Monthly,40,Credit Card,5,9.0,No
C07086,Male,38.0,92.64,Yearly,26,Credit Card,4,4.0,No
C07087,Female,51.0,,Monthly,2,E-Wallet,0,9.0,Yes
C07088,Female,50.0,59.05,Monthly,12,Bank Transfer,1,9.0,No
C07089,Male,48.0,,Monthly,7,Credit Card,3,6.0,No
C07090,Male,34.0,139.01,Yearly,2,Credit Card,1,6.0,Yes
C07091,Male,54.0,,Yearly,10,Credit Card,3,7.0,No
C07092,Female,48.0,37.86,Monthly,6,Credit Card,1,5.0,Yes
C07093,Female,40.0,,Yearly,6,Bank Transfer,3,6.0,No
C07094,FEMALE,40.0,35.1,Yearly,2,Credit Card,1,5.0,No
C07095,Male,34.0,69.18,Monthly,47,,1,5.0,No
C07096,Female,27.0,41.57,Monthly,16,Bank Transfer,1,10.0,No
C07097,Female,52.0,47.97,Monthly,4,Bank Transfer,2,7.0,No
C07098,Male,53.0,84.39,Monthly,30,Bank Transfer,1,8.0,No
C07099,Male,27.0,72.29,Monthly,36,Bank Transfer,3,6.0,No
C07100,Female,36.0,54.98,Monthly,20,Bank Transfer,2,5.0,No
C07101,Male,36.0,58.96,Monthly,13,E-Wallet,2,4.0,No
C07102,Male,37.0,54.9,Monthly,6,Bank Transfer,3,7.0,No
C07103,Female,38.0,44.97,Yearly,7,Bank Transfer,1,5.0,No
C07104,Female,49.0,54.54,Monthly,8,Cash,2,8.0,No
C07105,Male,29.0,68.09,Monthly,36,Credit Card,1,5.0,No
C07106,Male,27.0,51.58,Two-Year,18,E-Wallet,2,8.0,No
C07107,F,52.0,65.95,Monthly,5,Bank Transfer,5,8.0,No
C07108,Male,32.0,37.47,Monthly,12,E-Wallet,4,10.0,No
C07109,Female,22.0,41.61,Monthly,11,Bank Transfer,0,5.0,No
C07110,Male,32.0,39.23,Yearly,21,Credit Card,4,6.0,No
C07111,F,34.0,42.34,Monthly,2,Credit Card,1,6.0,No
C07112,Female,,97.44,Yearly,15,E-Wallet,1,9.0,No
C07113,Male,49.0,75.7,Two-Year,5,E-Wallet,5,7.0,No
C07114,Male,51.0,33.63,Monthly,2,Credit Card,0,4.0,No
C07115,Male,47.0,66.48,Monthly,16,E-Wallet,3,9.0,No
C07116,Female,49.0,45.8,Monthly,5,Credit Card,0,4.0,No
C07117,Female,29.0,40.16,Monthly,16,Credit Card,1,6.0,No
C07118,Male,35.0,27.98,Monthly,3,Bank Transfer,4,5.0,Yes
C07119,Female,26.0,84.55,Yearly,52,Bank Transfer,2,5.0,No
C07120,Female,35.0,29.56,Monthly,20,E-Wallet,5,4.0,Yes
C07121,Female,,53.34,Monthly,5,Bank Transfer,6,8.0,No
C07122,Male,39.0,35.66,Monthly,17,Cash,0,6.0,No
C07123,Female,53.0,77.41,Monthly,2,E-Wallet,2,6.0,No
C07124,Female,24.0,46.97,Monthly,13,Credit Card,4,9.0,Yes
C07125,Male,44.0,51.39,Monthly,1,E-Wallet,2,9.0,Yes
C07126,Male,23.0,52.18,Yearly,5,E-Wallet,3,6.0,No
C07127,Male,39.0,62.56,Monthly,47,Cash,0,5.0,No
C07128,Male,46.0,54.92,Two-Year,2,Credit Card,1,5.0,No
C07129,Male,,53.55,Two-Year,11,E-Wallet,4,7.0,No
C07130,Female,44.0,43.24,Monthly,1,Credit Card,4,4.0,No
C07131,Male,26.0,,Monthly,14,Bank Transfer,2,6.0,No
C07132,Male,18.0,33.0,Monthly,4,Bank Transfer,2,3.0,No
C07133,Female,44.0,75.44,Monthly,5,Cash,0,5.0,No
C07134,F,58.0,47.58,Monthly,5,Bank Transfer,3,10.0,Yes
C07135,Male,26.0,40.5,Monthly,3,Bank Transfer,2,6.0,No
C07136,Female,,29.0,Monthly,35,E-Wallet,1,9.0,No
C07137,Female,38.0,25.18,Monthly,29, E-Wallet,0,,No
C07138,Female,21.0,39.79,Monthly,25,Bank Transfer,1,8.0,No
C07139,Female,24.0,81.42,Monthly,2,Bank Transfer,5,4.0,Yes
C07140,Male,38.0,42.49,Monthly,4,Bank Transfer,2,5.0,No
C07141,Female,33.0,65.38,Monthly,12,Credit Card,2,9.0,No
C07142,Male,22.0,41.62,Two-Year,43,,0,6.0,No
C07143,Female,18.0,72.78,Monthly,12,Credit Card,1,5.0,No
C07144,Male,27.0,46.61,Two-Year,5,E-Wallet,2,8.0,No
C07145,Female,40.0,31.36,Monthly,21,Credit Card,0,6.0,No
C07146,Female,37.0,48.37,Monthly,2,Bank Transfer,4,8.0,No
C07147,Female,31.0,124.62,Monthly,26,Credit Card,1,4.0,No
C07148,Male,40.0,122.17,Yearly,45,E-Wallet,1,6.0,No
C07149,Male,50.0,67.96,Monthly,42,Credit Card,2,7.0,Yes
C07150,Female,42.0,51.33,Two-Year,2,,1,9.0,Yes
C07151,Female,36.0,62.6,Monthly,10,Credit Card,1,,No
C07152,Male,49.0,62.97,Monthly,11,E-Wallet,4,4.0,No
C07153,Female,26.0,53.63,Monthly,3,Cash,4,8.0,Yes
C07154,Female,,66.58,Yearly,10,Credit Card,3,,No
C07155,Male,35.0,59.96,Two-Year,13,E-Wallet,4,4.0,No
C07156,Female,23.0,47.36,Monthly,5,Credit Card,6,8.0,No
C07157,Male,32.0,31.88,Yearly,5,Credit Card,5,,No
C07158,Male,18.0,44.39,Yearly,1,Credit Card,3,5.0,No
C07159,Male,,78.24,Monthly,38,Cash,3,4.0,Yes
C07160,Female,26.0,53.83,Monthly,20,E-Wallet,3,8.0,No
C07161,F,57.0,62.5,Monthly,18,Credit Card,2,8.0,No
C07162,Male,38.0,48.07,Monthly,1,Credit Card,7,7.0,No
C07163,Female,44.0,33.89,Yearly,12,Bank Transfer,2,6.0,No
C07164,Female,32.0,49.04,Monthly,3,Credit Card,4,5.0,No
C07165,Female,,34.46,Yearly,14,Credit Card,4,7.0,No
C07166,Male,45.0,33.49,Yearly,12,E-Wallet,1,5.0,No
C07167,Female,45.0,93.93,Yearly,23,Credit Card,2,,No
C07168,Male,47.0,45.19,Monthly,4,E-Wallet,2,5.0,No
C07169,Male,33.0,39.11,Monthly,1,Credit Card,5,8.0,No
C07170,Male,32.0,113.08,Monthly,30,Credit Card,0,8.0,No
C07171,Male,18.0,78.79,Two-Year,29,Cash,2,4.0,No
C07172,Female,44.0,46.19,Monthly,8,Cash,4,4.0,No
C07173,Male,50.0,66.18,Monthly,1,Bank Transfer,3,10.0,Yes
C07174,Female,57.0,49.1,Monthly,9,Bank Transfer,4,9.0,No
C07175,Male,41.0,39.98,Monthly,9,Bank Transfer,0,4.0,No
C07176,Male,28.0,67.6,Monthly,21,Bank Transfer,1,8.0,No
C07177,Female,18.0,47.18,Monthly,16,E-Wallet,2,1.0,No
C07178,Female,50.0,,Monthly,1,E-Wallet,1,5.0,Yes
C07179,Male,18.0,86.45,Two-Year,15,E-Wallet,1,3.0,No
C07180,male,,82.27,Monthly,2,Bank Transfer,4,5.0,No
C07181,Male,35.0,42.63,Yearly,2,E-Wallet,3,7.0,No
C07182,Male,37.0,67.95,Monthly,7,Credit Card,3,7.0,No
C07183,Female,38.0,32.87,Yearly,1,Credit Card,6,5.0,No
C07184,Female,39.0,,Two-Year,22,Bank Transfer,2,9.0,No
C07185,Male,18.0,58.37,Two-Year,8,,2,6.0,No
C07186,Female,38.0,64.75,Monthly,11,Bank Transfer,0,9.0,No
C07187,Female,18.0,47.76,Yearly,11,E-Wallet,2,4.0,No
C07188,Male,46.0,139.47,Monthly,46,Bank Transfer,2,2.0,No
C07189,Male,31.0,36.39,Monthly,30,Credit Card,4,8.0,Yes
C07190,Female,18.0,84.54,Monthly,23,E-Wallet,3,4.0,No
C07191,Female,28.0,,Monthly,6,Credit Card,2,10.0,No
C07192,Male,31.0,68.51,Monthly,2,Cash,1,2.0,No
C07193,Male,52.0,70.75,Monthly,11,Credit Card,3,9.0,No
C07194,Male,40.0,55.97,Yearly,7,E-Wallet,1,10.0,No
C07195,Female,42.0,43.69,Monthly,4,Cash,3,8.0,No
C07196,Female,52.0,58.18,Monthly,2,Cash,1,7.0,No
C07197,Male,36.0,,Monthly,7,,0,5.0,No
C07198,Female,47.0,122.18,Monthly,13,E-Wallet,3,8.0,No
C07199,Female,46.0,36.87,Monthly,12,Bank Transfer,0,6.0,No
C07200,Female,22.0,42.51,Monthly,18,Bank Transfer,2,3.0,Yes
C07201,Male,55.0,62.06,Two-Year,8,Bank Transfer,1,4.0,No
C07202,Male,20.0,48.66,Yearly,5,E-Wallet,5,5.0,No
C07203,Male,49.0,52.19,Monthly,10,E-Wallet,4,7.0,No
C07204,Male,19.0,88.38,Monthly,45,E-Wallet,4,10.0,No
C07205,Female,45.0,15.35,Monthly,1,,4,6.0,No
C07206,Male,60.0,41.72,Monthly,10,Bank Transfer,0,5.0,No
C07207,Male,35.0,24.93,Monthly,5,Cash,0,7.0,No
C07208,Male,34.0,31.88,Monthly,2,Credit Card,1,7.0,Yes
C07209,Male,45.0,161.11,Monthly,7,Credit Card,1,6.0,No
C07210,Female,34.0,71.46,Monthly,13,Cash,2,8.0,No
C07211,Male,59.0,83.78,Monthly,10,Bank Transfer,2,9.0,No
C07212,F,40.0,52.66,Two-Year,1,Bank Transfer,2,4.0,Yes
C07213,Male,34.0,76.82,Two-Year,11,E-Wallet,2,6.0,No
C07214,Male,31.0,24.66,Two-Year,4,E-Wallet,8,9.0,No
C07215,Male,26.0,87.12,Two-Year,6,Credit Card,1,4.0,Yes
C07216,Female,30.0,37.75,Monthly,5,Credit Card,1,6.0,No
C07217,Female,33.0,,Yearly,24,E-Wallet,3,5.0,No
C07218,Female,32.0,68.53,Monthly,1,E-Wallet,1,9.0,No
C07219,Female,30.0,62.95,Yearly,6,Credit Card,2,4.0,No
C07220,Female,63.0,56.72,Yearly,7,E-Wallet,3,8.0,No
C07221,Female,25.0,29.57,Monthly,12,Bank Transfer,4,8.0,No
C07222,Male,39.0,57.11,Monthly,19,Bank Transfer,1,9.0,Yes
C07223,Male,45.0,84.12,Monthly,16,Cash,1,6.0,No
C07224,Male,45.0,42.96,Monthly,17,Bank Transfer,3,6.0,No
C07225,Female,37.0,98.66,Two-Year,3,Credit Card,5,7.0,Yes
C07226,Female,35.0,36.87,Yearly,30,Credit Card,3,10.0,No
C07227,Female,43.0,,Monthly,7,Credit Card,5,6.0,No
C07228,Male,41.0,108.95,Monthly,1,Cash,3,5.0,No
C07229,Female,34.0,40.18,Monthly,14,Credit Card,4,9.0,No
C07230,Male,19.0,87.73,Two-Year,12,Bank Transfer,2,,No
C07231,Male,32.0,132.77,Two-Year,2,E-Wallet,2,8.0,No
C07232,Male,24.0,58.97,Monthly,39,Credit Card,4,7.0,No
C07233,Male,29.0,43.07,Monthly,10,E-Wallet,5,8.0,No
C07234,Female,38.0,38.56,Yearly,8,Credit Card,3,3.0,Yes
C07235,Male,42.0,,Monthly,7,Credit Card,1,5.0,No
C07236,Male,59.0,96.98,Two-Year,3,Cash,4,5.0,No
C07237,Female,31.0,104.81,Monthly,37,Credit Card,4,6.0,No
C07238,Female,47.0,,Monthly,15,E-Wallet,1,6.0,No
C07239,Female,41.0,87.1,Monthly,11,E-Wallet,3,6.0,No
C07240,Male,53.0,53.41,Monthly,12,Credit Card,1,6.0,No
C07241,Female,44.0,36.69,Monthly,23,Credit Card,3,3.0,Yes
C07242,Female,,90.55,Monthly,13,E-Wallet,1,8.0,No
C07243,Male,18.0,113.89,Yearly,2,Bank Transfer,5,4.0,Yes
C07244,Female,,34.49,Yearly,15,Credit Card,2,8.0,No
C07245,Male,31.0,34.2,Monthly,10,E-Wallet,3,3.0,No
C07246,Male,26.0,55.59,Monthly,41,E-Wallet,2,7.0,No
C07247,Female,22.0,83.95,Monthly,16,Credit Card,1,7.0,No
C07248,Female,39.0,32.78,Monthly,6,Credit Card,2,7.0,No
C07249,Male,56.0,60.47,Monthly,2,Credit Card,1,4.0,No
C07250,Female,33.0,41.86,Two-Year,8,E-Wallet,5,9.0,Yes
C07251,Female,45.0,74.84,Two-Year,14,Cash,2,6.0,No
C07252,Female,36.0,38.13,Monthly,3,E-Wallet,6,4.0,Yes
C07253,Male,22.0,77.27,Yearly,13,Credit Card,2,,No
C07254,Female,46.0,50.85,Yearly,21,,2,5.0,No
C07255,Male,24.0,35.81,Two-Year,3,E-Wallet,2,6.0,No
C07256,Female,38.0,56.19,Monthly,15,E-Wallet,5,9.0,No
C07257,Male,33.0,22.83,Yearly,1,E-Wallet,2,7.0,No
C07258,Male,48.0,42.45,Monthly,1,E-Wallet,1,4.0,No
C07259,FEMALE,25.0,63.55,Monthly,1,E-Wallet,1,4.0,No
C07260,Male,42.0,24.6,Monthly,12,E-Wallet,4,5.0,No
C07261,FEMALE,27.0,17.17,Monthly,44,Credit Card,1,7.0,No
C07262,Male,31.0,19.05,Monthly,18,E-Wallet,3,7.0,No
C07263,Female,18.0,99.21,Monthly,4,E-Wallet,3,10.0,No
C07264,Male,63.0,,Yearly,1,Credit Card,3,,No
C07265,Female,44.0,42.97,Yearly,12,Credit Card,3,8.0,No
C07266,Male,28.0,83.54,Two-Year,1,E-Wallet,3,9.0,No
C07267,Male,24.0,45.51,Monthly,19,Credit Card,2,9.0,No
C07268,Male,32.0,61.61,Two-Year,4,Credit Card,6,4.0,Yes
C07269,Male,46.0,55.23,Monthly,5,Credit Card,1,6.0,No
C07270,Male,18.0,44.17,Monthly,6,Credit Card,2,7.0,No
C07271,Male,36.0,62.33,Monthly,18,Cash,1,6.0,No
C07272,Female,59.0,77.32,Yearly,4,E-Wallet,0,7.0,No
C07273,Female,24.0,50.24,Monthly,5,Credit Card,4,6.0,Yes
C07274,Male,-5.0,44.38,Yearly,10,Credit Card,1,9.0,No
C07275,Male,64.0,46.8,Yearly,8,Credit Card,1,8.0,No
C07276,Female,45.0,19.41,Two-Year,38,Bank Transfer,3,4.0,No
C07277,Male,39.0,62.02,Two-Year,4,Credit Card,2,7.0,No
C07278,Male,44.0,31.69,Monthly,2,E-Wallet,4,4.0,No
C07279,Female,33.0,72.48,Yearly,10,E-Wallet,2,3.0,Yes
C07280,Female,53.0,52.42,Two-Year,3,E-Wallet,3,6.0,No
C07281,Female,33.0,57.24,Two-Year,7,E-Wallet,1,4.0,No
C07282,Male,18.0,74.82,Yearly,3,E-Wallet,5,9.0,Yes
C07283,Male,33.0,35.98,Yearly,26,Bank Transfer,2,6.0,No
C07284,Female,26.0,64.47,Monthly,5,Cash,2,9.0,Yes
C07285,Male,34.0,61.59,Yearly,18,E-Wallet,2,,Yes
C07286,male,34.0,50.24,Monthly,36,Bank Transfer,4,6.0,No
C07287,Female,52.0,35.96,Monthly,34,E-Wallet,3,6.0,No
C07288,Male,46.0,877.0,Monthly,9,Credit Card,1,4.0,Yes
C07289,Female,41.0,74.93,Monthly,50,Cash,3,3.0,No
C07290,Female,37.0,57.46,Monthly,13,Credit Card,1,,No
C07291,Female,25.0,33.73,Yearly,2,Bank Transfer,2,7.0,No
C07292,Male,18.0,43.06,Yearly,27,Credit Card,2,8.0,No
C07293,Male,39.0,53.14,Monthly,8,E-Wallet,9,9.0,Yes
C07294,Male,47.0,74.43,Monthly,2,Cash,3,4.0,Yes
C07295,Male,36.0,26.77,Two-Year,19,Bank Transfer,2,7.0,No
C07296,Female,31.0,42.36,Monthly,12,E-Wallet,4,6.0,No
C07297,Male,43.0,45.55,Monthly,26,Credit Card,4,10.0,No
C07298,Male,37.0,52.59,Monthly,22,Credit Card,0,10.0,No
C07299,Male,58.0,30.4,Two-Year,5,Credit Card,1,9.0,No
C07300,Female,52.0,49.51,Monthly,4,Credit Card,1,5.0,Yes
C07301,Male,49.0,47.48,Two-Year,16,Bank Transfer,3,3.0,No
C07302,Male,47.0,34.23,Monthly,11,E-Wallet,2,4.0,No
C07303,Male,22.0,51.78,Monthly,1,Credit Card,1,6.0,Yes
C07304,Female,45.0,42.8,Monthly,3,Credit Card,2,8.0,No
C07305,Male,42.0,68.24,Monthly,2,Credit Card,1,6.0,No
C07306,Female,45.0,,Monthly,11,Credit Card,3,7.0,No
C07307,Female,43.0,56.85,Monthly,2,Credit Card,12,8.0,Yes
C07308,Male,43.0,37.95,Monthly,3,Credit Card,2,9.0,No
C07309,Female,70.0,41.68,Monthly,10,Bank Transfer,1,4.0,No
C07310,Male,37.0,62.41,Yearly,2,E-Wallet,2,7.0,Yes
C07311,Female,49.0,60.68,Yearly,4,,2,7.0,No
C07312,Female,32.0,45.26,Yearly,29,E-Wallet,1,5.0,No
C07313,Male,47.0,48.36,Two-Year,15,Bank Transfer,2,7.0,No
C07314,Male,49.0,28.39,Monthly,5,E-Wallet,1,9.0,No
C07315,Male,42.0,102.64,Monthly,26,E-Wallet,2,9.0,No
C07316,Female,58.0,74.39,Monthly,4,Credit Card,1,1.0,Yes
C07317,Male,27.0,73.2,Monthly,11,Cash,1,7.0,No
C07318,Female,32.0,,Monthly,6,Credit Card,2,7.0,No
C07319,Male,,41.76,Two-Year,17,Bank Transfer,1,8.0,No
C07320,Female,,46.97,Yearly,6,Credit Card,4,8.0,No
C07321,Male,40.0,22.9,Monthly,4,,1,6.0,No
C07322,Female,53.0,81.49,Monthly,12,Bank Transfer,3,6.0,No
C07323,Male,30.0,105.03,Monthly,17,,2,7.0,No
C07324,Female,24.0,138.09,Two-Year,10,,4,4.0,Yes
C07325,Male,41.0,34.1,Monthly,16,E-Wallet,3,6.0,Yes
C07326,Male,37.0,57.56,Monthly,7,Cash,4,6.0,No
C07327,Male,44.0,99.01,Two-Year,20,Bank Transfer,1,5.0,No
C07328,Female,37.0,48.71,Two-Year,11,Bank Transfer,1,4.0,No
C07329,Male,33.0,42.3,Monthly,3,Cash,4,7.0,Yes
C07330,Female,37.0,23.58,Monthly,27,E-Wallet,1,8.0,No
C07331,Male,38.0,90.89,Monthly,22,Cash,2,8.0,No
C07332,Female,34.0,54.13,Yearly,40,Credit Card,2,7.0,No
C07333,Female,35.0,39.32,Monthly,11,E-Wallet,3,6.0,No
C07334,Male,33.0,62.04,Two-Year,14,,2,7.0,No
C07335,Male,,,Monthly,24,E-Wallet,3,5.0,No
C07336,Male,40.0,58.89,Monthly,1,Cash,3,8.0,No
C07337,Male,65.0,49.52,Yearly,30,Credit Card,0,2.0,Yes
C07338,Male,39.0,113.3,Monthly,4,Credit Card,1,5.0,No
C07339,Female,31.0,51.41,Monthly,1,Credit Card,3,7.0,No
C07340,Female,70.0,113.15,Monthly,4,Bank Transfer,3,5.0,Yes
C07341,FEMALE,42.0,70.38,Yearly,11,Credit Card,1,6.0,No
C07342,Male,49.0,63.95,Monthly,1,Credit Card ,2,6.0,No
C07343,Female,45.0,51.88,Monthly,1,Credit Card ,3,5.0,No
C07344,Male,45.0,84.63,Monthly,13,Cash,1,5.0,No
C07345,Male,44.0,57.45,Monthly,8,Bank Transfer,2,8.0,Yes
C07346,Male,24.0,35.89,Two-Year,23,,1,8.0,No
C07347,Male,,35.36,Monthly,4,Credit Card,1,6.0,No
C07348,Male,22.0,66.03,Monthly,4,Credit Card,3,,Yes
C07349,Female,35.0,36.29,Monthly,1,Bank Transfer,1,6.0,Yes
C07350,M,29.0,53.09,Yearly,10,E-Wallet,2,4.0,No
C07351,Male,42.0,87.86,Monthly,6,Cash,2,4.0,No
C07352,Male,42.0,62.6,Yearly,5,Credit Card,1,5.0,No
C07353,Male,43.0,39.45,Monthly,8,E-Wallet,1,9.0,No
C07354,Female,41.0,102.98,Monthly,23,Credit Card,4,5.0,No
C07355,Male,30.0,,Monthly,2,E-Wallet,0,,No
C07356,Female,34.0,86.32,Monthly,9,Credit Card,4,4.0,Yes
C07357,Female,49.0,19.68,Monthly,3,Credit Card,4,6.0,No
C07358,Female,50.0,63.36,Monthly,3,Bank Transfer,2,8.0,No
C07359,Male,24.0,79.76,Monthly,4,,1,7.0,No
C07360,Female,19.0,117.35,Yearly,8,Credit Card,4,6.0,No
C07361,Female,29.0,28.26,Yearly,9,,3,6.0,No
C07362,Male,50.0,93.95,Monthly,25,E-Wallet,2,10.0,No
C07363,Female,52.0,114.43,Monthly,27,E-Wallet,1,10.0,No
C07364,Female,26.0,22.03,Yearly,11,E-Wallet,2,6.0,No
C07365,Male,41.0,67.72,Monthly,4,Credit Card,2,6.0,No
C07366,Male,60.0,72.09,Two-Year,21,E-Wallet,2,7.0,No
C07367,Male,42.0,47.13,Monthly,19,Bank Transfer,2,,Yes
C07368,Female,55.0,43.79,Yearly,20,E-Wallet,2,10.0,No
C07369,Male,49.0,73.74,Monthly,1,Credit Card,3,3.0,No
C07370,Female,27.0,41.4,Monthly,17,E-Wallet,2,7.0,Yes
C07371,Female,35.0,49.51,Monthly,23,E-Wallet,3,5.0,No
C07372,Female,38.0,78.7,Monthly,12,Bank Transfer,2,8.0,Yes
C07373,Male,150.0,120.22,Monthly,17,Credit Card,4,7.0,Yes
C07374,Female,48.0,69.55,Monthly,18,E-Wallet,0,8.0,No
C07375,Male,42.0,57.98,Monthly,9,Bank Transfer,1,8.0,No
C07376,Male,18.0,43.28,Monthly,21,E-Wallet,4,8.0,No
C07377,Female,22.0,34.65,Monthly,19,E-Wallet,3,7.0,Yes
C07378,Male,18.0,89.96,Monthly,30,Bank Transfer,1,,No
C07379,Female,40.0,50.96,Monthly,31,Credit Card,2,4.0,No
C07380,Male,40.0,91.64,Monthly,10,Cash,3,4.0,Yes
C07381,Male,41.0,47.07,Monthly,1,Cash,6,8.0,No
C07382,Male,26.0,40.76,Two-Year,1,Credit Card,1,6.0,No
C07383,Female,,65.98,Yearly,34,Bank Transfer,1,6.0,No
C07384,Female,46.0,52.75,Monthly,5,,0,6.0,No
C07385,Female,22.0,31.74,Monthly,6,E-Wallet,3,6.0,No
C07386,Male,20.0,123.69,Monthly,8,Credit Card,3,6.0,No
C07387,Male,37.0,41.18,Monthly,4,Cash,1,5.0,No
C07388,Female,59.0,82.88,Monthly,11,Bank Transfer,2,7.0,No
C07389,Male,58.0,79.75,Monthly,19,Credit Card,4,,No
C07390,Male,44.0,30.98,Monthly,4,E-Wallet,9,7.0,Yes
C07391,Female,29.0,,Monthly,17,E-Wallet,2,7.0,No
C07392,Male,48.0,47.67,Monthly,14,E-Wallet,3,3.0,No
C07393,Female,32.0,36.98,Monthly,9,Credit Card,2,8.0,No
C07394,Female,28.0,118.74,Monthly,5,Credit Card,2,5.0,Yes
C07395,Male,18.0,49.9,Monthly,25,Cash,3,4.0,No
C07396,Male,39.0,81.48,Monthly,7,,2,10.0,No
C07397,Male,30.0,68.8,Monthly,6,Credit Card,2,7.0,No
C07398,Female,39.0,61.49,Monthly,13,Credit Card,1,8.0,No
C07399,Female,18.0,55.6,Monthly,31,Bank Transfer,1,5.0,No
C07400,Male,40.0,95.27,Yearly,9,,4,5.0,No
C07401,Male,18.0,37.66,Monthly,16,,2,5.0,No
C07402,Female,51.0,118.73,Monthly,8,Credit Card,1,7.0,No
C07403,Female,150.0,30.59,Monthly,3,Bank Transfer,2,2.0,No
C07404,Male,34.0,77.61,Monthly,2,Credit Card,5,6.0,Yes
C07405,Male,44.0,29.01,Yearly,2,Credit Card,2,7.0,Yes
C07406,Male,26.0,47.37,Yearly,1,Credit Card,3,9.0,No
C07407,Female,38.0,56.94,Monthly,10,E-Wallet,4,4.0,No
C07408,Female,47.0,,Monthly,2,E-Wallet,1,9.0,Yes
C07409,Male,18.0,50.31,Monthly,25,E-Wallet,2,7.0,Yes
C07410,Female,32.0,29.25,Two-Year,49,E-Wallet,4,4.0,No
C07411,Male,37.0,35.01,Yearly,9,E-Wallet,4,7.0,No
C07412,Male,35.0,68.32,Monthly,8,Bank Transfer,2,8.0,No
C07413,Male,55.0,55.33,Monthly,6,Bank Transfer,2,8.0,Yes
C07414,Female,24.0,40.02,Yearly,13,Credit Card,4,6.0,No
C07415,Male,30.0,99.08,Monthly,12,Credit Card,1,8.0,No
C07416,Female,18.0,31.53,Monthly,6,,1,,Yes
C07417,Male,56.0,46.4,Monthly,6,E-Wallet,1,8.0,No
C07418,Male,35.0,43.49,Monthly,13,Cash,4,7.0,No
C07419,Male,32.0,72.01,Yearly,10,Credit Card,3,5.0,No
C07420,Female,37.0,55.79,Yearly,16,E-Wallet,1,6.0,No
C07421,Male,45.0,52.0,Monthly,35,Bank Transfer,1,10.0,No
C07422,FEMALE,42.0,23.81,Monthly,19,Bank Transfer,2,5.0,No
C07423,Male,69.0,80.58,Monthly,5,Credit Card,3,8.0,No
C07424,Male,,49.5,Monthly,18,Credit Card,3,7.0,No
C07425,M,32.0,57.52,Monthly,8,Credit Card,1,7.0,No
C07426,Male,31.0,38.98,Monthly,19,E-Wallet,0,,Yes
C07427,Male,33.0,36.32,Two-Year,27,Credit Card,1,9.0,No
C07428,Male,19.0,107.2,Monthly,4,Bank Transfer,4,6.0,Yes
C07429,Female,38.0,24.58,Monthly,4,Cash,2,9.0,No
C07430,Female,47.0,33.97,Monthly,7,E-Wallet,4,6.0,Yes
C07431,Male,30.0,106.3,Monthly,1,Bank Transfer,5,10.0,No
C07432,Male,28.0,72.85,Monthly,14,Credit Card,3,8.0,Yes
C07433,Male,56.0,47.16,Monthly,17,Bank Transfer,2,7.0,No
C07434,Male,20.0,95.68,Monthly,6,Bank Transfer,5,10.0,Yes
C07435,Male,18.0,66.76,Monthly,8,E-Wallet,5,,No
C07436,Female,24.0,60.62,Monthly,11,Bank Transfer,0,8.0,No
C07437,Male,,60.43,Monthly,1,Bank Transfer,2,6.0,Yes
C07438,Male,42.0,67.31,Monthly,15,Cash,2,6.0,No
C07439,Male,33.0,68.55,Monthly,9,E-Wallet,2,9.0,No
C07440,Male,35.0,146.67,Monthly,12,,1,4.0,No
C07441,Female,51.0,50.01,Monthly,16,Bank Transfer,2,5.0,No
C07442,Male,29.0,50.71,Monthly,14,E-Wallet,10,8.0,No
C07443,Male,47.0,31.29,Monthly,2,E-Wallet,1,4.0,No
C07444,Female,56.0,53.34,Monthly,19,Credit Card,5,4.0,No
C07445,Male,32.0,126.25,Monthly,12,E-Wallet,0,7.0,No
C07446,Female,46.0,85.03,Monthly,16,Credit Card,4,,No
C07447,Female,35.0,42.75,Monthly,4,Bank Transfer,4,6.0,Yes
C07448,Male,49.0,55.34,Monthly,4,Cash,2,5.0,No
C07449,Female,19.0,30.47, Monthly ,21,Credit Card,4,8.0,No
C07450,Male,18.0,35.3,Monthly,6,Credit Card,2,,No
C07451,Female,33.0,58.4,Yearly,11,Credit Card,1,6.0,No
C07452,Male,27.0,43.71,Monthly,10,Credit Card,2,5.0,No
C07453,Male,31.0,34.12,Monthly,11,Credit Card,4,7.0,No
C07454,male,35.0,68.06,Two-Year,1,Bank Transfer,0,6.0,Yes
C07455,Female,46.0,52.61,Yearly,5,E-Wallet,2,8.0,No
C07456,Female,,26.97,Monthly,1,,1,9.0,No
C07457,Female,28.0,,Monthly,8,Credit Card,2,9.0,No
C07458,Male,33.0,42.25,Monthly,28,E-Wallet,2,9.0,No
C07459,Male,28.0,26.72,Yearly,6,Credit Card,0,6.0,No
C07460,Male,26.0,23.55,Monthly,19,Credit Card,2,4.0,No
C07461,Male,18.0,,Monthly,5,Cash,4,6.0,No
C07462,Male,38.0,52.25,Monthly,24,Credit Card,3,7.0,No
C07463,Female,31.0,48.45,Monthly,7,Credit Card,1,9.0,No
C07464,Male,49.0,50.16,Yearly,6,Credit Card,4,6.0,No
C07465,Male,20.0,32.72,Yearly,15,Cash,3,9.0,No
C07466,Male,31.0,65.69,Monthly,9,Credit Card,4,7.0,No
C07467,Female,59.0,51.48,Monthly,5,Credit Card,3,7.0,No
C07468,Female,26.0,38.83,Yearly,1,Bank Transfer,2,10.0,No
C07469,Female,35.0,41.54,Monthly,3,Credit Card,2,10.0,No
C07470,Male,23.0,31.43,Monthly,18,Credit Card,2,4.0,No
C07471,Female,21.0,45.48,Monthly,31,Credit Card,0,7.0,Yes
C07472,Male,56.0,49.02,Monthly,3,Bank Transfer,5,6.0,No
C07473,Female,40.0,44.95,Two-Year,11,Bank Transfer,2,4.0,No
C07474,Male,39.0,55.97,Monthly,1,E-Wallet,3,8.0,No
C07475,Male,18.0,52.7,Monthly,5,Credit Card,4,6.0,Yes
C07476,Male,42.0,60.57,Yearly,8,Bank Transfer,0,8.0,Yes
C07477,Female,51.0,83.46,Monthly,16,Bank Transfer,4,5.0,No
C07478,Male,51.0,71.3,Monthly,1,Credit Card,3,8.0,No
C07479,Female,46.0,83.89,Yearly,19,Bank Transfer,4,4.0,Yes
C07480,male,24.0,37.28,Monthly,3,E-Wallet,3,7.0,No
C07481,Male,41.0,43.43,Monthly,18,Cash,1,5.0,No
C07482,Male,46.0,73.27,Monthly,12,Bank Transfer,1,6.0,No
C07483,Male,18.0,73.86,Monthly,5,E-Wallet,0,8.0,No
C07484,Male,24.0,,Yearly,16,E-Wallet,5,1.0,No
C07485,Male,48.0,71.9,Monthly,4,Cash,2,8.0,Yes
C07486,Female,48.0,35.71,Yearly,3,E-Wallet,4,4.0,Yes
C07487,Male,19.0,67.79,Monthly,1,Credit Card,1,7.0,No
C07488,Female,47.0,53.96,Two-Year,6,Credit Card,1,3.0,No
C07489,Female,39.0,29.28,Monthly,2,E-Wallet,2,6.0,No
C07490,Female,47.0,44.91,Monthly,7,Bank Transfer,2,7.0,No
C07491,Male,30.0,145.77,Two-Year,1,Credit Card,1,6.0,No
C07492,Male,45.0,,Monthly,3,E-Wallet,2,8.0,No
C07493,Male,,153.73,Monthly,33,Cash,1,1.0,Yes
C07494,Female,33.0,28.51,Two-Year,20,Credit Card,6,8.0,No
C07495,Female,,76.54,Two-Year,4,Bank Transfer,2,9.0,No
C07496,Male,30.0,17.45,Yearly,16,Bank Transfer,2,7.0,No
C07497,Male,57.0,54.59,Monthly,14,,0,3.0,No
C07498,Female,36.0,72.53,Monthly,3,Credit Card,6,5.0,No
C07499,Male,26.0,79.6,Monthly,6,E-Wallet,4,7.0,No
C07500,FEMALE,29.0,38.1,Monthly,30,Cash,1,5.0,No
C07501,Female,39.0,87.15,Monthly,17,Cash,0,5.0,No
C07502,Female,47.0,42.94,Monthly,18,Credit Card,1,9.0,Yes
C07503,Male,21.0,50.71,Monthly,10,Credit Card,4,6.0,No
C07504,Male,60.0,44.93,Monthly,14,Credit Card ,1,7.0,No
C07505,Female,41.0,32.74,Monthly,9,E-Wallet,1,3.0,No
C07506,Female,43.0,110.65,Monthly,17,E-Wallet,1,5.0,No
C07507,Male,36.0,55.79,Yearly,16,Credit Card,8,7.0,No
C07508,Male,,89.06,Monthly,1,Bank Transfer,3,6.0,No
C07509,Female,36.0,87.37,Monthly,12,E-Wallet,4,8.0,No
C07510,Female,50.0,35.32,Monthly,12,Bank Transfer,1,8.0,No
C07511,Female,37.0,94.37,Monthly,1,Bank Transfer,5,10.0,No
C07512,Female,47.0,68.48,Monthly,7,E-Wallet,5,6.0,Yes
C07513,Male,32.0,34.18,Monthly,28,E-Wallet,6,5.0,Yes
C07514,Male,40.0,66.82,Monthly,37,Credit Card,3,8.0,No
C07515,Female,28.0,34.46,Two-Year,19,Credit Card,2,8.0,No
C07516,Female,52.0,112.49,Monthly,2,E-Wallet,2,6.0,Yes
C07517,Male,27.0,78.74,Monthly,6,Credit Card,3,8.0,No
C07518,Male,34.0,,Monthly,3,Cash,1,4.0,No
C07519,Female,34.0,96.46,Yearly,13,E-Wallet,6,7.0,No
C07520,Male,33.0,26.79,Monthly,18,E-Wallet,0,6.0,Yes
C07521,Male,46.0,38.97,Yearly,26,Credit Card,2,6.0,No
C07522,Male,34.0,48.74,Yearly,24,Credit Card,5,5.0,Yes
C07523,Female,54.0,149.31,Monthly,2,Credit Card,4,9.0,No
C07524,Female,28.0,33.73,Monthly,2,Bank Transfer,3,5.0,No
C07525,Male,40.0,25.32,Monthly,29,Credit Card,6,,No
C07526,Female,28.0,28.5,Monthly,23,,4,6.0,No
C07527,Female,43.0,82.09,Monthly,8,Credit Card,4,5.0,No
C07528,Female,37.0,,Yearly,7,Bank Transfer,2,6.0,No
C07529,Female,36.0,50.83,Monthly,10,Bank Transfer,1,9.0,Yes
C07530,Male,52.0,76.96,Monthly,11,Bank Transfer,6,3.0,No
C07531,Male,30.0,50.85,Monthly,4,Credit Card ,2,7.0,No
C07532,Male,45.0,,Monthly,7,Cash,2,10.0,No
C07533,Male,28.0,69.47,Yearly,12,Bank Transfer,3,3.0,No
C07534,Male,39.0,44.98,Monthly,3,Credit Card,0,5.0,No
C07535,male,23.0,50.66,Monthly,72,Credit Card,3,8.0,Yes
C07536,Female,30.0,60.88,Monthly,4,Credit Card,1,2.0,No
C07537,M,37.0,80.7,Yearly,10,Credit Card,5,,No
C07538,Male,59.0,38.22,Monthly,10,Bank Transfer,5,5.0,No
C07539,Male,39.0,14.02,Monthly,8,Cash,5,5.0,No
C07540,Male,57.0,74.13,Two-Year,4,Credit Card,4,6.0,No
C07541,Male,40.0,82.89,Yearly,10,E-Wallet,3,7.0,No
C07542,Male,33.0,59.74,Monthly,2,Cash,2,4.0,Yes
C07543,Female,56.0,61.6,Monthly,6,Credit Card,0,5.0,No
C07544,Female,43.0,42.35,Two-Year,4,Credit Card,6,7.0,Yes
C07545,Male,30.0,68.38,Yearly,2,Bank Transfer,2,9.0,Yes
C07546,Male,43.0,80.15,Monthly,32,E-Wallet,2,6.0,No
C07547,Female,34.0,56.0,Monthly,15,Credit Card,3,10.0,No
C07548,Male,18.0,167.51,Monthly,3,Bank Transfer,3,6.0,No
C07549,Female,49.0,27.01,Monthly,36,Credit Card ,3,,No
C07550,Female,51.0,58.75,Monthly,3,Bank Transfer,2,5.0,No
C07551,Female,60.0,32.19,Monthly,4,Bank Transfer,1,7.0,Yes
C07552,Male,43.0,81.12,Yearly,2,Bank Transfer,2,9.0,No
C07553,Female,35.0,26.8,Monthly,16,Bank Transfer,3,8.0,No
C07554,Male,48.0,29.96,Yearly,11,E-Wallet,5,,No
C07555,Female,48.0,41.06,Monthly,1,,1,7.0,No
C07556,Male,57.0,61.54,Monthly,1,Bank Transfer,1,5.0,Yes
C07557,F,37.0,41.76,Monthly,10,Credit Card,3,6.0,No
C07558,Male,36.0,41.95,Monthly,13,Cash,2,8.0,No
C07559,Female,29.0,50.33,Monthly,21,Credit Card,3,6.0,No
C07560,Female,44.0,48.96,Monthly,8,Credit Card,5,8.0,No
C07561,Female,19.0,106.63,Yearly,14,Credit Card,3,,No
C07562,Female,47.0,, Monthly ,16,Cash,2,7.0,No
C07563,F,45.0,47.18,Yearly,12,E-Wallet,2,5.0,No
C07564,Female,45.0,140.28,Yearly,6,Bank Transfer,1,15.0,No
C07565,Male,39.0,68.12, Monthly ,2,Cash,3,3.0,No
C07566,Female,56.0,35.3,Monthly,13,Cash,0,7.0,Yes
C07567,Female,48.0,61.28,Two-Year,18,Bank Transfer,3,4.0,Yes
C07568,Male,,69.48,Monthly,3,Bank Transfer,2,7.0,Yes
C07569,Female,30.0,,Yearly,9,Cash,3,8.0,No
C07570,Male,27.0,,Monthly,7,Credit Card,2,7.0,No
C07571,Male,44.0,56.76,Monthly,3,Bank Transfer,3,10.0,No
C07572,Female,25.0,46.43,Two-Year,4,E-Wallet,1,9.0,No
C07573,Male,51.0,,Monthly,4,E-Wallet,2,7.0,No
C07574,Female,53.0,76.21,Monthly,7,Credit Card,1,10.0,No
C07575,Male,27.0,40.92,Monthly,6,Credit Card,2,7.0,No
C07576,Male,35.0,66.13,Monthly,10,E-Wallet,2,6.0,No
C07577,Female,38.0,96.56,Yearly,2,Credit Card,2,5.0,No
C07578,male,48.0,29.16,Monthly,11,Cash,4,,No
C07579,Female,57.0,34.46,Yearly,1,Credit Card,1,7.0,No
C07580,Female,18.0,54.32,Monthly,4,Bank Transfer,0,7.0,Yes
C07581,Female,34.0,55.48,Monthly,9,Bank Transfer,4,6.0,Yes
C07582,Male,34.0,53.33,Monthly,14,Credit Card,4,7.0,No
C07583,male,21.0,47.47,Monthly,18,Credit Card,1,10.0,Yes
C07584,Male,32.0,47.15,Two-Year,1,,1,7.0,No
C07585,Female,43.0,64.9,Yearly,10,Bank Transfer,1,9.0,No
C07586,Female,34.0,90.95,Monthly,6,Bank Transfer,6,9.0,Yes
C07587,Male,19.0,,Monthly,15,Bank Transfer,3,4.0,Yes
C07588,Female,72.0,163.58,Monthly,5,Credit Card,3,7.0,Yes
C07589,Female,41.0,131.94,Monthly,17,Credit Card,2,6.0,No
C07590,Male,39.0,99.3,Yearly,12,Bank Transfer,0,4.0,No
C07591,Male,24.0,72.25,Yearly,19,Credit Card,0,3.0,No
C07592,Female,41.0,134.77,Monthly,50,Credit Card,3,10.0,Yes
C07593,Female,36.0,47.92,Yearly,29,Bank Transfer,3,9.0,No
C07594,Female,18.0,37.54,Monthly,11,Bank Transfer,1,5.0,No
C07595,Male,25.0,43.09,Monthly,27,,3,6.0,No
C07596,Female,47.0,34.77,Yearly,2,Credit Card,1,7.0,No
C07597,Male,61.0,57.67, Monthly ,1,E-Wallet,2,7.0,No
C07598,Male,42.0,62.48,Monthly,10,E-Wallet,3,6.0,No
C07599,Female,51.0,59.76,Monthly,44,Credit Card,3,5.0,No
C07600,Male,36.0,54.29,Monthly,15,Credit Card,2,9.0,No
C07601,Female,36.0,57.97,Monthly,5,E-Wallet,4,4.0,Yes
C07602,Male,51.0,119.26,Monthly,14,Cash,1,4.0,No
C07603,Female,,4980.0,Monthly,1,Credit Card,4,7.0,No
C07604,Female,53.0,82.69,Monthly,8,E-Wallet,0,6.0,No
C07605,Male,25.0,59.49,Monthly,4,Bank Transfer,5,5.0,No
C07606,Female,37.0,26.39,Monthly,1,Credit Card,5,3.0,Yes
C07607,Male,41.0,24.14,Monthly,4,E-Wallet,1,8.0,No
C07608,Female,34.0,139.39,Yearly,16,Bank Transfer,2,4.0,No
C07609,Male,42.0,42.98,Yearly,10,Credit Card,1,5.0,No
C07610,FEMALE,47.0,41.37,Monthly,1,Credit Card,3,8.0,No
C07611,Male,50.0,60.98,Yearly,7,E-Wallet,3,6.0,No
C07612,Male,58.0,69.94,Monthly,17,E-Wallet,2,4.0,No
C07613,Female,34.0,74.04,Monthly,38,Credit Card,2,5.0,No
C07614,Male,21.0,121.33,Monthly,25,E-Wallet,0,10.0,No
C07615,Male,42.0,107.27, Monthly ,1,Credit Card,2,6.0,No
C07616,Male,60.0,37.9,Monthly,3,Bank Transfer,1,6.0,No
C07617,Male,32.0,84.43,Monthly,3,Cash,1,8.0,No
C07618,Female,46.0,45.93,Monthly,7,Credit Card,3,,No
C07619,Female,46.0,51.32,Monthly,13,Credit Card,1,10.0,No
C07620,Male,40.0,33.37,Monthly,2,E-Wallet,2,7.0,No
C07621,Female,38.0,25.49,Monthly,30,Credit Card ,4,8.0,No
C07622,Female,26.0,53.83,Monthly,19,,0,4.0,No
C07623,Male,18.0,35.51,Monthly,7,E-Wallet,4,6.0,No
C07624,Female,24.0,,Monthly,11,Cash,3,7.0,No
C07625,Male,33.0,,Yearly,10,Bank Transfer,2,7.0,No
C07626,Female,51.0,62.73,Monthly,11,Credit Card,1,6.0,No
C07627,Female,36.0,101.03,Monthly,24,Bank Transfer,2,8.0,Yes
C07628,Male,31.0,27.98,Monthly,3,E-Wallet,5,8.0,No
C07629,Female,27.0,39.41,Yearly,14,Credit Card,3,10.0,No
C07630,Female,45.0,59.23,Monthly,2,Credit Card,3,5.0,No
C07631,Male,54.0,62.84,Monthly,8,Credit Card,0,,No
C07632,Female,50.0,89.71,Monthly,13,Credit Card,3,10.0,Yes
C07633,Male,45.0,80.66,Monthly,1,E-Wallet,2,10.0,Yes
C07634,Female,20.0,57.03,Monthly,2,Credit Card,3,6.0,No
C07635,Female,33.0,62.59,Monthly,2,E-Wallet,5,7.0,No
C07636,Male,61.0,63.37,Monthly,6,Credit Card,0,8.0,No
C07637,Male,51.0,28.18,Monthly,12,Cash,3,5.0,No
C07638,Female,,50.89,Monthly,67,Bank Transfer,2,4.0,No
C07639,Male,37.0,61.06,Yearly,4,Credit Card,1,5.0,No
C07640,Male,42.0,67.11,Monthly,2, E-Wallet,3,8.0,No
C07641,Male,28.0,36.02,Two-Year,7,Bank Transfer,3,6.0,No
C07642,Male,,30.85,Two-Year,2,Bank Transfer,4,10.0,No
C07643,Male,39.0,49.13,Yearly,1,Cash,2,7.0,No
C07644,Male,28.0,132.33,Two-Year,10,Bank Transfer,1,8.0,No
C07645,Male,28.0,37.76,Monthly,26,E-Wallet,6,5.0,No
C07646,Female,33.0,92.6,Yearly,24,Credit Card,2,7.0,No
C07647,Male,36.0,111.4,Monthly,2,E-Wallet,1,6.0,No
C07648,Male,37.0,55.73,Yearly,2,Credit Card,0,5.0,No
C07649,Male,27.0,40.21,Monthly,9,E-Wallet,1,7.0,No
C07650,Female,35.0,,Monthly,6,Credit Card,1,10.0,No
C07651,Male,18.0,59.61,Two-Year,15,Credit Card,1,5.0,No
C07652,Male,41.0,37.09,Monthly,9,,3,4.0,No
C07653,Male,18.0,40.59,Yearly,1,Credit Card,4,3.0,Yes
C07654,Female,34.0,66.96,Monthly,5,Credit Card,4,1.0,Yes
C07655,Female,49.0,83.1,Monthly,28,Bank Transfer,8,9.0,No
C07656,Female,25.0,47.22,Monthly,9,Cash,2,8.0,Yes
C07657,Female,46.0,52.93,Monthly,20,E-Wallet,3,10.0,No
C07658,Female,51.0,,Two-Year,7,Credit Card,4,7.0,No
C07659,Male,18.0,50.52,Two-Year,14,E-Wallet,1,5.0,No
C07660,Female,36.0,47.72,Yearly,3,Bank Transfer,3,6.0,Yes
C07661,Male,18.0,38.87,Yearly,17,Cash,1,6.0,No
C07662,Female,36.0,38.56,Monthly,19,Bank Transfer,2,,No
C07663,Female,37.0,181.45,Monthly,2,Bank Transfer,3,9.0,No
C07664,Male,18.0,49.98,Monthly,3,Bank Transfer,2,10.0,Yes
C07665,Male,61.0,100.91,Monthly,8,,0,7.0,No
C07666,Male,41.0,116.49,Monthly,13,E-Wallet,3,5.0,No
C07667,Female,27.0,50.27,Monthly,13,Credit Card,2,7.0,No
C07668,Female,55.0,64.44,Monthly,14,Credit Card,2,5.0,No
C07669,Female,18.0,57.17,Monthly,16,Credit Card,4,5.0,No
C07670,Male,23.0,26.43,Monthly,9,Bank Transfer,3,8.0,No
C07671,Female,18.0,27.16,Monthly,11,Credit Card,3,5.0,No
C07672,Female,59.0,,Yearly,1,Credit Card,1,6.0,Yes
C07673,Female,,45.1,Monthly,3,Cash,6,4.0,Yes
C07674,Female,45.0,127.9,Monthly,9,Credit Card,2,6.0,No
C07675,Male,41.0,49.08,Yearly,17,Cash,2,10.0,No
C07676,Female,44.0,131.36,Monthly,20,Cash,3,8.0,No
C07677,Female,38.0,44.06,Monthly,16,,5,8.0,Yes
C07678,Female,41.0,129.09,Yearly,8,Credit Card,1,5.0,No
C07679,Male,39.0,68.57,Monthly,4,Credit Card,0,6.0,No
C07680,Male,30.0,70.35,Monthly,8,Cash,4,2.0,Yes
C07681,Female,37.0,43.37,Monthly,1,Cash,2,8.0,No
C07682,Female,41.0,70.78,Monthly,11,Cash,4,8.0,No
C07683,Female,,116.95,Monthly,1,Cash,0,8.0,No
C07684,Male,20.0,51.15,Monthly,2,Credit Card,3,9.0,No
C07685,FEMALE,21.0,46.87,Yearly,12,Bank Transfer,1,7.0,No
C07686,Female,50.0,48.86,Monthly,1,E-Wallet,3,4.0,Yes
C07687,Female,34.0,113.19,Monthly,11,Credit Card,0,7.0,No
C07688,Male,45.0,80.23,Monthly,13,Bank Transfer,4,9.0,No
C07689,Male,24.0,,Yearly,19,Credit Card,2,7.0,No
C07690,Female,20.0,62.87,Monthly,1,Credit Card,0,7.0,No
C07691,Male,27.0,,Monthly,1,Credit Card,2,6.0,Yes
C07692,Female,35.0,,Monthly,18,Credit Card,4,9.0,Yes
C07693,Male,30.0,,Monthly,5,Bank Transfer,4,5.0,No
C07694,Female,53.0,48.85,Monthly,27, E-Wallet,2,4.0,No
C07695,Female,40.0,101.08,Monthly,3,Credit Card,6,8.0,No
C07696,Female,60.0,64.37,Monthly,11,E-Wallet,1,8.0,No
C07697,Male,42.0,18.49,Monthly,2,E-Wallet,1,9.0,Yes
C07698,M,18.0,,Monthly,7,Credit Card,1,4.0,No
C07699,Male,50.0,30.8,Monthly,26,Credit Card,0,8.0,No
C07700,Male,19.0,80.37,Monthly,12,Credit Card,0,7.0,No
C07701,Female,40.0,81.92,Monthly,15,E-Wallet,7,8.0,No
C07702,Female,28.0,63.34,Yearly,4,Bank Transfer,0,7.0,Yes
C07703,Female,63.0,69.73,Monthly,31,Bank Transfer,3,8.0,No
C07704,Male,55.0,89.52,Two-Year,12,Credit Card,5,4.0,No
C07705,Male,29.0,43.68,Monthly,2,Credit Card,4,8.0,No
C07706,Male,36.0,78.03,Monthly,1,Cash,2,6.0,No
C07707,Female,40.0,92.14,Yearly,1,Credit Card,2,8.0,No
C07708,Female,48.0,120.55,Monthly,1,Bank Transfer,3,5.0,Yes
C07709,Female,38.0,33.19,Monthly,30,Credit Card,4,7.0,Yes
C07710,Female,,65.62,Monthly,6,Credit Card,1,7.0,No
C07711,Male,29.0,35.42,Monthly,5,Bank Transfer,2,7.0,No
C07712,Male,37.0,34.75,Yearly,7,Bank Transfer,0,7.0,No
C07713,Male,52.0,64.17,Monthly,7,Credit Card,4,5.0,Yes
C07714,Male,43.0,56.53,Two-Year,4,Credit Card,2,6.0,No
C07715,Male,28.0,91.4,Two-Year,2,E-Wallet,1,2.0,No
C07716,Female,45.0,,Monthly,2,Credit Card,1,6.0,No
C07717,Male,33.0,51.4,Monthly,11,E-Wallet,2,,No
C07718,FEMALE,48.0,60.05,Monthly,7,Cash,2,7.0,No
C07719,Male,68.0,37.05,Monthly,28,,1,,Yes
C07720,Female,33.0,39.43,Monthly,8,Credit Card,1,8.0,No
C07721,Female,47.0,90.22,Monthly,9,E-Wallet,2,7.0,No
C07722,Female,29.0,42.65,Monthly,32,Bank Transfer,3,7.0,No
C07723,Male,36.0,92.95,Monthly,9,Cash,2,5.0,No
C07724,Female,38.0,71.76,Monthly,9,E-Wallet,5,5.0,No
C07725,Female,35.0,27.21,Monthly,6,Bank Transfer,2,,No
C07726,Male,67.0,69.32,Monthly,15,Bank Transfer,3,8.0,No
C07727,Male,34.0,69.07,Yearly,6,Credit Card,4,5.0,No
C07728,Male,45.0,66.04,Yearly,11,Credit Card,4,3.0,No
C07729,Female,18.0,51.22,Monthly,8,Bank Transfer,2,7.0,No
C07730,Female,43.0,35.76,Two-Year,10,Bank Transfer,2,10.0,Yes
C07731,Female,51.0,100.06,Monthly,22,Bank Transfer,3,5.0,No
C07732,Male,31.0,52.16,Yearly,7,E-Wallet,4,6.0,No
C07733,Male,18.0,,Monthly,4,Credit Card,3,7.0,Yes
C07734,Female,37.0,67.08,Monthly,11,Credit Card,1,6.0,No
C07735,Male,,39.09,Monthly,34,Credit Card,2,9.0,No
C07736,M,46.0,35.62,Monthly,15,E-Wallet,1,,No
C07737,Female,,46.11,Yearly,5,Credit Card,0,9.0,No
C07738,male,33.0,40.47,Monthly,40,Credit Card,1,7.0,No
C07739,Female,27.0,36.22,Monthly,6,Credit Card,1,7.0,No
C07740,Male,23.0,78.48,Monthly,50,Bank Transfer,3,7.0,No
C07741,Female,40.0,51.87,Monthly,3,Bank Transfer,1,6.0,No
C07742,male,43.0,95.92,Monthly,72,Credit Card,3,5.0,No
C07743,Female,31.0,37.17,Two-Year,1,Bank Transfer,4,6.0,No
C07744,Male,150.0,,Monthly,15,E-Wallet,1,10.0,No
C07745,Male,43.0,,Monthly,17,E-Wallet,1,9.0,Yes
C07746,Female,38.0,125.86,Two-Year,14,Credit Card,0,6.0,Yes
C07747,Male,27.0,69.33,Monthly,19,E-Wallet,3,8.0,No
C07748,male,32.0,232.04,Monthly,8,Credit Card,3,8.0,No
C07749,Male,18.0,63.4,Monthly,1,E-Wallet,2,2.0,Yes
C07750,Female,40.0,60.7,Monthly,6, E-Wallet,6,6.0,No
C07751,Male,38.0,20.7,Monthly,13,Bank Transfer,6,4.0,Yes
C07752,Female,40.0,66.19,Monthly,13,Credit Card,3,7.0,No
C07753,Male,44.0,58.9,Monthly,3,E-Wallet,4,9.0,No
C07754,Male,42.0,45.45,Yearly,4,Credit Card,4,8.0,No
C07755,male,36.0,51.34,Monthly,9,E-Wallet,4,7.0,No
C07756,Female,38.0,52.95,Yearly,16,E-Wallet,2,5.0,No
C07757,Male,21.0,50.35,Monthly,23,E-Wallet,3,3.0,Yes
C07758,Female,30.0,139.82,Monthly,2,E-Wallet,5,8.0,No
C07759,FEMALE,38.0,46.21,Monthly,32,Credit Card,1,6.0,No
C07760,Male,29.0,58.92,Monthly,32, E-Wallet,2,7.0,Yes
C07761,Female,48.0,45.52,Monthly,1,E-Wallet,3,6.0,No
C07762,Male,30.0,77.68,Monthly,9,Bank Transfer,2,7.0,Yes
C07763,Male,40.0,,Yearly,11,E-Wallet,4,6.0,No
C07764,Female,39.0,48.14,Monthly,10,E-Wallet,3,7.0,No
C07765,Female,-5.0,22.95,Monthly,12,E-Wallet,1,6.0,No
C07766,Female,48.0,60.92,Monthly,9,,2,9.0,No
C07767,Male,46.0,47.5,Yearly,5,Credit Card,1,,No
C07768,Male,,53.13,Monthly,2,E-Wallet,2,10.0,No
C07769,Male,,32.07,Monthly,3,E-Wallet,2,8.0,No
C07770,Female,56.0,104.06,Yearly,17,Bank Transfer,3,,No
C07771,Male,32.0,80.28,Yearly,4,,4,10.0,No
C07772,Female,40.0,103.94,Monthly,22,Cash,1,10.0,No
C07773,Male,27.0,91.48,Monthly,7,Bank Transfer,6,,No
C07774,Male,18.0,71.27,Monthly,7,E-Wallet,2,6.0,No
C07775,Male,29.0,32.65,Two-Year,25,Bank Transfer,3,3.0,No
C07776,Male,31.0,125.15,Monthly,3,Credit Card,3,,Yes
C07777,male,33.0,35.97,Monthly,3,Bank Transfer,3,5.0,No
C07778,Female,26.0,48.39,Monthly,51,E-Wallet,1,8.0,No
C07779,M,29.0,75.05,Monthly,10,Cash,5,6.0,No
C07780,Male,37.0,4198.0,Monthly,3,Credit Card,2,8.0,No
C07781,F,28.0,70.63,Monthly,3,E-Wallet,2,9.0,Yes
C07782,Male,44.0,45.6,Monthly,24,,2,4.0,No
C07783,Female,46.0,,Two-Year,11,Credit Card,2,,No
C07784,Male,66.0,170.81,Yearly,2,E-Wallet,2,8.0,No
C07785,Female,,53.64,Two-Year,27,Credit Card,3,3.0,No
C07786,Male,,50.76,Yearly,8,E-Wallet,3,10.0,No
C07787,Male,30.0,39.6,Monthly,55,Credit Card,2,8.0,No
C07788,Female,41.0,60.95,Monthly,4,E-Wallet,5,7.0,No
C07789,Male,41.0,59.69,Monthly,10,Credit Card,0,6.0,No
C07790,Female,31.0,54.2,Monthly,3,Credit Card,5,10.0,No
C07791,Female,47.0,64.83,Monthly,7,Credit Card,3,4.0,No
C07792,Male,21.0,120.73,Monthly,3,Bank Transfer,2,10.0,No
C07793,Male,35.0,41.77,Two-Year,5,Credit Card,5,1.0,No
C07794,Female,44.0,55.67,Monthly,4,Credit Card,7,5.0,No
C07795,Female,34.0,40.79,Monthly,4,Credit Card,2,6.0,No
C07796,Male,35.0,62.34,Monthly,43,Bank Transfer,3,8.0,No
C07797,Female,36.0,42.27,Yearly,1,E-Wallet,7,5.0,No
C07798,Male,27.0,43.1,Two-Year,9,Cash,5,5.0,No
C07799,Male,52.0,28.31,Monthly,12,Bank Transfer,2,7.0,No
C07800,Male,25.0,57.05,Monthly,13,Bank Transfer,4,4.0,No
C07801,M,41.0,,Monthly,17,Cash,3,8.0,Yes
C07802,Male,42.0,126.12,Two-Year,18,Cash,5,3.0,No
C07803,Female,26.0,67.44,Monthly,38,Credit Card,1,4.0,Yes
C07804,Male,38.0,44.6,Yearly,17,Bank Transfer,2,5.0,No
C07805,Male,27.0,29.61,Monthly,21, E-Wallet,5,6.0,Yes
C07806,Male,54.0,31.51,Monthly,10,E-Wallet,3,6.0,No
C07807,Female,24.0,30.48,Monthly,13,E-Wallet,2,10.0,No
C07808,Female,30.0,127.12,Yearly,8,Bank Transfer,5,7.0,No
C07809,Male,23.0,62.15,Two-Year,4,Bank Transfer,2,6.0,No
C07810,Male,,42.0,Yearly,5,E-Wallet,1,6.0,No
C07811,Male,,35.45,Monthly,6,Credit Card,1,7.0,No
C07812,Male,44.0,37.14,Monthly,5,Bank Transfer,2,3.0,Yes
C07813,Male,39.0,41.51,Yearly,10,Bank Transfer,1,3.0,No
C07814,Male,,98.72,Monthly,4,E-Wallet,0,1.0,No
C07815,Male,48.0,1037.0,Two-Year,9,Credit Card,3,5.0,No
C07816,Male,28.0,,Monthly,30,Bank Transfer,6,10.0,No
C07817,Male,47.0,154.42,Two-Year,7,Credit Card,5,5.0,Yes
C07818,Female,27.0,32.69,Yearly,4,E-Wallet,1,4.0,No
C07819,Female,30.0,41.85,Monthly,6,E-Wallet,4,7.0,No
C07820,Female,47.0,98.45,Monthly,26,E-Wallet,3,9.0,No
C07821,Male,48.0,65.81,Monthly,35,Credit Card,1,8.0,No
C07822,Male,45.0,,Monthly,27,Bank Transfer,2,8.0,No
C07823,M,25.0,,Monthly,5,,2,9.0,No
C07824,Female,32.0,35.34,Monthly,6,E-Wallet,3,6.0,Yes
C07825,Male,39.0,36.31,Monthly,45,Credit Card,2,4.0,No
C07826,Female,27.0,54.77,Monthly,5,E-Wallet,3,8.0,No
C07827,Female,54.0,59.5,Two-Year,2,Credit Card,0,6.0,No
C07828,Male,18.0,51.07,Monthly,4,Bank Transfer,1,5.0,No
C07829,Female,28.0,53.64,Yearly,40,Credit Card,5,3.0,No
C07830,Male,31.0,34.03,Monthly,7,Bank Transfer,2,8.0,No
C07831,Male,18.0,62.3,Yearly,33,Bank Transfer,2,4.0,No
C07832,Male,21.0,97.15,Monthly,2,,3,7.0,No
C07833,Male,45.0,50.74,Monthly,18,Credit Card,5,6.0,Yes
C07834,Female,38.0,50.3,Monthly,2,Credit Card,1,9.0,No
C07835,Male,56.0,56.68,Two-Year,3,Credit Card ,2,8.0,Yes
C07836,Male,56.0,90.3,Monthly,12,E-Wallet,3,7.0,No
C07837,Female,43.0,36.5,Monthly,7,E-Wallet,4,7.0,No
C07838,Female,41.0,,Yearly,14,E-Wallet,2,3.0,No
C07839,Male,,65.99,Monthly,44,Cash,3,,No
C07840,Female,18.0,55.31,Monthly,1,Bank Transfer,4,5.0,Yes
C07841,Female,21.0,94.25,Monthly,3,E-Wallet,0,7.0,Yes
C07842,Male,39.0,,Monthly,13,Credit Card,7,6.0,No
C07843,Male,45.0,69.06,Monthly,28,Cash,2,4.0,No
C07844,Male,41.0,66.26,Monthly,20,Bank Transfer,2,6.0,No
C07845,Female,27.0,35.84,Monthly,8,E-Wallet,5,3.0,Yes
C07846,Female,49.0,67.17,Monthly,17,Credit Card,2,9.0,Yes
C07847,M,55.0,,Monthly,3,Bank Transfer,2,7.0,No
C07848,Male,49.0,50.38,Yearly,1,E-Wallet,4,,No
C07849,Male,49.0,80.5,Two-Year,11,Credit Card,3,5.0,No
C07850,Male,31.0,42.21,Monthly,21,Credit Card,2,2.0,No
C07851,Male,50.0,,Yearly,7,E-Wallet,1,7.0,No
C07852,Female,39.0,51.46,Two-Year,11,Credit Card,1,5.0,No
C07853,Female,44.0,41.4,Monthly,7,Bank Transfer,1,10.0,No
C07854,Male,42.0,68.46,Two-Year,9,Bank Transfer,1,7.0,No
C07855,Male,36.0,,Monthly,26,Credit Card,2,9.0,No
C07856,Male,27.0,28.14,Yearly,8,Credit Card,5,6.0,Yes
C07857,Male,,24.28,Monthly,1, E-Wallet,1,9.0,Yes
C07858,Male,49.0,77.87,Monthly,20,Credit Card,2,5.0,Yes
C07859,Male,32.0,31.52,Yearly,12,Credit Card,4,,No
C07860,Male,48.0,61.91,Monthly,16,Credit Card,4,6.0,No
C07861,Male,46.0,55.97,Monthly,28,Credit Card,3,9.0,Yes
C07862,Male,34.0,46.25,Monthly,5,Bank Transfer,3,5.0,No
C07863,Male,54.0,131.7,Yearly,9,Credit Card,2,6.0,No
C07864,Female,33.0,59.2, Monthly ,12,Bank Transfer,2,7.0,No
C07865,Male,56.0,76.71,Monthly,6,E-Wallet,1,5.0,Yes
C07866,M,43.0,62.06,Monthly,23,Bank Transfer,3,8.0,No
C07867,Male,37.0,49.2,Monthly,15,Bank Transfer,2,8.0,No
C07868,Male,27.0,54.13,Monthly,16,E-Wallet,2,10.0,Yes
C07869,Male,36.0,3327.0,Yearly,20,E-Wallet,3,9.0,Yes
C07870,Male,35.0,89.09,Yearly,4,Bank Transfer,1,7.0,No
C07871,Female,22.0,,Monthly,17,Credit Card,3,5.0,No
C07872,Male,35.0,60.32,Two-Year,18,Bank Transfer,1,8.0,No
C07873,Female,28.0,36.8,Yearly,23,Bank Transfer,0,6.0,No
C07874,FEMALE,45.0,44.78,Monthly,9,Credit Card,2,10.0,No
C07875,Female,53.0,31.99,Monthly,9,Credit Card,4,6.0,No
C07876,Female,23.0,77.11,Monthly,2,Cash,2,4.0,No
C07877,Female,58.0,41.94,Monthly,23,E-Wallet,1,7.0,No
C07878,Male,36.0,13.81,Yearly,10,Credit Card,2,7.0,No
C07879,Female,26.0,165.45,Monthly,11,Bank Transfer,1,7.0,No
C07880,Male,47.0,42.23,Yearly,2,Credit Card,1,,No
C07881,Male,32.0,42.12,Monthly,12,Credit Card,4,4.0,No
C07882,Male,37.0,,Yearly,1,Credit Card,2,7.0,No
C07883,Female,33.0,31.7,Monthly,31,Bank Transfer,4,4.0,No
C07884,Female,,91.06,Monthly,24,Cash,2,1.0,No
C07885,Male,46.0,41.92,Monthly,3,E-Wallet,4,6.0,Yes
C07886,Female,34.0,30.09,Yearly,11,Credit Card,0,,Yes
C07887,Male,20.0,117.63,Yearly,12,Credit Card,1,10.0,No
C07888,Male,44.0,82.71,Monthly,20,Bank Transfer,3,,No
C07889,Male,23.0,82.6,Monthly,17,Credit Card,2,,No
C07890,Male,24.0,64.42,Monthly,60,E-Wallet,3,7.0,Yes
C07891,Male,52.0,71.49,Yearly,6,Credit Card,5,7.0,No
C07892,Male,23.0,31.36,Monthly,2,Credit Card,4,10.0,Yes
C07893,Female,18.0,57.41,Monthly,11,Bank Transfer,5,4.0,No
C07894,Male,45.0,35.95,Monthly,18,Credit Card,1,2.0,No
C07895,Male,34.0,29.22,Monthly,5,Bank Transfer,4,6.0,No
C07896,Female,35.0,65.69,Monthly,4,Cash,3,6.0,No
C07897,Female,34.0,91.94,Two-Year,20,E-Wallet,4,7.0,No
C07898,Male,40.0,45.95,Yearly,17,E-Wallet,5,10.0,No
C07899,Male,28.0,49.63,Yearly,3,Bank Transfer,2,8.0,No
C07900,Female,55.0,32.71,Monthly,25,Credit Card,0,7.0,No
C07901,Female,20.0,54.78,Monthly,2,Credit Card,2,8.0,No
C07902,Male,43.0,76.86,Two-Year,2,E-Wallet,5,5.0,No
C07903,Male,45.0,77.96,Monthly,6,Bank Transfer,4,3.0,No
C07904,Female,28.0,69.78,Monthly,27,Bank Transfer,2,5.0,No
C07905,Male,25.0,41.33,Monthly,15,Credit Card,6,7.0,Yes
C07906,Female,50.0,40.75,Monthly,7,E-Wallet,5,10.0,No
C07907,Male,26.0,78.1,Monthly,3,E-Wallet,0,6.0,No
C07908,Female,30.0,78.68,Yearly,15,Credit Card,1,8.0,No
C07909,Male,,50.53,Two-Year,11,E-Wallet,8,10.0,No
C07910,Male,38.0,,Monthly,53,E-Wallet,0,8.0,No
C07911,Female,18.0,92.32,Monthly,18,Credit Card,2,8.0,No
C07912,Male,,46.43,Monthly,2,Bank Transfer,1,,No
C07913,Female,31.0,76.38,Monthly,16,E-Wallet,7,5.0,No
C07914,Male,33.0,51.34,Two-Year,4,Bank Transfer,4,8.0,No
C07915,Male,41.0,34.08,Monthly,40,E-Wallet,5,8.0,No
C07916,Male,45.0,112.79,Monthly,1,Credit Card,3,2.0,No
C07917,Female,61.0,57.63,Monthly,4,Credit Card,3,7.0,No
C07918,Male,18.0,39.65,Yearly,9,Credit Card,0,6.0,No
C07919,Male,47.0,29.2,Monthly,1,Cash,2,5.0,No
C07920,Male,46.0,30.55,Monthly,6,Credit Card,1,7.0,No
C07921,FEMALE,36.0,46.16,Monthly,9,E-Wallet,3,6.0,No
C07922,Female,47.0,129.84,Monthly,8,Credit Card,2,10.0,No
C07923,Male,49.0,41.97,Monthly,8,Credit Card,1,7.0,No
C07924,Male,21.0,104.73,Yearly,26,Credit Card,0,4.0,Yes
C07925,Female,58.0,51.48,Monthly,9,Bank Transfer,2,10.0,No
C07926,Male,19.0,32.09,Monthly,34,Credit Card,3,4.0,Yes
C07927,Female,24.0,44.13,Yearly,2,Cash,2,10.0,No
C07928,Female,34.0,30.68,Monthly,4,E-Wallet,0,7.0,No
C07929,Female,61.0,37.14,Yearly,13,Credit Card,6,5.0,No
C07930,Male,34.0,36.65,Yearly,4,E-Wallet,2,8.0,No
C07931,Female,37.0,23.18,Monthly,6,Bank Transfer,3,7.0,No
C07932,Female,55.0,107.85,Yearly,28,Cash,2,4.0,No
C07933,Female,34.0,60.04,Monthly,10,Credit Card,2,,No
C07934,Male,23.0,40.09,Monthly,5,Bank Transfer,3,10.0,No
C07935,Male,32.0,60.33,Yearly,18,Credit Card,4,8.0,No
C07936,Male,54.0,37.49,Yearly,1,E-Wallet,2,0.0,Yes
C07937,Male,38.0,16.41,Monthly,10,Credit Card,3,9.0,No
C07938,Female,61.0,206.54,Monthly,2,Bank Transfer,4,8.0,No
C07939,Male,46.0,59.46,Monthly,3, E-Wallet,2,3.0,No
C07940,Male,30.0,41.89,Yearly,1,,3,9.0,No
C07941,Male,38.0,22.87,Two-Year,28,Bank Transfer,3,9.0,No
C07942,Female,27.0,27.87,Monthly,1,Bank Transfer,2,5.0,Yes
C07943,Female,29.0,114.95,Monthly,9,Bank Transfer,0,8.0,No
C07944,Male,80.0,107.33,Yearly,4,Bank Transfer,0,10.0,No
C07945,Male,50.0,76.63,Monthly,6,Bank Transfer,1,5.0,No
C07946,Male,48.0,33.06,Monthly,9,,6,10.0,No
C07947,Female,30.0,107.71,Monthly,8,Credit Card,7,9.0,No
C07948,Female,56.0,66.85,Monthly,17,Credit Card,5,5.0,No
C07949,Female,51.0,73.31,Two-Year,30,Credit Card,1,3.0,No
C07950,Male,60.0,66.74,Two-Year,5,Bank Transfer,1,5.0,No
C07951,F,,27.71,Monthly,1,Credit Card,2,4.0,No
C07952,Male,20.0,31.84,Two-Year,27,Cash,3,11.0,No
C07953,Female,24.0,43.4,Monthly,47,Bank Transfer,2,8.0,No
C07954,male,25.0,72.94,Yearly,7,E-Wallet,4,8.0,No
C07955,Female,26.0,29.34,Monthly,8,,2,8.0,No
C07956,Female,41.0,50.46,Yearly,2,,3,6.0,No
C07957,Female,31.0,50.43,Monthly,8,Credit Card,1,10.0,No
C07958,Female,62.0,78.0,Monthly,5,Bank Transfer,3,10.0,No
C07959,Male,60.0,73.97,Two-Year,63,Credit Card,3,7.0,No
C07960,Male,37.0,34.65,Monthly,3,E-Wallet,2,8.0,No
C07961,Female,61.0,104.69,Two-Year,6,E-Wallet,3,7.0,No
C07962,Male,55.0,32.35,Monthly,12,E-Wallet,4,,No
C07963,Male,32.0,89.26,Monthly,6,E-Wallet,4,8.0,No
C07964,Male,18.0,42.62,Yearly,8,Bank Transfer,0,6.0,No
C07965,Female,35.0,58.78,Monthly,44,Bank Transfer,1,5.0,No
C07966,male,30.0,60.44,Monthly,9,Bank Transfer,3,7.0,Yes
C07967,Male,40.0,59.68,Monthly,29,Credit Card,0,6.0,No
C07968,Male,39.0,,Monthly,1,Bank Transfer,0,6.0,No
C07969,Male,38.0,65.12,Monthly,2,Bank Transfer,2,4.0,No
C07970,Female,44.0,,Monthly,35,E-Wallet,2,7.0,No
C07971,Female,23.0,,Monthly,2,Credit Card,1,7.0,No
C07972,Female,42.0,30.91,Monthly,17,Credit Card,1,7.0,No
C07973,Male,32.0,61.65,Two-Year,8,Credit Card ,2,6.0,No
C07974,Female,40.0,42.36,Monthly,7, E-Wallet,2,7.0,No
C07975,Male,49.0,33.14,Monthly,13,Cash,2,7.0,No
C07976,Male,23.0,47.92,Monthly,16,Credit Card,3,5.0,No
C07977,Female,34.0,59.29,Monthly,33,,2,,No
C07978,Female,36.0,,Monthly,4,Bank Transfer,5,4.0,No
C07979,Female,31.0,87.81,Monthly,15,Credit Card,1,8.0,No
C07980,Female,48.0,98.33,Yearly,6,E-Wallet,4,7.0,No
C07981,Male,29.0,63.52,Yearly,16,Credit Card,3,8.0,No
C07982,Male,31.0,68.9,Monthly,2,E-Wallet,1,6.0,No
C07983,Female,29.0,56.99,Monthly,8,E-Wallet,3,6.0,No
C07984,Male,51.0,77.11,Monthly,3,E-Wallet,4,6.0,No
C07985,Male,32.0,67.98,Monthly,5,Credit Card,0,8.0,Yes
C07986,Female,43.0,53.28,Yearly,16,Cash,6,7.0,No
C07987,Female,61.0,143.8,Yearly,4,E-Wallet,3,,No
C07988,Male,37.0,42.7,Monthly,14,Cash,1,6.0,No
C07989,Female,51.0,105.06,Yearly,9,Credit Card,4,6.0,No
C07990,Female,58.0,29.68,Yearly,2,,3,9.0,No
C07991,Female,50.0,78.74,Monthly,6,Credit Card,2,,Yes
C07992,Male,37.0,104.21,Monthly,25,Credit Card,3,7.0,No
C07993,Male,45.0,23.14,Yearly,55,Credit Card,2,7.0,No
C07994,Male,22.0,58.12,Monthly,6,Bank Transfer,5,4.0,Yes
C07995,Male,28.0,75.33,Yearly,1,Credit Card,2,4.0,No
C07996,Male,30.0,61.15,Monthly,2,Bank Transfer,3,6.0,No
C07997,Male,64.0,64.73,Monthly,19,Bank Transfer,3,4.0,No
C07998,Male,28.0,58.05,Monthly,13,Cash,0,6.0,No
C07999,Female,28.0,,Monthly,5,E-Wallet,3,5.0,No
C08000,Male,25.0,158.48,Monthly,6,E-Wallet,1,8.0,Yes
C08001,Female,44.0,43.53,Yearly,21,E-Wallet,3,7.0,No
C08002,Female,39.0,,Yearly,7,Credit Card,5,9.0,No
C08003,Male,51.0,,Two-Year,17,Credit Card,1,7.0,No
C08004,Female,46.0,19.61,Monthly,5,Bank Transfer,3,9.0,No
C08005,Female,21.0,36.02,Monthly,16,E-Wallet,2,6.0,Yes
C08006,Male,28.0,28.46,Monthly,8,E-Wallet,1,10.0,No
C08007,Female,54.0,89.23,Monthly,10,Bank Transfer,4,4.0,Yes
C08008,Male,35.0,41.55,Monthly,11,Cash,3,2.0,No
C08009,Female,52.0,43.32,Monthly,8,E-Wallet,1,6.0,No
C08010,Male,36.0,33.82,Monthly,8,Credit Card,4,10.0,No
C08011,Female,,56.96,Monthly,4,Bank Transfer,2,8.0,Yes
C08012,F,34.0,39.55,Monthly,52,Cash,3,5.0,No
C08013,Female,26.0,85.33,Monthly,29,Bank Transfer,4,4.0,No
C08014,Male,31.0,62.55,Yearly,9,Credit Card,2,2.0,No
C08015,Female,40.0,42.21,Yearly,1,Credit Card,3,6.0,No
C08016,Female,44.0,80.05,Monthly,3,Bank Transfer,0,5.0,No
C08017,Male,18.0,,Yearly,24,E-Wallet,3,,No
C08018,F,37.0,,Monthly,33,Credit Card,1,9.0,No
C08019,Male,30.0,28.27,Monthly,3,E-Wallet,1,6.0,No
C08020,F,30.0,52.88,Monthly,16,Cash,2,4.0,No
C08021,Male,39.0,63.1,Yearly,12,E-Wallet,2,7.0,No
C08022,Female,31.0,,Monthly,5,Cash,3,9.0,No
C08023,Female,54.0,38.93,Monthly,7,Credit Card,2,7.0,Yes
C08024,Male,52.0,152.19,Monthly,14,Bank Transfer,0,6.0,Yes
C08025,Male,52.0,70.15,Monthly,2,Credit Card,5,5.0,Yes
C08026,Male,32.0,27.56,Monthly,3,E-Wallet,2,9.0,No
C08027,Female,26.0,37.32,Yearly,1,Cash,3,7.0,No
C08028,Male,38.0,103.49,Yearly,28,Credit Card,2,6.0,No
C08029,Female,36.0,95.53,Two-Year,11,,1,6.0,No
C08030,Female,30.0,55.04,Yearly,9,Credit Card,4,7.0,No
C08031,Male,,58.41,Monthly,15,Credit Card,1,3.0,Yes
C08032,Female,,32.33,Monthly,54,Bank Transfer,1,2.0,Yes
C08033,Male,33.0,98.95,Monthly,3,E-Wallet,1,5.0,No
C08034,Male,46.0,35.01,Monthly,2,Credit Card,3,8.0,No
C08035,Female,45.0,79.85,Monthly,5,Credit Card ,0,5.0,No
C08036,Male,51.0,100.33,Yearly,29,Credit Card,0,,Yes
C08037,Male,22.0,55.79,Monthly,7,Credit Card,1,7.0,No
C08038,Female,42.0,84.39,Yearly,19,Bank Transfer,2,6.0,No
C08039,Male,29.0,125.39,Monthly,3,Credit Card,3,2.0,Yes
C08040,Female,23.0,61.6,Monthly,9,Bank Transfer,3,7.0,No
C08041,Female,32.0,50.46,Monthly,2,E-Wallet,4,10.0,No
C08042,Male,50.0,52.98,Monthly,7,Bank Transfer,2,4.0,Yes
C08043,Male,33.0,39.08,Monthly,4,Cash,4,8.0,No
C08044,Female,56.0,38.69,Monthly,10,E-Wallet,1,2.0,No
C08045,Male,44.0,66.63,Monthly,19,Credit Card,5,9.0,No
C08046,Male,33.0,50.72,Monthly,34,Credit Card,5,2.0,No
C08047,Female,51.0,63.27,Yearly,5,E-Wallet,3,7.0,No
C08048,Male,43.0,4067.0,Monthly,17,Credit Card,2,7.0,No
C08049,Female,26.0,52.37,Yearly,27,Credit Card,1,8.0,Yes
C08050,Male,60.0,86.8,Monthly,2,E-Wallet,4,9.0,No
C08051,male,41.0,33.0,Monthly,11,Credit Card,3,6.0,No
C08052,Male,38.0,55.01,Yearly,12,Bank Transfer,3,5.0,No
C08053,Female,27.0,23.7,Yearly,4,E-Wallet,2,5.0,No
C08054,Female,52.0,,Yearly,1,E-Wallet,0,6.0,No
C08055,Female,44.0,78.53,Monthly,4,E-Wallet,1,7.0,Yes
C08056,Male,45.0,47.5,Monthly,11,Bank Transfer,3,7.0,No
C08057,Male,31.0,123.96,Monthly,3,E-Wallet,2,,No
C08058,Male,48.0,66.33,Monthly,5,Credit Card,3,8.0,No
C08059,Male,48.0,69.32,Two-Year,15,Credit Card,4,8.0,No
C08060,Female,29.0,33.64,Monthly,7,Credit Card,1,10.0,Yes
C08061,Female,20.0,45.91,Monthly,1,Credit Card,4,9.0,No
C08062,Male,44.0,39.26,Monthly,7,E-Wallet,3,8.0,No
C08063,Female,19.0,33.8,Yearly,72,Credit Card,5,6.0,No
C08064,Male,39.0,73.61,Monthly,4,Bank Transfer,2,3.0,No
C08065,Female,32.0,80.56,Two-Year,4,,1,3.0,No
C08066,Male,52.0,65.33,Monthly,3,Credit Card,6,8.0,No
C08067,M,33.0,37.61,Yearly,4,E-Wallet,2,7.0,Yes
C08068,M,51.0,63.36,Monthly,11,E-Wallet,2,5.0,No
C08069,Male,31.0,23.09,Yearly,41,E-Wallet,3,6.0,No
C08070,Female,49.0,99.02,Monthly,12,E-Wallet,3,5.0,No
C08071,FEMALE,62.0,30.44,Yearly,7,Credit Card,2,6.0,No
C08072,Male,25.0,32.98,Monthly,6,Cash,1,5.0,No
C08073,Female,41.0,57.51,Monthly,1,Credit Card,1,8.0,No
C08074,Female,70.0,59.85,Monthly,1,Bank Transfer,1,6.0,Yes
C08075,Female,38.0,52.84,Yearly,20,Cash,1,8.0,No
C08076,Male,38.0,33.13,Monthly,9,Credit Card,2,6.0,No
C08077,Female,47.0,90.92,Monthly,1,Credit Card,3,7.0,No
C08078,FEMALE,38.0,,Monthly,5,Bank Transfer,3,6.0,No
C08079,Male,18.0,28.01,Monthly,6,E-Wallet,2,5.0,No
C08080,Male,51.0,52.03,Monthly,19,Credit Card,2,3.0,No
C08081,Male,18.0,30.91,Monthly,7,E-Wallet,3,9.0,No
C08082,Male,32.0,,Monthly,19,Credit Card,0,8.0,No
C08083,Male,52.0,32.13,Monthly,13,E-Wallet,1,5.0,No
C08084,Male,33.0,110.02,Monthly,1,Credit Card,2,8.0,No
C08085,Female,29.0,86.99,Monthly,42,,4,2.0,No
C08086,Female,48.0,95.18,Monthly,3,Credit Card,2,7.0,No
C08087,Female,27.0,127.64,Monthly,4,Credit Card,5,6.0,Yes
C08088,Female,23.0,56.63,Monthly,20,Credit Card,0,9.0,No
C08089,Male,41.0,34.61,Yearly,3,Bank Transfer,0,8.0,No
C08090,Female,35.0,52.13,Monthly,7,E-Wallet,2,4.0,No
C08091,Female,23.0,42.31,Yearly,25,E-Wallet,1,8.0,No
C08092,Male,45.0,39.68,Monthly,13,Bank Transfer,1,8.0,No
C08093,Female,43.0,58.43,Yearly,5,Credit Card,2,8.0,No
C08094,Female,33.0,47.45,Monthly,13,E-Wallet,2,6.0,No
C08095,Female,34.0,38.92,Monthly,21,E-Wallet,2,10.0,No
C08096,Female,43.0,,Monthly,7,Bank Transfer,2,6.0,No
C08097,Male,52.0,,Yearly,11,E-Wallet,4,7.0,No
C08098,Male,34.0,83.96,Monthly,54,Credit Card,4,5.0,No
C08099,Male,45.0,26.54,Monthly,41,Credit Card,4,10.0,No
C08100,Female,44.0,47.63,Monthly,9,Credit Card,3,4.0,No
C08101,Female,48.0,51.23,Two-Year,2,E-Wallet,3,5.0,No
C08102,Female,38.0,32.07,Yearly,15,E-Wallet,3,10.0,No
C08103,Male,27.0,,Monthly,4,E-Wallet,1,5.0,No
C08104,Male,32.0,58.36,Yearly,14,Credit Card,2,6.0,No
C08105,Female,42.0,68.96,Monthly,6,Bank Transfer,7,6.0,No
C08106,Female,59.0,56.53,Yearly,16,Credit Card,4,8.0,No
C08107,Male,32.0,36.73,Monthly,6, E-Wallet,2,8.0,No
C08108,Male,47.0,135.02,Monthly,35,Credit Card,3,8.0,No
C08109,Female,34.0,79.29,Monthly,2,Bank Transfer,1,10.0,Yes
C08110,F,39.0,70.02,Two-Year,1,E-Wallet,3,8.0,No
C08111,Male,56.0,85.81,Yearly,19,E-Wallet,2,7.0,No
C08112,Male,47.0,60.95,Yearly,7,Credit Card,2,7.0,No
C08113,Female,,97.4,Monthly,8,Credit Card,1,8.0,No
C08114,Female,31.0,56.01,Monthly,33,Credit Card,2,,Yes
C08115,Male,53.0,54.64,Monthly,11,Bank Transfer,0,7.0,No
C08116,Male,39.0,72.66,Yearly,13,Credit Card,1,9.0,No
C08117,Female,24.0,110.98,Two-Year,1,Credit Card,1,1.0,No
C08118,Male,28.0,107.82,Monthly,14,Cash,4,7.0,Yes
C08119,FEMALE,46.0,71.29,Monthly,6,Credit Card,2,8.0,No
C08120,Female,49.0,68.89,Yearly,8,Bank Transfer,2,6.0,No
C08121,Male,38.0,74.68,Monthly,20,,3,4.0,No
C08122,Female,67.0,85.07,Monthly,9,Bank Transfer,1,,No
C08123,Male,47.0,97.95,Monthly,52,Credit Card,1,9.0,No
C08124,Female,35.0,49.08,Monthly,20,Bank Transfer,2,6.0,No
C08125,Male,28.0,98.8,Yearly,16,Bank Transfer,5,5.0,No
C08126,Male,26.0,,Yearly,11,Cash,1,7.0,No
C08127,Male,42.0,73.18,Monthly,7,Credit Card,1,2.0,No
C08128,Female,32.0,101.68,Monthly,1,Bank Transfer,2,5.0,No
C08129,Female,58.0,76.41,Monthly,1,Credit Card,3,5.0,No
C08130,Male,55.0,82.45,Yearly,1,Bank Transfer,1,9.0,No
C08131,Female,45.0,45.82,Monthly,39,Credit Card,2,,No
C08132,Female,23.0,107.15,Monthly,5,E-Wallet,5,7.0,Yes
C08133,Female,29.0,74.67,Two-Year,15,Credit Card,3,6.0,No
C08134,Male,53.0,57.79,Yearly,11,Bank Transfer,4,7.0,No
C08135,Female,31.0,89.61,Yearly,11,Bank Transfer,5,8.0,No
C08136,Male,51.0,174.95,Two-Year,11,Bank Transfer,1,8.0,Yes
C08137,Male,43.0,32.27,Monthly,5,Credit Card,1,5.0,No
C08138,Female,38.0,38.03,Yearly,27,Credit Card,2,5.0,No
C08139,Female,,182.8,Monthly,31,Bank Transfer,2,8.0,No
C08140,Male,36.0,66.16,Monthly,13,Credit Card,2,6.0,No
C08141,Male,40.0,59.49,Monthly,24,Credit Card,3,7.0,No
C08142,Female,,51.84,Monthly,1,E-Wallet,3,7.0,No
C08143,Female,27.0,94.05,Monthly,2,E-Wallet,3,6.0,No
C08144,Male,34.0,176.81,Two-Year,10,E-Wallet,1,8.0,No
C08145,Female,38.0,40.47,Monthly,23,Bank Transfer,1,4.0,Yes
C08146,Male,45.0,52.27,Two-Year,5,E-Wallet,1,6.0,No
C08147,Male,27.0,46.63,Monthly,10,Credit Card,2,4.0,No
C08148,Female,22.0,75.93,Monthly,1,Bank Transfer,2,6.0,No
C08149,Male,46.0,94.64,Monthly,52,Credit Card,3,6.0,No
C08150,Male,19.0,113.23,Yearly,18,,2,7.0,No
C08151,Female,53.0,77.09,Monthly,6,Bank Transfer,1,7.0,No
C08152,Female,36.0,169.64,Two-Year,49,E-Wallet,4,6.0,No
C08153,Male,19.0,42.16,Yearly,2,Credit Card ,2,5.0,No
C08154,Female,32.0,37.5,Yearly,8,Bank Transfer,0,5.0,No
C08155,Female,42.0,105.76,Monthly,1,Bank Transfer,4,6.0,No
C08156,Male,31.0,57.7,Monthly,5,Credit Card,1,6.0,No
C08157,Female,38.0,4818.0,Two-Year,3,Bank Transfer,3,5.0,No
C08158,Male,46.0,47.36,Monthly,5,E-Wallet,2,6.0,No
C08159,Male,35.0,61.26,Monthly,36,Credit Card,3,7.0,No
C08160,Female,26.0,40.82,Monthly,7,Cash,3,8.0,No
C08161,Female,34.0,34.58,Two-Year,5,Cash,3,9.0,No
C08162,Male,54.0,49.73,Monthly,13,Credit Card,5,6.0,No
C08163,Male,58.0,33.82,Monthly,14,E-Wallet,2,9.0,Yes
C08164,Male,18.0,72.66,Monthly,50,Credit Card,2,6.0,No
C08165,Male,51.0,22.77,Two-Year,10,E-Wallet,4,10.0,No
C08166,Male,41.0,56.87,Monthly,17,Bank Transfer,4,6.0,No
C08167,Male,49.0,68.98,Monthly,6,E-Wallet,2,6.0,Yes
C08168,Female,31.0,,Monthly,3,Credit Card,3,6.0,Yes
C08169,Male,18.0,89.3,Monthly,7,E-Wallet,3,4.0,No
C08170,Male,45.0,29.47, Monthly ,7,E-Wallet,2,10.0,No
C08171,Female,26.0,39.83,Monthly,7,E-Wallet,2,9.0,Yes
C08172,Female,21.0,47.06,Monthly,15,Bank Transfer,1,9.0,Yes
C08173,Male,22.0,,Monthly,7,Bank Transfer,1,8.0,No
C08174,Male,45.0,60.24,Monthly,37,E-Wallet,3,8.0,No
C08175,Female,39.0,143.24,Two-Year,49,Cash,4,9.0,No
C08176,Male,47.0,37.99,Monthly,9,Credit Card,4,6.0,No
C08177,F,46.0,29.14,Monthly,10,Credit Card,0,5.0,No
C08178,Female,32.0,122.13,Monthly,7,E-Wallet,2,8.0,Yes
C08179,Male,37.0,28.68,Monthly,6,Bank Transfer,4,8.0,Yes
C08180,Male,31.0,74.25,Yearly,51,E-Wallet,4,7.0,Yes
C08181,Male,35.0,35.15,Yearly,1,Credit Card,6,7.0,Yes
C08182,Male,26.0,21.52,Monthly,7,E-Wallet,1,5.0,No
C08183,Male,42.0,46.12,Yearly,2,E-Wallet,1,7.0,No
C08184,Female,50.0,81.84,Yearly,16,Bank Transfer,4,5.0,No
C08185,Male,28.0,31.51,Monthly,3,E-Wallet,2,5.0,No
C08186,Male,53.0,70.76,Monthly,26,E-Wallet,2,7.0,Yes
C08187,Male,39.0,76.96,Monthly,6,E-Wallet,3,5.0,No
C08188,Female,40.0,30.81,Two-Year,30,Credit Card,4,8.0,No
C08189,Female,18.0,49.28,Monthly,52,E-Wallet,5,4.0,No
C08190,Male,18.0,111.02,Monthly,18,Bank Transfer,2,8.0,No
C08191,Female,39.0,73.17,Yearly,12,Credit Card,1,3.0,No
C08192,Male,47.0,48.54,Monthly,2,E-Wallet,4,4.0,No
C08193,Male,29.0,65.82,Monthly,33,Bank Transfer,3,10.0,No
C08194,Male,58.0,40.11,Monthly,18,Bank Transfer,1,9.0,No
C08195,Male,46.0,90.12,Monthly,5,E-Wallet,5,4.0,No
C08196,Male,27.0,90.1,Monthly,8,Bank Transfer,1,7.0,No
C08197,Female,38.0,57.65,Monthly,1,E-Wallet,0,4.0,No
C08198,Male,67.0,60.57,Monthly,13,Credit Card,4,8.0,No
C08199,Female,23.0,34.83,Yearly,2,E-Wallet,1,7.0,No
C08200,male,44.0,29.71,Monthly,13,Credit Card,1,6.0,No
C08201,Male,34.0,46.09,Monthly,14,Credit Card,2,6.0,Yes
C08202,Male,,52.49,Monthly,5,Credit Card,2,8.0,No
C08203,Female,53.0,88.07,Yearly,36,Credit Card,1,7.0,No
C08204,Male,33.0,82.69,Yearly,19,E-Wallet,1,4.0,Yes
C08205,Female,51.0,59.33,Monthly,9,E-Wallet,2,6.0,No
C08206,Male,64.0,93.29,Monthly,31,Credit Card,1,5.0,No
C08207,Male,38.0,35.71,Yearly,24,Credit Card,5,7.0,No
C08208,FEMALE,47.0,88.66,Monthly,15,Credit Card,0,6.0,No
C08209,Male,30.0,38.26,Monthly,2,Bank Transfer,4,7.0,Yes
C08210,Male,38.0,95.38, Monthly ,9,Credit Card,4,8.0,No
C08211,Male,35.0,54.27,Two-Year,24,Credit Card,3,4.0,Yes
C08212,Female,47.0,1388.0,Two-Year,12,E-Wallet,4,7.0,No
C08213,Male,52.0,75.84,Monthly,10,E-Wallet,1,9.0,No
C08214,Female,36.0,78.59,Monthly,38,Credit Card,4,8.0,No
C08215,Male,56.0,44.46,Yearly,1,Credit Card,2,5.0,No
C08216,Male,56.0,46.2,Monthly,1,E-Wallet,5,7.0,Yes
C08217,Female,48.0,50.82,Monthly,27,E-Wallet,4,5.0,No
C08218,Male,31.0,22.96,Monthly,1,Credit Card,2,8.0,No
C08219,F,,18.84,Monthly,5,Cash,1,5.0,No
C08220,Female,28.0,98.07,Yearly,31,Credit Card,2,4.0,No
C08221,Female,49.0,37.68,Monthly,15,Bank Transfer,2,8.0,No
C08222,Male,23.0,125.82,Monthly,13,Credit Card,3,10.0,No
C08223,Male,46.0,101.16,Monthly,13,Cash,5,8.0,No
C08224,Female,25.0,110.52,Yearly,5,Credit Card,2,9.0,No
C08225,Male,47.0,40.75,Yearly,10,Bank Transfer,4,4.0,No
C08226,Female,38.0,26.48,Monthly,12,Credit Card,5,9.0,Yes
C08227,Male,54.0,33.48,Two-Year,5,,2,9.0,No
C08228,Male,51.0,44.66,Monthly,20,E-Wallet,4,8.0,No
C08229,Female,55.0,18.77,Yearly,5,Cash,2,4.0,Yes
C08230,Female,55.0,44.08,Monthly,1,Cash,2,9.0,No
C08231,Male,39.0,49.86,Monthly,3,E-Wallet,3,8.0,No
C08232,Male,24.0,30.49,Monthly,7,E-Wallet,3,6.0,No
C08233,Female,,34.18,Monthly,29,Cash,6,,Yes
C08234,Female,18.0,49.44,Yearly,7,Credit Card,2,8.0,No
C08235,Male,24.0,64.09,Yearly,2,Credit Card,0,4.0,No
C08236,Female,38.0,36.57,Monthly,3,Credit Card,3,5.0,No
C08237,Female,31.0,62.27,Monthly,10,Bank Transfer,4,10.0,No
C08238,Female,35.0,3064.0,Two-Year,3,Cash,5,5.0,Yes
C08239,Female,43.0,55.76,Monthly,1,Bank Transfer,2,10.0,No
C08240,Male,34.0,40.71,Monthly,16,Bank Transfer,1,6.0,No
C08241,Female,24.0,29.96,Yearly,19,E-Wallet,1,5.0,Yes
C08242,Female,37.0,3036.0,Monthly,23,Cash,2,,No
C08243,M,,72.5,Monthly,23,E-Wallet,4,8.0,No
C08244,Male,34.0,85.85,Monthly,6,E-Wallet,2,10.0,No
C08245,Male,54.0,52.58,Monthly,16,Credit Card,0,6.0,No
C08246,Female,34.0,50.71,Yearly,11,Bank Transfer,2,5.0,No
C08247,Male,59.0,68.09,Monthly,1,Credit Card,4,7.0,No
C08248,Female,55.0,23.91,Monthly,7,Credit Card,1,6.0,No
C08249,Female,31.0,33.06,Monthly,1,Credit Card,2,,No
C08250,Female,24.0,38.13,Monthly,2,E-Wallet,1,8.0,No
C08251,Female,,44.5,Monthly,1,Bank Transfer,2,7.0,Yes
C08252,Female,51.0,36.75,Yearly,39,Bank Transfer,1,10.0,No
C08253,Male,32.0,63.42,Monthly,23,Credit Card,2,2.0,No
C08254,Female,48.0,56.64,Yearly,7,Cash,2,6.0,No
C08255,Male,52.0,102.19,Monthly,4,Bank Transfer,1,6.0,No
C08256,Female,,166.2,Monthly,1,Credit Card,3,9.0,Yes
C08257,Male,29.0,30.93,Yearly,7, E-Wallet,3,8.0,No
C08258,Female,46.0,58.34,Monthly,12,Cash,1,,No
C08259,Female,39.0,58.29,Monthly,20,Cash,1,4.0,No
C08260,Female,29.0,54.25,Monthly,1,Bank Transfer,1,5.0,No
C08261,Male,33.0,33.51,Monthly,7,Bank Transfer,2,,No
C08262,Male,37.0,36.13,Two-Year,46,Cash,6,9.0,Yes
C08263,Female,,60.84,Monthly,2,E-Wallet,2,8.0,No
C08264,Male,47.0,35.68,Yearly,7,,2,4.0,No
C08265,Female,32.0,58.65,Monthly,4,Bank Transfer,4,6.0,No
C08266,Male,18.0,48.88,Monthly,2,Cash,1,9.0,No
C08267,Female,37.0,58.19,Two-Year,22,Bank Transfer,4,6.0,No
C08268,Male,29.0,35.55,Two-Year,15,Bank Transfer,2,9.0,No
C08269,Female,58.0,58.61,Two-Year,7,Credit Card,1,7.0,No
C08270,Female,30.0,36.73,Monthly,6,Bank Transfer,2,8.0,No
C08271,Male,24.0,58.69,Monthly,22,E-Wallet,2,10.0,No
C08272,Male,44.0,99.76,Monthly,2,Bank Transfer,4,6.0,No
C08273,Male,30.0,61.4,Monthly,2,Bank Transfer,3,5.0,No
C08274,Female,28.0,63.11,Monthly,29,Credit Card,4,5.0,No
C08275,Female,44.0,78.87,Yearly,21,Cash,4,7.0,No
C08276,Female,,29.03,Yearly,18,Bank Transfer,1,7.0,No
C08277,Male,20.0,118.33,Monthly,12,Credit Card,2,5.0,No
C08278,male,,33.95,Monthly,5,Credit Card,3,9.0,No
C08279,Male,44.0,81.11,Two-Year,33,E-Wallet,3,7.0,No
C08280,Male,34.0,76.41,Monthly,9,Bank Transfer,3,8.0,Yes
C08281,Male,37.0,,Monthly,4,Credit Card,2,4.0,No
C08282,Female,44.0,85.97,Monthly,6,Credit Card,2,4.0,Yes
C08283,Female,49.0,68.31,Monthly,1,Cash,0,5.0,No
C08284,Male,28.0,127.8,Monthly,4,Cash,5,8.0,Yes
C08285,Female,42.0,59.56,Monthly,3,Credit Card,0,3.0,Yes
C08286,Female,31.0,52.0,Monthly,2,Credit Card,3,4.0,Yes
C08287,Male,35.0,43.31,Monthly,1,Credit Card,3,3.0,No
C08288,Male,39.0,24.92,Monthly,4,E-Wallet,0,2.0,Yes
C08289,Male,,47.31,Monthly,2,Credit Card,3,7.0,Yes
C08290,Male,46.0,,Yearly,1,Credit Card,2,10.0,Yes
C08291,Female,43.0,61.43,Monthly,2,Credit Card,4,8.0,Yes
C08292,Female,19.0,28.78,Monthly,3,Cash,0,7.0,Yes
C08293,F,,49.03,Yearly,7,E-Wallet,2,6.0,No
C08294,Male,33.0,70.76,Monthly,11,Bank Transfer,2,7.0,No
C08295,Female,59.0,73.99,Monthly,5,E-Wallet,1,6.0,No
C08296,Female,27.0,23.64,Yearly,2,E-Wallet,3,8.0,No
C08297,Female,35.0,75.03,Monthly,34,E-Wallet,3,6.0,No
C08298,Female,31.0,48.86,Yearly,9,Credit Card,0,7.0,No
C08299,Male,31.0,50.24,Yearly,17,Bank Transfer,2,,No
C08300,Female,40.0,18.84,Monthly,15,E-Wallet,2,2.0,Yes
C08301,Female,54.0,106.92,Monthly,5,Bank Transfer,2,9.0,No
C08302,Male,43.0,59.12,Monthly,10,Credit Card,4,5.0,No
C08303,Female,28.0,,Monthly,12,Credit Card,1,9.0,Yes
C08304,Male,71.0,64.64,Yearly,6,Cash,0,8.0,No
C08305,Male,38.0,63.75,Monthly,14,E-Wallet,2,5.0,No
C08306,Male,31.0,94.65,Monthly,19,E-Wallet,5,7.0,No
C08307,Male,54.0,47.5,Monthly,6,E-Wallet,3,,No
C08308,Male,32.0,54.89,Monthly,1,Credit Card,2,9.0,No
C08309,Male,57.0,40.88,Monthly,6,Credit Card,3,5.0,Yes
C08310,Male,27.0,71.46,Monthly,2,Bank Transfer,2,,No
C08311,Male,55.0,38.38,Yearly,3,Bank Transfer,2,5.0,No
C08312,Male,40.0,36.53,Monthly,6,E-Wallet,6,4.0,No
C08313,Male,,52.96,Monthly,3,Credit Card,3,,No
C08314,Female,60.0,31.45,Monthly,33,Credit Card,0,5.0,No
C08315,Male,24.0,112.28,Monthly,13,Credit Card,0,5.0,No
C08316,Male,53.0,129.97,Monthly,9,Credit Card,4,6.0,Yes
C08317,Female,21.0,44.52,Monthly,1,Credit Card,1,6.0,Yes
C08318,Female,25.0,29.25,Monthly,2,Credit Card,3,5.0,No
C08319,Female,28.0,63.53,Monthly,19,Credit Card,4,6.0,Yes
C08320,Male,44.0,43.95,Monthly,6,Credit Card,2,9.0,No
C08321,Male,38.0,92.63,Yearly,1,Credit Card,4,6.0,Yes
C08322,Female,35.0,38.31,Monthly,21,,1,6.0,No
C08323,FEMALE,39.0,69.76,Yearly,5,Bank Transfer,0,,No
C08324,Male,45.0,,Monthly,6,Credit Card,3,8.0,No
C08325,Male,46.0,40.27,Yearly,44,Bank Transfer,4,2.0,No
C08326,Female,51.0,60.83,Monthly,1,E-Wallet,1,6.0,No
C08327,Male,59.0,81.07,Monthly,16,Credit Card,4,6.0,No
C08328,Female,37.0,56.77,Yearly,36,Cash,0,4.0,Yes
C08329,Female,31.0,57.04,Yearly,1,Credit Card,0,5.0,No
C08330,Male,45.0,36.86,Two-Year,25,Credit Card,1,5.0,No
C08331,Female,24.0,91.37,Monthly,7,Credit Card,3,6.0,No
C08332,Female,29.0,87.36,Monthly,26,Credit Card,2,5.0,No
C08333,Female,49.0,45.39,Monthly,5,Bank Transfer,4,3.0,No
C08334,Male,36.0,51.63,Monthly,49,Credit Card,3,8.0,No
C08335,Female,23.0,103.17,Two-Year,13,E-Wallet,4,7.0,No
C08336,Male,20.0,32.78,Monthly,12,E-Wallet,4,7.0,No
C08337,Female,38.0,71.66,Monthly,20,Bank Transfer,5,,Yes
C08338,Male,51.0,42.46,Monthly,7,Bank Transfer,0,5.0,No
C08339,Male,51.0,,Monthly,4,Bank Transfer,3,9.0,No
C08340,Female,39.0,56.18,Monthly,4,Credit Card,1,7.0,No
C08341,Female,62.0,96.27,Monthly,5,Credit Card,2,4.0,No
C08342,Female,,38.76,Monthly,12,Credit Card,4,6.0,No
C08343,Male,36.0,31.13,Monthly,22,,2,8.0,No
C08344,Male,18.0,49.14,Monthly,9,Credit Card,3,4.0,No
C08345,Female,32.0,61.45,Monthly,7,Bank Transfer,3,0.0,No
C08346,Female,48.0,43.39,Yearly,19,Bank Transfer,3,9.0,No
C08347,Female,56.0,76.8,Monthly,5,Credit Card,3,9.0,No
C08348,Male,28.0,49.68,Monthly,15,Credit Card,1,5.0,No
C08349,Male,,21.4,Monthly,2,Credit Card,3,5.0,No
C08350,Female,50.0,70.02,Yearly,2,Credit Card,1,,Yes
C08351,Female,38.0,36.7,Monthly,13,Bank Transfer,4,7.0,No
C08352,Male,18.0,46.4,Two-Year,2,,2,5.0,Yes
C08353,Female,40.0,109.83,Monthly,3,Credit Card,1,8.0,Yes
C08354,Female,47.0,121.24,Monthly,12,Credit Card,0,4.0,No
C08355,Male,26.0,42.14,Monthly,7,Credit Card,2,7.0,No
C08356,Male,34.0,,Monthly,10,Credit Card,1,7.0,No
C08357,Male,,42.58,Monthly,46,Credit Card,1,6.0,Yes
C08358,Female,18.0,47.99,Monthly,12,Bank Transfer,2,8.0,No
C08359,Male,,41.57,Monthly,11,Credit Card,2,6.0,No
C08360,Male,37.0,25.13,Monthly,6,E-Wallet,2,9.0,No
C08361,Female,57.0,56.98,Monthly,12,E-Wallet,4,5.0,No
C08362,Male,48.0,62.16,Yearly,1,Credit Card,1,8.0,No
C08363,Male,33.0,40.37,Monthly,10,,2,4.0,No
C08364,Male,37.0,89.08,Monthly,1,,0,6.0,Yes
C08365,Male,44.0,,Monthly,3,Credit Card,6,4.0,Yes
C08366,Female,49.0,40.99,Monthly,10,Credit Card,2,5.0,No
C08367,Male,41.0,69.19,Yearly,14,Bank Transfer,3,6.0,No
C08368,Female,51.0,27.27,Monthly,6,Credit Card,0,6.0,Yes
C08369,Female,34.0,82.11,Monthly,7,E-Wallet,1,9.0,Yes
C08370,Male,26.0,45.56,Monthly,9,Cash,0,7.0,No
C08371,Male,37.0,85.22,Monthly,18,E-Wallet,0,8.0,No
C08372,Male,40.0,97.48,Yearly,1,E-Wallet,4,4.0,No
C08373,FEMALE,23.0,72.83,Monthly,8,,0,7.0,No
C08374,Female,21.0,37.89,Two-Year,1,E-Wallet,2,8.0,No
C08375,Female,43.0,31.1,Two-Year,5,Credit Card,1,5.0,No
C08376,Male,33.0,28.64,Yearly,9,Cash,0,7.0,No
C08377,Male,36.0,89.69,Monthly,1,E-Wallet,4,6.0,Yes
C08378,Male,33.0,51.38,Monthly,8,Credit Card,4,6.0,No
C08379,Female,56.0,41.69,Monthly,32,E-Wallet,2,5.0,No
C08380,Male,53.0,51.45,Two-Year,14,Credit Card,1,,No
C08381,Male,23.0,88.79,Monthly,19,Credit Card,4,10.0,No
C08382,Male,31.0,77.51,Yearly,11,E-Wallet,5,6.0,No
C08383,Female,48.0,66.51,Two-Year,28,Credit Card,2,10.0,No
C08384,Female,45.0,72.75,Yearly,2,E-Wallet,3,7.0,No
C08385,Male,37.0,59.21,Monthly,8,Credit Card,6,7.0,No
C08386,Male,24.0,62.55,Monthly,11,Credit Card,7,8.0,Yes
C08387,Female,29.0,60.31,Monthly,25,E-Wallet,2,6.0,No
C08388,Male,,54.6,Monthly,5,,3,9.0,No
C08389,Female,41.0,76.63,Two-Year,1,Credit Card,6,7.0,No
C08390,Male,58.0,64.24,Two-Year,44,Credit Card,1,8.0,No
C08391,Female,29.0,36.73,Monthly,1,Bank Transfer,6,6.0,No
C08392,Male,25.0,69.27,Monthly,2,Bank Transfer,3,7.0,No
C08393,Female,36.0,61.02,Monthly,7,Bank Transfer,2,4.0,No
C08394,Female,50.0,71.89,Monthly,9,E-Wallet,3,10.0,No
C08395,Female,20.0,52.1,Monthly,22,E-Wallet,3,7.0,No
C08396,Female,55.0,,Monthly,8,,2,6.0,No
C08397,Female,35.0,,Two-Year,10,Credit Card,2,5.0,Yes
C08398,Male,29.0,75.62,Two-Year,3,Credit Card,4,7.0,No
C08399,Female,18.0,44.46,Monthly,11,Bank Transfer,3,5.0,Yes
C08400,Female,46.0,45.87,Monthly,6,Cash,0,5.0,Yes
C08401,Male,35.0,71.59,Monthly,2,Bank Transfer,1,8.0,No
C08402,Female,40.0,47.03,Yearly,36,Bank Transfer,2,4.0,No
C08403,Female,27.0,147.32,Monthly,2,E-Wallet,1,2.0,Yes
C08404,Female,34.0,70.45,Monthly,14,Credit Card,5,8.0,Yes
C08405,Male,32.0,55.21,Monthly,29,Credit Card,3,7.0,No
C08406,Male,36.0,78.96,Monthly,3,Credit Card,3,6.0,No
C08407,Male,29.0,43.98,Yearly,4,Cash,1,,No
C08408,Male,,82.71,Two-Year,7,E-Wallet,1,6.0,No
C08409,Male,,81.68,Monthly,5,E-Wallet,0,7.0,No
C08410,Male,21.0,95.98,Yearly,18,Credit Card,3,7.0,Yes
C08411,Male,40.0,44.77,Monthly,5,Bank Transfer,2,8.0,No
C08412,Female,18.0,31.49,Monthly,52,Credit Card,2,0.0,No
C08413,Male,18.0,41.49,Yearly,24,E-Wallet,2,6.0,No
C08414,Male,39.0,48.1,Monthly,28,Bank Transfer,4,7.0,Yes
C08415,Male,40.0,115.61, Monthly ,1,Credit Card,1,7.0,No
C08416,Male,53.0,146.61,Yearly,3,Credit Card,5,3.0,No
C08417,Female,42.0,63.76,Monthly,3,Bank Transfer,3,6.0,No
C08418,Female,36.0,54.83,Monthly,14,E-Wallet,2,5.0,No
C08419,Female,26.0,46.64,Monthly,1,Credit Card,3,8.0,No
C08420,Male,55.0,79.13,Monthly,20, E-Wallet,3,4.0,Yes
C08421,Female,,146.18,Monthly,10,E-Wallet,2,7.0,No
C08422,Male,23.0,121.95,Monthly,11,E-Wallet,3,6.0,No
C08423,M,38.0,,Monthly,10,E-Wallet,5,3.0,Yes
C08424,Male,39.0,90.51,Two-Year,10,Credit Card,2,9.0,No
C08425,Male,33.0,79.4,Yearly,3,Cash,7,7.0,No
C08426,Male,47.0,53.45,Monthly,4,Credit Card,2,5.0,Yes
C08427,Male,47.0,39.2,Yearly,9,Credit Card,1,7.0,No
C08428,Female,35.0,54.09,Monthly,14,Bank Transfer,2,,No
C08429,Male,34.0,66.03, Monthly ,4,Credit Card,3,4.0,Yes
C08430,Male,55.0,28.39,Yearly,20,Cash,2,5.0,No
C08431,Male,49.0,50.97,Monthly,20,Bank Transfer,2,4.0,Yes
C08432,Female,38.0,37.65,Monthly,4,Credit Card,4,3.0,Yes
C08433,Male,18.0,86.16,Yearly,10,Cash,2,9.0,No
C08434,Female,42.0,42.63,Monthly,6,Bank Transfer,4,10.0,No
C08435,Female,46.0,63.29,Monthly,3,,5,5.0,Yes
C08436,Male,18.0,39.84,Monthly,20,,2,5.0,No
C08437,Male,41.0,112.05,Monthly,58,E-Wallet,4,5.0,Yes
C08438,Male,32.0,25.4,Monthly,11,Credit Card,1,8.0,No
C08439,Female,35.0,67.64,Monthly,30,Credit Card,4,9.0,No
C08440,Male,27.0,30.73,Monthly,13,Bank Transfer,1,8.0,No
C08441,Male,36.0,43.41,Monthly,11,Cash,0,8.0,No
C08442,Male,54.0,59.91,Monthly,8,Credit Card,4,8.0,No
C08443,Female,32.0,61.25,Two-Year,4,Credit Card,2,5.0,No
C08444,Male,49.0,60.53,Two-Year,2,E-Wallet,2,3.0,Yes
C08445,Male,28.0,58.46,Monthly,8,E-Wallet,3,8.0,No
C08446,Female,,40.9,Yearly,10,Bank Transfer,3,6.0,No
C08447,Female,38.0,50.71,Two-Year,9,E-Wallet,2,7.0,No
C08448,Female,42.0,55.38,Two-Year,15,,2,6.0,No
C08449,Male,38.0,59.62,Yearly,3,,3,7.0,No
C08450,Female,45.0,53.01,Yearly,6,Bank Transfer,2,7.0,No
C08451,Female,18.0,75.82,Monthly,7,Credit Card,1,6.0,No
C08452,Male,20.0,56.94,Monthly,3,Credit Card,1,10.0,No
C08453,Female,43.0,59.78,Monthly,29,Credit Card,0,6.0,No
C08454,Male,,45.96,Monthly,14,Credit Card,0,4.0,Yes
C08455,Female,31.0,34.0,Two-Year,2,E-Wallet,3,6.0,No
C08456,Male,37.0,58.52,Monthly,15,E-Wallet,3,6.0,No
C08457,Female,28.0,94.01,Two-Year,10,Bank Transfer,3,4.0,No
C08458,male,29.0,66.67,Yearly,9,Credit Card,2,10.0,No
C08459,Female,41.0,37.79,Monthly,56,,0,7.0,No
C08460,Male,50.0,78.78,Monthly,12,Cash,2,5.0,Yes
C08461,Female,26.0,46.96,Monthly,28,Bank Transfer,1,7.0,No
C08462,Female,31.0,75.31,Monthly,30,E-Wallet,3,9.0,No
C08463,Male,29.0,46.25,Yearly,2,Credit Card,2,3.0,Yes
C08464,Female,18.0,64.01,Two-Year,1,Credit Card,2,10.0,No
C08465,Female,39.0,43.24,Monthly,7,Credit Card,3,4.0,No
C08466,Male,49.0,43.73,Monthly,18,Bank Transfer,3,9.0,No
C08467,Male,50.0,26.98,Monthly,21,E-Wallet,5,3.0,No
C08468,Female,27.0,68.75,Monthly,19,E-Wallet,1,8.0,No
C08469,Male,22.0,64.49,Yearly,8,,1,,Yes
C08470,Male,38.0,66.15,Monthly,17,Cash,1,10.0,No
C08471,Male,47.0,61.8,Monthly,16,Credit Card,3,5.0,Yes
C08472,Male,39.0,,Monthly,5,E-Wallet,1,5.0,No
C08473,Male,41.0,84.32,Monthly,3,E-Wallet,2,5.0,No
C08474,Male,51.0,85.35,Monthly,12,Credit Card,2,8.0,No
C08475,Female,29.0,38.29,Monthly,14,E-Wallet,1,,No
C08476,Female,35.0,3451.0,Monthly,11,Bank Transfer,1,5.0,No
C08477,Male,57.0,80.94,Monthly,3, E-Wallet,3,8.0,No
C08478,Female,35.0,44.19,Monthly,4,Credit Card,3,6.0,No
C08479,Female,22.0,47.79,Monthly,15,Bank Transfer,4,5.0,No
C08480,Female,29.0,69.43,Two-Year,40,Credit Card,2,15.0,No
C08481,Male,26.0,27.67, Monthly ,35,Credit Card,1,10.0,No
C08482,Male,42.0,33.45,Monthly,9,E-Wallet,3,7.0,No
C08483,Female,27.0,34.97,Yearly,27,Bank Transfer,1,4.0,No
C08484,Female,41.0,24.33,Yearly,1,Credit Card,4,8.0,No
C08485,Female,29.0,88.96,Monthly,24,Bank Transfer,3,8.0,No
C08486,Female,18.0,22.32,Yearly,8,E-Wallet,2,6.0,No
C08487,Male,41.0,63.71,Monthly,19,Credit Card,1,7.0,No
C08488,Male,39.0,78.67,Yearly,1,,2,2.0,Yes
C08489,Male,44.0,47.84,Monthly,25,E-Wallet,0,4.0,Yes
C08490,Male,29.0,40.42,Two-Year,11,Credit Card,3,6.0,No
C08491,male,28.0,60.63,Monthly,4,E-Wallet,3,5.0,Yes
C08492,Male,42.0,54.64,Monthly,6,Bank Transfer,5,6.0,No
C08493,Male,56.0,85.76,Monthly,3,Bank Transfer,4,7.0,No
C08494,Female,38.0,, Monthly ,7,E-Wallet,0,6.0,No
C08495,Male,43.0,36.11,Monthly,5,Cash,2,7.0,No
C08496,Female,34.0,70.3,Monthly,10,E-Wallet,2,6.0,No
C08497,FEMALE,,55.85,Monthly,21,Credit Card,3,7.0,No
C08498,Female,49.0,76.59,Monthly,49,Credit Card,1,5.0,No
C08499,Male,48.0,61.43,Monthly,4,Bank Transfer,4,8.0,No
C08500,Male,46.0,51.39,Monthly,2,E-Wallet,0,7.0,No
C08501,Male,35.0,47.65,Monthly,7,Bank Transfer,4,3.0,Yes
C08502,Male,45.0,155.44,Monthly,2,Cash,4,7.0,Yes
C08503,Male,48.0,108.93,Monthly,22,Credit Card,3,7.0,No
C08504,Female,57.0,68.24,Monthly,9,Credit Card,1,5.0,No
C08505,Male,49.0,56.56,Monthly,12,,2,9.0,No
C08506,Female,38.0,69.56,Monthly,2,E-Wallet,2,6.0,No
C08507,Male,22.0,79.21,Monthly,17,Bank Transfer,7,4.0,Yes
C08508,Female,39.0,65.92,Monthly,44,Credit Card,3,4.0,Yes
C08509,Female,41.0,,Monthly,8,E-Wallet,2,8.0,No
C08510,Male,46.0,121.88,Monthly,40,Credit Card,3,11.0,No
C08511,Male,,61.0,Monthly,1,Credit Card,1,4.0,Yes
C08512,Female,36.0,135.13,Yearly,1,Credit Card,4,7.0,No
C08513,Female,63.0,59.4,Yearly,39,Cash,3,8.0,No
C08514,Female,18.0,48.88,Two-Year,15,Cash,3,6.0,No
C08515,Male,43.0,101.79,Monthly,3,Credit Card,4,8.0,No
C08516,Male,28.0,62.52,Monthly,6,Credit Card,5,4.0,Yes
C08517,Female,18.0,57.98,Two-Year,9,Bank Transfer,3,5.0,No
C08518,Female,35.0,31.81,Monthly,15,E-Wallet,3,7.0,No
C08519,Male,20.0,73.49,Monthly,23,Bank Transfer,2,10.0,No
C08520,Female,36.0,43.73,Monthly,2,Bank Transfer,3,8.0,Yes
C08521,male,38.0,,Monthly,13,E-Wallet,1,6.0,No
C08522,Male,51.0,43.78,Monthly,8,Cash,1,4.0,No
C08523,Male,19.0,66.52,Yearly,11,E-Wallet,1,6.0,No
C08524,Male,48.0,27.36,Two-Year,9,Credit Card,1,9.0,No
C08525,Female,39.0,49.66,Monthly,8,E-Wallet,0,9.0,No
C08526,Male,50.0,84.87,Yearly,3,Credit Card,3,9.0,No
C08527,Male,32.0,31.17,Monthly,8,Bank Transfer,4,6.0,No
C08528,Female,22.0,59.02,Monthly,3,Bank Transfer,2,6.0,No
C08529,Female,23.0,41.09,Monthly,1,E-Wallet,3,4.0,No
C08530,Female,22.0,45.53,Monthly,6,Credit Card,2,8.0,Yes
C08531,Female,43.0,114.99,Monthly,1,E-Wallet,0,9.0,No
C08532,Male,55.0,25.98,Monthly,10,E-Wallet,3,6.0,No
C08533,Female,31.0,77.06,Monthly,1,Credit Card,1,5.0,No
C08534,Female,45.0,44.03,Monthly,7,Credit Card,2,4.0,Yes
C08535,Female,19.0,43.06,Two-Year,48,Credit Card,1,9.0,No
C08536,Male,40.0,33.11,Yearly,1,E-Wallet,4,5.0,No
C08537,Male,46.0,76.65,Monthly,6,Credit Card,4,4.0,Yes
C08538,Female,,50.09,Monthly,14,Credit Card,4,3.0,Yes
C08539,Male,35.0,47.33,Two-Year,3,Credit Card,2,8.0,No
C08540,Female,46.0,57.36,Yearly,10, E-Wallet,2,10.0,No
C08541,Female,18.0,50.57,Monthly,4,Bank Transfer,1,8.0,Yes
C08542,Female,54.0,,Monthly,4,Credit Card,1,,Yes
C08543,Female,42.0,43.78,Monthly,28,Cash,3,5.0,No
C08544,Female,46.0,81.69,Monthly,3,E-Wallet,4,2.0,Yes
C08545,Male,33.0,27.72,Yearly,6,Credit Card,4,9.0,No
C08546,Male,18.0,33.43,Monthly,3,Bank Transfer,2,5.0,No
C08547,Female,44.0,45.06,Two-Year,5,Bank Transfer,2,7.0,No
C08548,Male,37.0,39.39,Monthly,5,E-Wallet,2,7.0,No
C08549,F,38.0,53.92,Monthly,5,Bank Transfer,0,8.0,No
C08550,Male,51.0,33.39,Monthly,13,Bank Transfer,5,6.0,Yes
C08551,Female,47.0,45.85,Monthly,17,Bank Transfer,3,8.0,No
C08552,Male,61.0,53.43,Monthly,9,E-Wallet,1,7.0,No
C08553,Female,39.0,73.11,Monthly,12,Bank Transfer,4,5.0,Yes
C08554,Male,29.0,95.6,Two-Year,21,E-Wallet,0,7.0,No
C08555,Male,35.0,48.54,Monthly,72,Credit Card,3,7.0,No
C08556,Female,42.0,127.69,Monthly,8,Cash,2,6.0,No
C08557,Male,50.0,,Monthly,34,E-Wallet,1,5.0,No
C08558,Female,20.0,79.28,Monthly,9,E-Wallet,2,10.0,No
C08559,Female,38.0,130.21,Monthly,19,Credit Card,6,10.0,No
C08560,Female,57.0,58.13,Monthly,11,Credit Card,4,5.0,No
C08561,Male,35.0,29.43,Monthly,26,Cash,1,4.0,Yes
C08562,Female,49.0,56.88,Yearly,8,Cash,2,7.0,No
C08563,Female,43.0,41.46,Monthly,15,Credit Card,4,7.0,No
C08564,Female,49.0,48.26, Monthly ,8,Bank Transfer,3,8.0,No
C08565,Male,,133.38,Monthly,24,Credit Card,1,6.0,No
C08566,Female,28.0,31.49,Monthly,63,Credit Card,5,10.0,No
C08567,Female,38.0,62.5,Monthly,4,Credit Card,2,10.0,No
C08568,Female,19.0,36.78,Monthly,8,Credit Card,1,,No
C08569,Male,34.0,47.54,Monthly,2,Bank Transfer,2,4.0,Yes
C08570,Male,41.0,76.34,Monthly,2,Credit Card,1,2.0,No
C08571,Male,59.0,63.0,Two-Year,32,Cash,0,4.0,No
C08572,Male,42.0,49.34,Monthly,10,Bank Transfer,2,,Yes
C08573,Male,45.0,40.76,Monthly,7,Credit Card,1,8.0,No
C08574,Male,51.0,62.94,Monthly,14,Cash,4,6.0,No
C08575,Female,26.0,117.74,Monthly,10,Bank Transfer,2,7.0,No
C08576,Male,36.0,36.39,Monthly,5,Credit Card,4,9.0,No
C08577,Female,67.0,129.06,Monthly,4,Bank Transfer,7,9.0,No
C08578,Male,37.0,93.67,Yearly,11,Bank Transfer,4,,Yes
C08579,FEMALE,150.0,101.11,Monthly,3,E-Wallet,0,6.0,Yes
C08580,Male,49.0,62.73,Monthly,2,E-Wallet,3,4.0,No
C08581,Male,20.0,92.48,Monthly,5,Credit Card,2,,Yes
C08582,Female,41.0,34.68,Monthly,24,Bank Transfer,5,7.0,No
C08583,Female,39.0,40.42,Monthly,1,Bank Transfer,4,3.0,No
C08584,Male,41.0,77.06,Two-Year,22,Bank Transfer,2,4.0,No
C08585,Male,28.0,62.37,Yearly,12,Credit Card,2,3.0,No
C08586,Male,24.0,51.07,Two-Year,1,Cash,2,9.0,No
C08587,Female,32.0,17.7,Monthly,12,E-Wallet,1,8.0,Yes
C08588,Female,36.0,44.88,Monthly,7,Bank Transfer,3,10.0,No
C08589,Male,52.0,32.19,Yearly,23,Bank Transfer,2,9.0,No
C08590,Female,59.0,68.18,Yearly,29,Credit Card,2,5.0,No
C08591,Female,54.0,50.1,Monthly,5,Bank Transfer,2,8.0,No
C08592,Male,48.0,41.15,Two-Year,19,E-Wallet,1,6.0,No
C08593,Male,25.0,179.34,Two-Year,5,Bank Transfer,1,7.0,No
C08594,Female,,87.11,Monthly,5,Bank Transfer,3,5.0,No
C08595,Female,40.0,87.81,Monthly,3,Bank Transfer,4,8.0,Yes
C08596,Female,30.0,147.08,Monthly,14,E-Wallet,2,6.0,No
C08597,Female,44.0,78.33,Yearly,4,E-Wallet,3,6.0,Yes
C08598,Male,46.0,38.59,Monthly,8,,3,6.0,No
C08599,Female,,36.61,Monthly,21, E-Wallet,1,8.0,No
C08600,Female,50.0,84.29,Monthly,19,Bank Transfer,2,4.0,No
C08601,Male,27.0,21.61,Monthly,24,E-Wallet,3,7.0,No
C08602,Female,49.0,52.72,Monthly,3,Bank Transfer,3,4.0,No
C08603,Female,29.0,20.55,Monthly,11,E-Wallet,2,5.0,No
C08604,Male,26.0,57.08,Monthly,30,E-Wallet,1,5.0,No
C08605,Male,44.0,80.18,Yearly,1,Credit Card,2,8.0,No
C08606,Male,52.0,61.91,Monthly,19,Credit Card,1,7.0,No
C08607,FEMALE,43.0,83.28,Monthly,4,Bank Transfer,1,8.0,No
C08608,male,38.0,132.18,Monthly,14,Credit Card,3,8.0,Yes
C08609,Female,41.0,51.18,Monthly,16,Cash,1,10.0,No
C08610,Female,39.0,193.15,Yearly,32, E-Wallet,3,3.0,No
C08611,Male,24.0,60.08,Monthly,9,Credit Card,1,,No
C08612,Female,23.0,83.69,Monthly,23,Cash,3,4.0,No
C08613,Female,37.0,41.47,Monthly,1,Credit Card,1,7.0,No
C08614,Male,38.0,113.15,Monthly,7,Bank Transfer,2,7.0,No
C08615,Male,,87.25,Yearly,7,Credit Card,1,,No
C08616,Female,,105.86,Monthly,10,E-Wallet,6,7.0,Yes
C08617,Female,35.0,55.95,Monthly,8,Credit Card,5,9.0,No
C08618,Male,44.0,31.03,Yearly,42,Credit Card,1,3.0,No
C08619,Male,36.0,67.17,Monthly,1,,2,6.0,Yes
C08620,Male,59.0,25.44,Monthly,4,Credit Card,1,,No
C08621,Female,38.0,46.93,Monthly,42,E-Wallet,4,4.0,No
C08622,Male,66.0,59.5,Two-Year,8,Credit Card,2,,No
C08623,Male,42.0,159.13,Yearly,11,Credit Card,3,6.0,No
C08624,Female,35.0,63.01,Monthly,2,E-Wallet,2,11.0,Yes
C08625,male,27.0,58.14,Monthly,5,Credit Card,1,8.0,Yes
C08626,Female,20.0,53.07,Monthly,1,Credit Card,1,7.0,No
C08627,Male,26.0,29.85,Monthly,2,E-Wallet,3,8.0,No
C08628,Female,27.0,,Yearly,13,Bank Transfer,2,8.0,No
C08629,Male,42.0,57.19,Monthly,18,E-Wallet,3,10.0,No
C08630,Female,31.0,35.31,Monthly,25,Credit Card,0,7.0,No
C08631,Female,40.0,32.01,Monthly,4,E-Wallet,4,3.0,No
C08632,Male,53.0,43.96,Monthly,5,Credit Card,2,10.0,Yes
C08633,Male,36.0,56.22,Monthly,11,E-Wallet,3,10.0,No
C08634,Male,62.0,44.44,Monthly,2,Bank Transfer,1,6.0,No
C08635,Male,23.0,34.03,Monthly,20,E-Wallet,1,10.0,Yes
C08636,Female,36.0,,Monthly,8,Credit Card,2,8.0,No
C08637,Female,31.0,69.58,Monthly,41,Credit Card,0,8.0,Yes
C08638,Male,49.0,57.66,Monthly,2,E-Wallet,2,7.0,No
C08639,Female,18.0,42.38,Monthly,2,Cash,0,4.0,Yes
C08640,FEMALE,20.0,71.36,Monthly,6,Credit Card,1,7.0,No
C08641,Female,36.0,50.11,Monthly,3,E-Wallet,0,10.0,Yes
C08642,Male,56.0,31.97,Yearly,15,Credit Card,4,8.0,No
C08643,Male,,87.03,Monthly,36,Bank Transfer,1,6.0,Yes
C08644,Male,21.0,64.01,Yearly,2,Cash,1,3.0,Yes
C08645,Female,23.0,51.74,Yearly,4,Cash,1,8.0,No
C08646,Male,58.0,26.92,Monthly,4,,0,7.0,Yes
C08647,Male,30.0,39.05,Two-Year,9,Credit Card ,1,7.0,No
C08648,FEMALE,26.0,135.42,Yearly,8,Credit Card,0,6.0,No
C08649,Female,55.0,27.69,Two-Year,16,,5,8.0,No
C08650,Male,50.0,48.76,Monthly,16,Credit Card,1,9.0,No
C08651,Male,53.0,54.2,Monthly,11,Credit Card,2,7.0,No
C08652,Male,26.0,63.07,Monthly,11,Credit Card,3,9.0,Yes
C08653,Male,19.0,27.83,Monthly,23,Credit Card,4,9.0,No
C08654,Female,39.0,59.05,Two-Year,7,Cash,0,7.0,No
C08655,Male,42.0,25.57,Monthly,1,Bank Transfer,2,6.0,No
C08656,Male,42.0,57.05,Monthly,3,Credit Card,2,6.0,Yes
C08657,Female,55.0,40.71,Two-Year,1,Bank Transfer,3,3.0,No
C08658,Male,18.0,36.98,Two-Year,7,Cash,2,5.0,No
C08659,Male,48.0,79.49,Monthly,6,,2,6.0,No
C08660,FEMALE,24.0,49.11,Yearly,2,Bank Transfer,4,7.0,No
C08661,Male,48.0,67.57,Monthly,17,Cash,5,7.0,No
C08662,Male,32.0,68.58,Monthly,10,Bank Transfer,4,8.0,No
C08663,Male,28.0,96.69,Two-Year,4,E-Wallet,2,7.0,Yes
C08664,Male,30.0,31.7,Yearly,18,Bank Transfer,5,5.0,No
C08665,Female,20.0,82.56,Monthly,14,Cash,2,5.0,No
C08666,Female,38.0,55.0,Monthly,3,,1,8.0,No
C08667,Female,28.0,46.06,Monthly,49,E-Wallet,2,4.0,Yes
C08668,Male,47.0,32.55,Monthly,3,Bank Transfer,2,6.0,Yes
C08669,Male,,71.73,Monthly,18,E-Wallet,3,8.0,No
C08670,Female,58.0,36.05,Monthly,42,Credit Card,5,5.0,No
C08671,Female,42.0,68.92,Monthly,16,Cash,3,5.0,No
C08672,Male,44.0,130.0,Monthly,14,Bank Transfer,2,6.0,No
C08673,Male,54.0,84.86,Yearly,29,Credit Card,1,7.0,No
C08674,Male,30.0,102.12,Monthly,4,Credit Card,6,7.0,No
C08675,Male,20.0,39.51,Yearly,4,E-Wallet,3,7.0,No
C08676,F,40.0,76.96,Monthly,13,Credit Card ,0,6.0,Yes
C08677,Male,20.0,32.63,Monthly,26,E-Wallet,2,6.0,No
C08678,Female,67.0,49.15,Monthly,12,Credit Card,3,9.0,Yes
C08679,Female,55.0,119.53,Yearly,46,Bank Transfer,0,5.0,No
C08680,Male,63.0,41.53,Yearly,4,Credit Card,2,8.0,No
C08681,Male,38.0,90.03,Monthly,21,Credit Card,0,,No
C08682,Female,44.0,86.23,Monthly,32,Bank Transfer,3,6.0,Yes
C08683,FEMALE,32.0,88.56,Monthly,7,E-Wallet,0,7.0,No
C08684,Female,48.0,30.87,Monthly,40,,3,5.0,Yes
C08685,Male,23.0,69.15,Monthly,3,Credit Card,2,8.0,No
C08686,Female,18.0,50.88,Monthly,37,Credit Card,1,8.0,No
C08687,Male,28.0,89.11,Monthly,28,E-Wallet,5,5.0,No
C08688,Male,20.0,25.93,Monthly,1,Bank Transfer,2,7.0,Yes
C08689,Male,55.0,64.43,Monthly,9,Bank Transfer,1,5.0,No
C08690,Male,59.0,60.45,Monthly,10,Cash,4,5.0,No
C08691,Male,21.0,22.3,Monthly,1,,2,,No
C08692,Female,53.0,36.66,Monthly,1,Cash,3,6.0,No
C08693,Male,49.0,23.96,Two-Year,1,Bank Transfer,3,6.0,No
C08694,Male,19.0,39.38,Monthly,9,Credit Card,1,9.0,Yes
C08695,Male,33.0,69.91,Monthly,8,E-Wallet,5,8.0,No
C08696,Female,31.0,59.62,Monthly,34,Credit Card,3,8.0,No
C08697,Female,46.0,58.92,Monthly,6,,5,5.0,No
C08698,Female,23.0,34.2,Monthly,13,Bank Transfer,3,6.0,No
C08699,FEMALE,36.0,90.4,Monthly,1,Credit Card,2,8.0,No
C08700,Female,29.0,54.14,Yearly,14,Credit Card,2,9.0,No
C08701,male,43.0,55.43,Yearly,30,Credit Card,1,6.0,No
C08702,Female,35.0,83.36,Yearly,6,E-Wallet,3,4.0,Yes
C08703,Male,31.0,34.95,Monthly,5,Credit Card,3,8.0,No
C08704,Male,35.0,60.51,Monthly,12,Credit Card,2,8.0,No
C08705,Male,62.0,66.06,Monthly,5,E-Wallet,0,6.0,Yes
C08706,Male,32.0,42.71,Monthly,7,Credit Card,2,7.0,No
C08707,Female,25.0,73.23,Monthly,4,Cash,2,4.0,Yes
C08708,Male,45.0,67.67,Yearly,6,Credit Card,3,8.0,Yes
C08709,Male,36.0,52.17, Monthly ,14,E-Wallet,3,7.0,No
C08710,Female,21.0,51.45,Monthly,31,Credit Card,1,5.0,No
C08711,Female,64.0,69.1,Monthly,11,,5,9.0,Yes
C08712,Male,33.0,77.85,Monthly,1,E-Wallet,2,3.0,Yes
C08713,Female,33.0,56.17,Monthly,4,Cash,5,7.0,Yes
C08714,Male,39.0,,Monthly,37,E-Wallet,4,9.0,No
C08715,Female,58.0,73.43,Monthly,29,E-Wallet,4,10.0,No
C08716,Female,18.0,24.41,Yearly,2,Credit Card,3,4.0,No
C08717,Female,41.0,29.01,Monthly,29, E-Wallet,0,7.0,Yes
C08718,Female,63.0,92.94,Monthly,41,Bank Transfer,0,6.0,No
C08719,Female,39.0,48.86,Monthly,5,Bank Transfer,2,7.0,No
C08720,Male,23.0,58.78,Two-Year,15,Bank Transfer,3,7.0,No
C08721,Male,30.0,91.17,Monthly,10,Credit Card,3,7.0,No
C08722,Female,40.0,54.44,Two-Year,5,E-Wallet,2,10.0,No
C08723,Male,53.0,55.52,Monthly,2,Credit Card,3,9.0,No
C08724,Male,33.0,36.93,Two-Year,6,Bank Transfer,2,4.0,No
C08725,Female,47.0,64.49,Monthly,32,Credit Card,2,5.0,Yes
C08726,Female,20.0,71.09,Monthly,21,E-Wallet,3,8.0,No
C08727,Male,20.0,42.1,Monthly,5,Credit Card,1,4.0,Yes
C08728,Male,32.0,36.06,Two-Year,10,Credit Card,3,4.0,No
C08729,Male,55.0,178.01,Yearly,7,Credit Card,1,6.0,No
C08730,Male,38.0,52.36,Monthly,8,Credit Card,3,8.0,No
C08731,Male,41.0,40.14,Monthly,18,Credit Card,3,8.0,No
C08732,Female,41.0,75.04,Monthly,10,Credit Card,0,5.0,No
C08733,F,51.0,53.36,Monthly,3,Credit Card,2,3.0,Yes
C08734,Male,30.0,33.5,Monthly,4,Credit Card,0,9.0,No
C08735,Male,46.0,67.86,Monthly,11,Cash,4,8.0,Yes
C08736,Female,28.0,37.19,Monthly,15,Credit Card,0,7.0,No
C08737,Male,61.0,110.99,Yearly,9,E-Wallet,5,6.0,No
C08738,Male,28.0,68.21,Monthly,12,Bank Transfer,3,6.0,No
C08739,Male,27.0,48.2,Monthly,19,Bank Transfer,2,7.0,No
C08740,Female,44.0,57.35,Monthly,10,Credit Card,1,5.0,No
C08741,M,,81.98,Monthly,46,Credit Card,4,9.0,No
C08742,Male,41.0,59.36,Monthly,4,E-Wallet,2,2.0,Yes
C08743,Male,40.0,141.88,Monthly,31,Bank Transfer,5,9.0,Yes
C08744,Male,24.0,91.03,Two-Year,4,Bank Transfer,2,5.0,No
C08745,Male,57.0,67.99,Monthly,10,Bank Transfer,2,3.0,No
C08746,Male,,35.81,Monthly,8,Bank Transfer,2,7.0,No
C08747,Male,54.0,51.11,Monthly,6,E-Wallet,2,8.0,No
C08748,Male,31.0,67.73,Monthly,40,E-Wallet,3,,No
C08749,Male,42.0,37.7,Monthly,4,Credit Card,0,8.0,Yes
C08750,Male,40.0,97.71,Monthly,14,Credit Card ,1,3.0,No
C08751,Female,51.0,35.22,Monthly,20,Bank Transfer,4,,No
C08752,Male,51.0,40.99,Yearly,3,Bank Transfer,2,4.0,No
C08753,Male,40.0,42.39,Yearly,44,E-Wallet,4,8.0,Yes
C08754,Male,19.0,76.3,Monthly,10,,2,7.0,Yes
C08755,Female,59.0,38.01,Monthly,30,E-Wallet,1,7.0,No
C08756,Female,44.0,24.29,Monthly,14,Bank Transfer,3,3.0,No
C08757,FEMALE,30.0,89.09,Monthly,13,Bank Transfer,5,10.0,No
C08758,Male,42.0,44.7,Monthly,6,E-Wallet,3,9.0,No
C08759,Male,19.0,33.76,Monthly,18,Credit Card,5,5.0,No
C08760,Male,,,Monthly,1,Bank Transfer,1,9.0,No
C08761,Male,20.0,118.22,Monthly,10,Credit Card,4,6.0,No
C08762,Female,35.0,40.62,Yearly,1,Credit Card,3,6.0,No
C08763,Female,40.0,51.65,Yearly,5,Bank Transfer,2,4.0,Yes
C08764,Female,50.0,44.65,Monthly,2,Credit Card,2,6.0,No
C08765,Male,,31.35,Monthly,30,Credit Card,3,6.0,No
C08766,Female,45.0,39.09,Monthly,12,Cash,3,5.0,No
C08767,Female,37.0,30.4,Two-Year,14,Credit Card,2,8.0,No
C08768,M,37.0,83.94,Yearly,23,Bank Transfer,2,,No
C08769,Male,39.0,57.13,Yearly,16,Bank Transfer,0,8.0,No
C08770,Male,35.0,166.87,Monthly,2,Credit Card,4,3.0,No
C08771,Male,18.0,39.69,Monthly,12,E-Wallet,0,4.0,Yes
C08772,Male,28.0,37.1,Monthly,46,Bank Transfer,4,7.0,No
C08773,Female,40.0,108.87,Yearly,3,Credit Card,3,8.0,Yes
C08774,Male,35.0,87.89,Yearly,12,Credit Card,5,6.0,No
C08775,Female,36.0,64.92,Monthly,10,Credit Card,4,7.0,No
C08776,Male,34.0,33.08,Monthly,6,E-Wallet,3,,No
C08777,Female,27.0,119.73,Yearly,38,Credit Card,2,6.0,No
C08778,Male,32.0,52.86,Monthly,6,Credit Card,2,7.0,No
C08779,Female,34.0,44.98,Yearly,2,Credit Card,1,7.0,No
C08780,Male,38.0,91.32,Monthly,40,E-Wallet,3,8.0,No
C08781,FEMALE,42.0,54.05,Monthly,16,E-Wallet,2,4.0,No
C08782,Female,35.0,,Monthly,6,E-Wallet,2,3.0,No
C08783,Male,25.0,55.6,Monthly,4,Cash,2,6.0,No
C08784,Female,21.0,38.41,Monthly,32,Cash,1,6.0,Yes
C08785,Female,69.0,14.09,Two-Year,4,,4,5.0,Yes
C08786,Male,24.0,36.72,Two-Year,10,Bank Transfer,1,5.0,No
C08787,Male,31.0,43.06,Monthly,3,E-Wallet,2,8.0,No
C08788,Female,44.0,32.46,Monthly,65,Credit Card,2,6.0,No
C08789,Male,42.0,70.73,Monthly,18,Credit Card,0,10.0,Yes
C08790,Female,44.0,38.48,Monthly,11,Credit Card,2,6.0,No
C08791,Female,32.0,67.71,Two-Year,17,E-Wallet,3,5.0,No
C08792,Male,40.0,31.34,Monthly,30,Credit Card,0,8.0,No
C08793,Male,38.0,82.2,Monthly,40,E-Wallet,0,10.0,No
C08794,male,34.0,30.74,Two-Year,19,E-Wallet,1,6.0,No
C08795,Male,40.0,19.04,Monthly,23,Credit Card,6,8.0,No
C08796,Male,50.0,95.28,Yearly,7,Credit Card,1,,No
C08797,Male,37.0,37.15,Monthly,6,Credit Card,3,6.0,Yes
C08798,Male,37.0,120.38,Two-Year,20,Credit Card,3,4.0,No
C08799,Male,50.0,70.39,Yearly,18,Bank Transfer,2,7.0,No
C08800,Male,49.0,77.92,Two-Year,28,Bank Transfer,2,0.0,No
C08801,Female,57.0,87.4,Two-Year,2,E-Wallet,1,5.0,No
C08802,Male,18.0,57.44,Monthly,15,Credit Card,2,9.0,Yes
C08803,Male,48.0,57.73,Monthly,13,E-Wallet,2,4.0,No
C08804,Female,45.0,97.18,Monthly,20,Bank Transfer,1,10.0,No
C08805,FEMALE,27.0,57.4,Yearly,1,,2,,No
C08806,Female,41.0,39.34,Monthly,22,Credit Card,2,8.0,No
C08807,Male,50.0,71.06,Two-Year,5,Bank Transfer,6,9.0,No
C08808,Female,28.0,21.09,Monthly,14,Credit Card,4,8.0,No
C08809,Male,43.0,98.87,Yearly,12,Credit Card,1,3.0,Yes
C08810,Male,48.0,99.8,Monthly,7,Credit Card,2,3.0,Yes
C08811,Male,25.0,93.61,Monthly,17,Bank Transfer,2,4.0,No
C08812,Male,36.0,92.01,Monthly,39,,2,6.0,Yes
C08813,Female,41.0,52.57,Monthly,5,E-Wallet,1,9.0,Yes
C08814,Male,28.0,52.04,Monthly,17, E-Wallet,2,4.0,No
C08815,Female,27.0,31.4,Monthly,5,Bank Transfer,4,5.0,No
C08816,Female,,119.9, Monthly ,23,Credit Card,1,5.0,No
C08817,Female,47.0,43.89,Yearly,7,E-Wallet,3,7.0,No
C08818,Male,45.0,63.62,Monthly,8,Credit Card,4,8.0,No
C08819,Female,27.0,61.21,Monthly,18,,3,4.0,No
C08820,Male,45.0,29.87,Two-Year,9,Bank Transfer,4,10.0,No
C08821,Male,27.0,24.9,Yearly,4,Credit Card,3,8.0,Yes
C08822,Female,18.0,54.74,Monthly,65,Credit Card,2,7.0,No
C08823,Male,33.0,44.51,Yearly,12,Bank Transfer,2,7.0,Yes
C08824,Male,51.0,52.44,Two-Year,13,E-Wallet,1,4.0,Yes
C08825,Female,45.0,88.19,Two-Year,13,Credit Card,2,6.0,No
C08826,Male,37.0,60.41,Yearly,26,Credit Card,2,7.0,No
C08827,FEMALE,32.0,76.81,Monthly,3,Credit Card,0,8.0,Yes
C08828,Male,,66.71,Monthly,1,Bank Transfer,1,8.0,No
C08829,Male,39.0,47.35,Monthly,6,Bank Transfer,3,9.0,No
C08830,Male,25.0,34.79,Monthly,10,Cash,2,7.0,No
C08831,Male,33.0,61.51,Monthly,5,E-Wallet,1,4.0,No
C08832,Male,35.0,56.7,Monthly,15,E-Wallet,0,9.0,Yes
C08833,Female,21.0,82.42,Monthly,1,Credit Card,0,10.0,Yes
C08834,Male,27.0,51.01,Monthly,19,Credit Card,4,8.0,No
C08835,Female,42.0,47.76, Monthly ,16,Bank Transfer,2,10.0,No
C08836,Male,38.0,49.24,Monthly,3,Credit Card,2,7.0,No
C08837,Male,34.0,36.11,Yearly,5,E-Wallet,5,6.0,No
C08838,Female,27.0,104.7,Monthly,20,E-Wallet,3,5.0,Yes
C08839,Female,56.0,91.18,Two-Year,18,Credit Card,2,4.0,No
C08840,Male,27.0,31.63,Monthly,21,E-Wallet,3,6.0,No
C08841,Female,41.0,78.4,Monthly,5,Credit Card,2,4.0,No
C08842,Female,32.0,23.8,Monthly,42,Credit Card,3,10.0,No
C08843,Male,38.0,85.06,Monthly,16,Credit Card,2,5.0,No
C08844,Female,43.0,39.91,Monthly,1,Bank Transfer,2,9.0,No
C08845,Male,21.0,64.2,Yearly,8,E-Wallet,3,4.0,No
C08846,Female,37.0,22.91,Yearly,14,Credit Card,1,6.0,No
C08847,Female,52.0,31.84,Yearly,3,E-Wallet,4,6.0,No
C08848,Female,59.0,67.42,Monthly,28,,2,6.0,No
C08849,Male,36.0,39.83,Monthly,17,Cash,1,6.0,No
C08850,Male,38.0,681.0,Monthly,2,E-Wallet,3,8.0,Yes
C08851,Female,64.0,102.32,Monthly,30,E-Wallet,4,10.0,No
C08852,Male,51.0,147.66,Monthly,7,Bank Transfer,1,7.0,No
C08853,Male,30.0,83.23,Monthly,8,Credit Card,8,6.0,No
C08854,Female,30.0,33.4,Two-Year,19,Credit Card,1,4.0,No
C08855,Male,49.0,120.73,Monthly,13,Bank Transfer,2,6.0,No
C08856,male,25.0,27.04,Yearly,7,Bank Transfer,3,4.0,No
C08857,Male,51.0,47.61,Monthly,4,E-Wallet,1,6.0,No
C08858,Male,42.0,55.96,Monthly,9,Credit Card,8,10.0,No
C08859,Female,44.0,129.78,Yearly,11,Bank Transfer,3,10.0,No
C08860,Female,34.0,,Monthly,12,E-Wallet,5,7.0,No
C08861,Male,30.0,44.31,Monthly,12,Credit Card,2,9.0,No
C08862,Female,55.0,35.69,Monthly,12,E-Wallet,1,5.0,No
C08863,Female,35.0,85.71,Monthly,8,Bank Transfer,2,5.0,No
C08864,Female,,42.95,Monthly,10,Credit Card,2,5.0,No
C08865,Male,37.0,,Monthly,5,Credit Card ,3,6.0,No
C08866,Female,40.0,29.48,Monthly,3,Credit Card,2,9.0,Yes
C08867,Male,25.0,70.54,Yearly,12,Credit Card,4,4.0,No
C08868,Female,31.0,68.03,Monthly,1,Bank Transfer,2,8.0,No
C08869,Female,30.0,31.23,Monthly,1,Cash,2,8.0,No
C08870,Male,48.0,86.85,Monthly,4,E-Wallet,1,7.0,No
C08871,Female,27.0,70.08,Yearly,3,Credit Card,3,5.0,No
C08872,Male,18.0,76.17,Monthly,6,E-Wallet,1,7.0,No
C08873,Female,18.0,,Monthly,6,Cash,1,7.0,No
C08874,Male,20.0,59.18,Monthly,2,,2,0.0,Yes
C08875,Female,54.0,56.18,Yearly,4,Cash,5,9.0,No
C08876,Male,38.0,51.08,Monthly,1,Cash,2,4.0,No
C08877,Male,44.0,58.95,Monthly,6,E-Wallet,3,7.0,No
C08878,Male,44.0,,Monthly,20,Credit Card,4,8.0,No
C08879,Male,38.0,88.56,Monthly,4,Bank Transfer,4,7.0,No
C08880,Male,37.0,32.08,Monthly,13,Credit Card,1,8.0,No
C08881,Female,50.0,85.07,Yearly,2,Cash,2,6.0,No
C08882,Male,39.0,93.32,Monthly,1,Credit Card,4,4.0,No
C08883,Male,54.0,51.01,Monthly,9,E-Wallet,3,3.0,No
C08884,Male,45.0,68.63,Monthly,8,Credit Card,1,9.0,Yes
C08885,Female,30.0,68.19,Monthly,3,Credit Card,5,7.0,Yes
C08886,Female,32.0,37.24, Monthly ,5,Cash,6,7.0,Yes
C08887,Female,29.0,45.98,Monthly,1,E-Wallet,3,7.0,No
C08888,Female,52.0,76.54,Yearly,20,Credit Card,2,6.0,No
C08889,Male,33.0,43.68,Monthly,5,Cash,4,9.0,No
C08890,Male,28.0,84.69,Monthly,3,E-Wallet,2,6.0,No
C08891,Male,41.0,98.22,Monthly,20,Cash,3,8.0,No
C08892,Female,36.0,91.35,Two-Year,1,Bank Transfer,5,6.0,No
C08893,Female,41.0,133.07,Yearly,5,Cash,2,2.0,No
C08894,Male,,52.41, Monthly ,4,E-Wallet,3,5.0,No
C08895,Male,48.0,59.13,Monthly,4,Cash,2,9.0,No
C08896,Male,,63.07,Monthly,1,Credit Card,2,5.0,Yes
C08897,Male,21.0,53.13,Monthly,33,Bank Transfer,3,8.0,No
C08898,Female,32.0,69.68,Monthly,24,E-Wallet,2,7.0,No
C08899,Male,46.0,25.28,Monthly,7,Bank Transfer,3,7.0,No
C08900,Female,23.0,,Yearly,8,E-Wallet,2,7.0,Yes
C08901,Male,63.0,29.38,Monthly,9,Cash,1,8.0,No
C08902,Female,38.0,35.4,Monthly,8,E-Wallet,1,7.0,Yes
C08903,Female,38.0,75.93,Monthly,19,Credit Card,1,4.0,Yes
C08904,Female,30.0,49.92,Monthly,9,Credit Card,3,9.0,No
C08905,Female,43.0,74.73,Monthly,3,Credit Card,1,10.0,No
C08906,Female,24.0,49.43,Monthly,2,,6,4.0,Yes
C08907,Female,63.0,89.83,Monthly,31,Credit Card,4,6.0,No
C08908,Female,53.0,49.03,Two-Year,1,Credit Card,5,10.0,No
C08909,Female,49.0,22.65,Two-Year,28,Credit Card,5,5.0,No
C08910,Female,21.0,60.43,Monthly,15,E-Wallet,0,8.0,No
C08911,Female,40.0,20.57,Monthly,7,Credit Card,2,6.0,No
C08912,Female,52.0,28.4,Monthly,3,Credit Card,4,9.0,No
C08913,Female,45.0,36.7,Monthly,5,Bank Transfer,3,6.0,No
C08914,Male,25.0,34.69,Yearly,10,,6,3.0,No
C08915,Male,30.0,42.72,Monthly,13,Credit Card,2,8.0,No
C08916,Male,32.0,34.16,Monthly,15,Credit Card,5,9.0,No
C08917,Male,30.0,29.0,Monthly,8,Bank Transfer,1,7.0,Yes
C08918,M,56.0,109.27,Monthly,6,Credit Card,3,5.0,Yes
C08919,Male,18.0,40.24,Monthly,18,Cash,2,6.0,No
C08920,Female,45.0,20.01,Monthly,32,Credit Card,3,7.0,No
C08921,Female,22.0,46.41,Yearly,30,Cash,5,,No
C08922,Male,26.0,32.91, Monthly ,10,E-Wallet,5,8.0,No
C08923,Female,18.0,36.66,Monthly,1,E-Wallet,7,6.0,No
C08924,Female,31.0,75.16,Two-Year,1,Credit Card,2,8.0,Yes
C08925,Male,56.0,44.63,Monthly,7,E-Wallet,2,5.0,No
C08926,Female,41.0,32.5,Two-Year,16,E-Wallet,4,10.0,No
C08927,Female,23.0,66.74,Monthly,9,Bank Transfer,4,3.0,No
C08928,Male,50.0,91.6,Two-Year,12,Bank Transfer,3,10.0,No
C08929,Male,52.0,69.52,Monthly,23,Credit Card,2,4.0,No
C08930,Female,39.0,18.1,Monthly,1,Bank Transfer,5,6.0,No
C08931,Male,62.0,33.06,Yearly,31,Credit Card,1,3.0,No
C08932,Male,47.0,55.78,Yearly,5,Cash,2,8.0,No
C08933,Male,46.0,48.91,Monthly,1,E-Wallet,3,7.0,Yes
C08934,Female,28.0,47.12,Monthly,22,Credit Card,2,5.0,No
C08935,Female,45.0,35.08,Two-Year,33,Bank Transfer,0,,No
C08936,Female,40.0,29.01,Monthly,18,Bank Transfer,3,8.0,Yes
C08937,Male,44.0,134.76,Monthly,20,Credit Card,2,6.0,Yes
C08938,Female,29.0,55.27,Monthly,25,E-Wallet,2,7.0,No
C08939,Male,39.0,72.89,Monthly,9,Credit Card,2,,No
C08940,Male,28.0,54.75,Monthly,14,Bank Transfer,1,8.0,No
C08941,Male,18.0,55.75,Yearly,5,Bank Transfer,3,6.0,No
C08942,Male,49.0,53.09,Yearly,4,Credit Card,6,7.0,No
C08943,Female,19.0,32.98,Two-Year,12,Credit Card,5,5.0,No
C08944,Female,39.0,27.62,Monthly,16,E-Wallet,1,7.0,No
C08945,Male,41.0,64.96,Monthly,7,Credit Card,2,6.0,No
C08946,Female,41.0,59.41,Monthly,7,E-Wallet,3,,Yes
C08947,Female,34.0,83.28,Monthly,38,E-Wallet,4,,Yes
C08948,Female,41.0,76.01,Monthly,9,Credit Card,3,8.0,No
C08949,Male,43.0,37.95,Monthly,52,Credit Card,4,5.0,No
C08950,Female,46.0,90.89,Monthly,24,E-Wallet,1,9.0,No
C08951,Male,58.0,77.04,Monthly,13,Bank Transfer,3,4.0,No
C08952,Female,40.0,74.51,Monthly,1,E-Wallet,4,7.0,No
C08953,Male,38.0,150.23,Two-Year,5,Credit Card,1,10.0,Yes
C08954,Female,27.0,,Yearly,7,E-Wallet,1,10.0,No
C08955,Male,43.0,74.47,Yearly,13,Credit Card,2,4.0,Yes
C08956,Male,46.0,70.41,Yearly,7,E-Wallet,6,8.0,No
C08957,Female,35.0,88.83,Monthly,22,E-Wallet,2,6.0,No
C08958,Female,44.0,41.98,Yearly,14,Bank Transfer,3,5.0,No
C08959,Female,34.0,42.25,Yearly,6,,4,7.0,No
C08960,Female,46.0,73.92,Monthly,19,Credit Card,2,9.0,No
C08961,Male,48.0,37.14,Yearly,5,Credit Card,2,,No
C08962,Male,48.0,71.29,Monthly,1,Bank Transfer,0,4.0,No
C08963,Male,39.0,,Monthly,3,E-Wallet,2,4.0,No
C08964,Male,25.0,37.14,Monthly,1,Cash,5,,Yes
C08965,Female,30.0,55.24,Monthly,22,E-Wallet,5,8.0,No
C08966,Female,45.0,98.23,Monthly,12,Bank Transfer,4,8.0,No
C08967,Female,67.0,56.66,Monthly,11,E-Wallet,2,4.0,No
C08968,Female,33.0,56.77,Monthly,14,Credit Card,1,5.0,No
C08969,Female,43.0,63.31,Monthly,13,Bank Transfer,4,5.0,No
C08970,Male,31.0,67.13,Two-Year,11,Bank Transfer,2,4.0,Yes
C08971,Male,26.0,47.05,Yearly,23,Cash,6,7.0,No
C08972,Female,,63.92,Yearly,7,Credit Card,3,5.0,No
C08973,Male,18.0,34.05,Monthly,20,Credit Card,5,,No
C08974,Male,54.0,38.11,Monthly,19,Credit Card,2,5.0,No
C08975,Male,18.0,40.37,Monthly,3,E-Wallet,4,4.0,No
C08976,Female,34.0,67.45,Monthly,8,Credit Card,2,4.0,Yes
C08977,Male,23.0,58.68,Monthly,22,E-Wallet,2,5.0,No
C08978,Female,27.0,51.39,Monthly,22,Bank Transfer,2,7.0,No
C08979,Female,54.0,74.5,Monthly,1,Credit Card,1,5.0,No
C08980,Male,,64.75,Monthly,4,E-Wallet,1,7.0,No
C08981,Female,26.0,47.92,Monthly,7,Bank Transfer,1,9.0,No
C08982,M,30.0,34.27,Monthly,1,E-Wallet,2,7.0,Yes
C08983,Female,28.0,37.76,Yearly,4,E-Wallet,1,4.0,No
C08984,Female,37.0,28.22,Monthly,4,E-Wallet,6,5.0,No
C08985,Male,40.0,58.16,Yearly,3,E-Wallet,4,9.0,No
C08986,Female,60.0,37.04,Monthly,7,,3,7.0,Yes
C08987,Male,18.0,43.69,Yearly,21,Credit Card ,2,5.0,No
C08988,Female,37.0,51.55,Monthly,4,Cash,5,5.0,Yes
C08989,Female,34.0,87.34,Monthly,11,Credit Card,1,9.0,No
C08990,Female,49.0,82.93,Monthly,10,Credit Card ,2,9.0,No
C08991,Male,42.0,53.27,Two-Year,21,Credit Card,3,6.0,Yes
C08992,Male,45.0,96.49,Monthly,7,Credit Card,3,6.0,No
C08993,Male,42.0,22.07,Monthly,4,E-Wallet,0,7.0,No
C08994,Male,26.0,127.07,Monthly,27,Bank Transfer,1,5.0,No
C08995,Male,52.0,74.56,Monthly,22,Bank Transfer,2,8.0,No
C08996,Male,47.0,57.18,Monthly,12,Credit Card,2,7.0,No
C08997,Male,48.0,36.56,Yearly,2,Credit Card,0,4.0,No
C08998,Female,53.0,44.83,Monthly,1,Credit Card,2,8.0,Yes
C08999,Male,43.0,71.82,Monthly,3,Credit Card,4,,No
C09000,F,55.0,72.56,Monthly,3,Bank Transfer,3,3.0,Yes
C09001,Female,42.0,73.76,Monthly,2,E-Wallet,0,9.0,No
C09002,Female,35.0,39.34,Monthly,4,E-Wallet,0,8.0,No
C09003,Female,37.0,35.93,Monthly,5,Credit Card,5,5.0,No
C09004,Male,37.0,59.61,Monthly,17,Cash,3,10.0,No
C09005,Female,31.0,77.2,Yearly,15,Credit Card,3,,Yes
C09006,Male,57.0,54.68,Monthly,2,Credit Card,3,2.0,No
C09007,Male,41.0,106.34,Monthly,46,Cash,4,5.0,No
C09008,Female,39.0,55.42,Yearly,17,Bank Transfer,3,9.0,No
C09009,Male,42.0,54.58,Monthly,3,Cash,2,,No
C09010,Female,73.0,73.83,Monthly,2,Credit Card,0,6.0,No
C09011,Male,24.0,94.51,Monthly,2,E-Wallet,3,8.0,No
C09012,Male,27.0,29.75,Monthly,16,Credit Card,4,5.0,No
C09013,Male,21.0,,Monthly,4,E-Wallet,1,7.0,No
C09014,Male,35.0,47.42,Monthly,1,Credit Card,2,6.0,Yes
C09015,Male,40.0,226.22,Monthly,7,Credit Card,2,3.0,No
C09016,Male,32.0,48.54,Yearly,15,Credit Card,1,6.0,No
C09017,Male,31.0,51.69,Monthly,5,Bank Transfer,1,10.0,No
C09018,Female,,72.11,Two-Year,8,Credit Card,4,6.0,No
C09019,Male,31.0,84.74,Yearly,3,Cash,3,7.0,No
C09020,male,41.0,58.93,Monthly,7,E-Wallet,3,7.0,Yes
C09021,Male,51.0,92.2,Yearly,6,E-Wallet,3,6.0,No
C09022,Female,46.0,31.9,Monthly,7,E-Wallet,6,5.0,No
C09023,Male,48.0,38.68,Monthly,8,E-Wallet,6,7.0,Yes
C09024,Male,51.0,92.12,Two-Year,2,E-Wallet,6,8.0,No
C09025,Male,41.0,54.87,Monthly,2,Cash,2,7.0,Yes
C09026,Male,36.0,30.94,Monthly,4,Cash,3,5.0,No
C09027,Female,28.0,30.11,Monthly,2,Credit Card,4,6.0,No
C09028,F,33.0,37.9,Monthly,4,Credit Card,0,5.0,No
C09029,Female,,54.65,Monthly,1,Bank Transfer,2,8.0,Yes
C09030,Male,46.0,67.38,Monthly,6,Credit Card,3,,No
C09031,Male,42.0,,Yearly,3,Credit Card,1,7.0,No
C09032,Female,46.0,64.93,Monthly,27,E-Wallet,0,5.0,No
C09033,Male,24.0,,Yearly,24,Bank Transfer,1,4.0,No
C09034,Female,55.0,94.7,Monthly,5,E-Wallet,1,6.0,No
C09035,Male,32.0,172.14,Monthly,8,Cash,4,2.0,Yes
C09036,Female,24.0,45.76,Monthly,38,E-Wallet,4,7.0,No
C09037,Male,32.0,67.76,Yearly,9,Bank Transfer,3,6.0,No
C09038,Female,67.0,65.32,Yearly,23,Credit Card,1,5.0,Yes
C09039,Female,33.0,58.11,Monthly,22,Credit Card,2,3.0,Yes
C09040,Male,34.0,73.26,Monthly,35,Credit Card,2,7.0,No
C09041,Male,35.0,67.73,Yearly,5,Credit Card,3,7.0,No
C09042,Male,36.0,44.17,Monthly,1,Credit Card,3,9.0,No
C09043,Female,28.0,98.74,Monthly,2,E-Wallet,2,5.0,No
C09044,Male,39.0,59.78,Monthly,11,E-Wallet,5,9.0,No
C09045,Male,50.0,,Yearly,10,Bank Transfer,2,7.0,No
C09046,Male,41.0,163.93,Monthly,5,Cash,5,7.0,No
C09047,Male,24.0,51.82,Monthly,4,Credit Card,3,10.0,Yes
C09048,Female,33.0,61.24,Monthly,15,Bank Transfer,4,8.0,No
C09049,Female,31.0,59.08,Monthly,5,Credit Card,4,,No
C09050,Male,38.0,,Monthly,12,E-Wallet,2,5.0,No
C09051,Female,,66.81,Yearly,15,Bank Transfer,1,4.0,No
C09052,Female,36.0,37.33,Yearly,7,Credit Card,2,7.0,No
C09053,Male,,71.41,Monthly,3,Credit Card,4,7.0,No
C09054,Male,59.0,24.75,Monthly,24,E-Wallet,0,6.0,No
C09055,Female,48.0,30.44,Two-Year,2,Credit Card,5,6.0,No
C09056,Female,44.0,124.16,Monthly,22,Cash,2,4.0,No
C09057,Female,61.0,31.02,Monthly,22,Credit Card,0,6.0,No
C09058,Male,43.0,22.6,Two-Year,11, E-Wallet,1,8.0,No
C09059,Male,18.0,,Yearly,12,Credit Card,0,,No
C09060,Male,47.0,119.47,Monthly,6,Bank Transfer,1,4.0,No
C09061,Female,18.0,24.38,Monthly,23,Bank Transfer,1,7.0,No
C09062,Female,43.0,35.51,Monthly,4,Bank Transfer,4,10.0,No
C09063,Female,18.0,28.33,Two-Year,10,Bank Transfer,2,10.0,No
C09064,Male,32.0,48.26,Yearly,1,Bank Transfer,2,4.0,Yes
C09065,Male,33.0,44.87,Monthly,34,Credit Card,3,4.0,No
C09066,Male,28.0,43.98,Yearly,36,Credit Card,0,5.0,No
C09067,Male,33.0,125.87,Yearly,15,Bank Transfer,2,6.0,No
C09068,FEMALE,50.0,31.83,Monthly,7,Bank Transfer,2,6.0,No
C09069,Male,29.0,52.14,Monthly,3,Credit Card,7,3.0,No
C09070,Male,44.0,63.58,Monthly,9,E-Wallet,1,7.0,No
C09071,Female,26.0,35.12,Yearly,19,E-Wallet,5,5.0,No
C09072,Female,35.0,67.96,Monthly,12,Credit Card,2,7.0,No
C09073,Male,41.0,45.61,Monthly,9,Bank Transfer,2,6.0,Yes
C09074,F,26.0,64.61,Monthly,23,Cash,2,6.0,No
C09075,Male,22.0,52.01,Monthly,5,Credit Card,1,4.0,No
C09076,Female,43.0,21.7,Monthly,24,E-Wallet,2,5.0,No
C09077,Female,51.0,98.27,Monthly,7,Bank Transfer,3,4.0,No
C09078,Female,37.0,138.62,Monthly,1,Bank Transfer,4,4.0,No
C09079,Female,32.0,50.42,Monthly,16,E-Wallet,6,4.0,No
C09080,Male,,36.45,Monthly,26,Bank Transfer,3,7.0,No
C09081,Male,38.0,107.52,Monthly,8,Credit Card,3,3.0,No
C09082,Male,40.0,127.83,Monthly,8,Cash,5,,No
C09083,Male,18.0,50.6,Monthly,20,E-Wallet,1,9.0,No
C09084,Female,25.0,49.48,Monthly,26,Bank Transfer,7,10.0,No
C09085,Male,27.0,52.67,Monthly,44,Bank Transfer,2,4.0,Yes
C09086,Male,39.0,,Monthly,6,Bank Transfer,2,6.0,No
C09087,Male,40.0,47.89,Yearly,11,E-Wallet,2,6.0,No
C09088,Female,45.0,118.12,Monthly,21,Credit Card,1,5.0,No
C09089,Male,41.0,50.61,Monthly,10,E-Wallet,4,5.0,No
C09090,Female,22.0,34.19,Monthly,8,Credit Card,3,9.0,No
C09091,Male,55.0,68.27,Monthly,11,Bank Transfer,0,8.0,No
C09092,Male,53.0,40.44,Monthly,6,Credit Card,3,5.0,No
C09093,Male,22.0,52.99,Monthly,3,E-Wallet,4,7.0,No
C09094,Female,,30.85,Monthly,1,,3,8.0,Yes
C09095,Male,30.0,,Two-Year,12,Bank Transfer,2,4.0,No
C09096,Female,39.0,76.09,Monthly,6,E-Wallet,2,6.0,No
C09097,Male,50.0,57.52,Monthly,26,Bank Transfer,3,,No
C09098,Male,63.0,38.5,Two-Year,4,Credit Card,1,,No
C09099,Female,47.0,57.62,Monthly,5,Credit Card,2,15.0,Yes
C09100,Male,41.0,41.55,Monthly,43,Bank Transfer,1,7.0,No
C09101,Female,33.0,38.37,Monthly,10,Credit Card,1,6.0,No
C09102,Female,40.0,92.19,Monthly,6,Credit Card,3,5.0,No
C09103,male,54.0,77.66,Monthly,24,Bank Transfer,1,7.0,Yes
C09104,FEMALE,37.0,54.08,Monthly,17,Credit Card,3,7.0,No
C09105,Male,27.0,58.26,Monthly,11,Credit Card,4,2.0,Yes
C09106,Male,18.0,54.39,Yearly,27,Bank Transfer,3,6.0,No
C09107,Male,44.0,2630.0,Monthly,2,,6,3.0,Yes
C09108,Female,40.0,38.1,Two-Year,7,Credit Card,1,7.0,No
C09109,Male,30.0,80.49,Monthly,20,Bank Transfer,2,5.0,No
C09110,Female,50.0,64.01,Monthly,6,Credit Card,0,7.0,No
C09111,Female,32.0,48.5,Two-Year,32,Credit Card,4,2.0,No
C09112,Female,36.0,43.84,Yearly,2,E-Wallet,3,,No
C09113,Female,37.0,79.72,Yearly,5,Bank Transfer,2,6.0,No
C09114,Male,33.0,51.02,Monthly,7,Credit Card,1,3.0,No
C09115,Male,40.0,39.86,Yearly,14,Bank Transfer,4,,No
C09116,Male,51.0,45.92,Monthly,3,Cash,2,8.0,No
C09117,Female,24.0,77.18,Yearly,1,Cash,2,7.0,No
C09118,Female,43.0,26.45,Two-Year,46,Bank Transfer,2,5.0,No
C09119,F,40.0,46.53, Monthly ,28,Credit Card,3,3.0,Yes
C09120,Female,39.0,88.39,Monthly,5, E-Wallet,0,5.0,No
C09121,Female,48.0,50.62,Yearly,8,Credit Card,1,7.0,No
C09122,Male,38.0,61.73,Monthly,9,,2,10.0,Yes
C09123,Female,43.0,89.04,Monthly,25,Cash,2,7.0,No
C09124,Female,,81.58,Monthly,11,Bank Transfer,4,3.0,Yes
C09125,Male,31.0,44.79,Monthly,22,Bank Transfer,0,6.0,No
C09126,Female,41.0,51.49,Monthly,30,Credit Card,0,7.0,Yes
C09127,Male,34.0,82.03,Monthly,11,Credit Card,2,3.0,No
C09128,Female,36.0,83.33,Monthly,5,Cash,2,6.0,No
C09129,Female,34.0,52.48,Monthly,9,Credit Card,3,,No
C09130,Female,43.0,53.3,Monthly,23,Credit Card,3,7.0,No
C09131,Male,38.0,61.59,Monthly,11,Bank Transfer,2,4.0,No
C09132,Female,42.0,101.0,Yearly,28,E-Wallet,1,8.0,No
C09133,Female,37.0,88.27,Monthly,28,Credit Card,2,6.0,No
C09134,Male,18.0,74.59,Yearly,6,Bank Transfer,1,9.0,No
C09135,Female,38.0,33.6,Yearly,8,Credit Card,1,3.0,No
C09136,Female,38.0,48.25,Monthly,14,Bank Transfer,3,5.0,No
C09137,Female,40.0,49.4,Monthly,2,Credit Card,2,3.0,No
C09138,Male,30.0,103.37,Yearly,8,Bank Transfer,1,5.0,No
C09139,Male,23.0,49.03,Monthly,2,Credit Card,0,,Yes
C09140,Female,45.0,95.97,Monthly,23,E-Wallet,1,9.0,Yes
C09141,Male,34.0,42.23,Monthly,35,Bank Transfer,0,10.0,No
C09142,Male,40.0,43.78,Monthly,2,Cash,2,5.0,No
C09143,Female,34.0,67.81,Monthly,14,Bank Transfer,2,10.0,Yes
C09144,Male,37.0,110.57,Monthly,13,Credit Card,1,9.0,No
C09145,Female,32.0,4205.0,Monthly,18,Bank Transfer,4,6.0,No
C09146,Male,26.0,17.23,Monthly,15,E-Wallet,3,7.0,No
C09147,F,43.0,27.01,Two-Year,3,Credit Card,0,5.0,No
C09148,Male,30.0,62.43,Monthly,5,Bank Transfer,2,,No
C09149,Male,39.0,28.12,Monthly,3,Credit Card,2,4.0,No
C09150,Female,42.0,36.98,Yearly,31,E-Wallet,4,5.0,Yes
C09151,Female,30.0,54.9,Monthly,9,Cash,4,7.0,Yes
C09152,Male,23.0,18.13,Monthly,45,Credit Card,2,7.0,No
C09153,Male,67.0,46.02,Yearly,8,E-Wallet,2,7.0,No
C09154,Male,31.0,32.32,Yearly,10,Credit Card,3,4.0,No
C09155,Male,45.0,27.81,Monthly,19,Credit Card,1,4.0,No
C09156,Male,61.0,38.05,Monthly,20,Bank Transfer,3,6.0,No
C09157,Female,47.0,33.75,Monthly,4,Credit Card,2,2.0,Yes
C09158,Female,34.0,67.44,Monthly,5,Bank Transfer,5,8.0,No
C09159,Female,37.0,93.54,Monthly,2,Bank Transfer,2,8.0,Yes
C09160,Male,28.0,46.34,Monthly,20,Credit Card,1,8.0,No
C09161,FEMALE,48.0,41.75,Monthly,19,Credit Card,3,7.0,No
C09162,Female,44.0,45.31,Monthly,2,,1,6.0,No
C09163,Female,31.0,33.16,Monthly,4,Cash,1,3.0,No
C09164,Male,-5.0,30.57,Two-Year,8,Bank Transfer,1,8.0,No
C09165,Female,22.0,26.04,Yearly,10,E-Wallet,4,7.0,No
C09166,Female,49.0,30.02,Yearly,9,Bank Transfer,4,10.0,Yes
C09167,Female,39.0,113.79,Monthly,49,Credit Card,4,6.0,No
C09168,Male,40.0,40.02,Monthly,18,Bank Transfer,5,6.0,No
C09169,Male,28.0,14.53,Yearly,2,Bank Transfer,2,5.0,No
C09170,Male,20.0,41.92,Monthly,5,Bank Transfer,4,7.0,No
C09171,Male,49.0,26.69,Monthly,6,Credit Card,1,8.0,No
C09172,Female,38.0,56.08,Monthly,5,E-Wallet,4,9.0,No
C09173,Male,48.0,53.42,Monthly,19,,1,8.0,Yes
C09174,Male,33.0,55.99,Two-Year,6,Credit Card,1,6.0,No
C09175,Male,35.0,53.61,Monthly,9,E-Wallet,2,4.0,Yes
C09176,Male,46.0,46.17,Monthly,10,Bank Transfer,3,8.0,No
C09177,Male,46.0,28.36,Monthly,4,Bank Transfer,2,6.0,No
C09178,Female,47.0,52.79,Monthly,5,Credit Card ,0,6.0,No
C09179,Female,34.0,86.36,Monthly,19,Credit Card,6,6.0,Yes
C09180,Male,45.0,123.49,Yearly,25,Cash,3,10.0,No
C09181,Male,51.0,49.05,Monthly,1,Credit Card,3,7.0,No
C09182,Male,36.0,51.5,Yearly,12,Credit Card,4,8.0,Yes
C09183,Male,31.0,68.39,Monthly,13,E-Wallet,4,9.0,No
C09184,Female,54.0,106.91,Monthly,17,Credit Card,3,7.0,No
C09185,Female,,43.87,Yearly,15,E-Wallet,0,5.0,No
C09186,Female,45.0,74.57,Yearly,26,Credit Card,2,4.0,No
C09187,Female,37.0,37.7,Two-Year,1,Bank Transfer,4,6.0,No
C09188,Male,18.0,63.33,Monthly,6,Credit Card,2,7.0,No
C09189,Female,51.0,84.5,Monthly,19,E-Wallet,3,8.0,No
C09190,Female,18.0,30.54,Monthly,23,Credit Card,3,6.0,No
C09191,Female,18.0,,Monthly,4,,3,5.0,No
C09192,FEMALE,44.0,83.9,Monthly,11,Credit Card,1,,No
C09193,Female,44.0,72.04,Monthly,3,Bank Transfer,2,6.0,No
C09194,Female,30.0,87.02,Yearly,23,Credit Card,5,9.0,No
C09195,Female,39.0,79.98,Monthly,16,Cash,2,9.0,No
C09196,Male,18.0,46.83,Monthly,4,E-Wallet,3,7.0,No
C09197,FEMALE,46.0,146.88,Monthly,12,Bank Transfer,4,5.0,No
C09198,Female,40.0,58.07,Monthly,9,Cash,1,7.0,No
C09199,Female,37.0,13.8,Two-Year,4,Cash,3,9.0,No
C09200,Female,38.0,48.08,Monthly,27,Bank Transfer,4,7.0,No
C09201,Female,43.0,44.21,Two-Year,2,Credit Card,2,7.0,No
C09202,Male,37.0,78.09,Two-Year,8,Bank Transfer,1,7.0,No
C09203,Female,18.0,44.57,Two-Year,11,Credit Card,6,6.0,No
C09204,Male,150.0,89.53,Yearly,21,Bank Transfer,3,7.0,No
C09205,Female,52.0,70.19,Monthly,2,Cash,1,4.0,No
C09206,Male,22.0,34.81,Monthly,12,Credit Card,1,6.0,No
C09207,Male,33.0,51.26,Monthly,1,E-Wallet,5,9.0,No
C09208,Female,35.0,38.51,Monthly,21,Cash,9,6.0,No
C09209,Female,50.0,59.33,Yearly,4,E-Wallet,3,8.0,No
C09210,Female,18.0,38.41,Yearly,16,Bank Transfer,2,5.0,No
C09211,Female,32.0,56.46,Monthly,12,Bank Transfer,4,7.0,No
C09212,Female,18.0,48.3,Monthly,1,E-Wallet,3,5.0,No
C09213,Male,34.0,50.98,Monthly,3,Credit Card,4,7.0,Yes
C09214,Male,32.0,137.4,Monthly,4,E-Wallet,2,4.0,No
C09215,Male,38.0,46.42,Monthly,27,Bank Transfer,2,9.0,No
C09216,Male,30.0,22.86,Monthly,8,Credit Card,2,8.0,No
C09217,Female,28.0,86.24,Monthly,30,E-Wallet,1,8.0,Yes
C09218,Female,45.0,85.93, Monthly ,1,Credit Card,6,0.0,No
C09219,Female,43.0,22.41,Monthly,1,E-Wallet,3,7.0,No
C09220,Male,44.0,39.83,Monthly,36,E-Wallet,2,6.0,No
C09221,Male,35.0,66.43,Monthly,16,Bank Transfer,2,1.0,No
C09222,FEMALE,31.0,69.12,Two-Year,19,Bank Transfer,2,5.0,No
C09223,Female,36.0,54.48,Monthly,30,Credit Card,2,6.0,Yes
C09224,Male,44.0,55.04,Monthly,51,Bank Transfer,2,7.0,No
C09225,Female,18.0,,Yearly,2,E-Wallet,1,6.0,No
C09226,Female,42.0,18.54,Monthly,3,Credit Card,0,8.0,Yes
C09227,Male,41.0,137.32,Monthly,3,Credit Card,4,5.0,Yes
C09228,Female,38.0,35.31,Monthly,21,E-Wallet,3,,Yes
C09229,FEMALE,36.0,59.11,Monthly,6,Bank Transfer,2,,Yes
C09230,Female,18.0,50.83,Monthly,11,Bank Transfer,3,7.0,No
C09231,Male,32.0,81.76,Monthly,24,Credit Card,3,4.0,Yes
C09232,Male,59.0,57.5,Monthly,14,,1,8.0,No
C09233,Female,38.0,58.5,Monthly,1,,1,9.0,No
C09234,Male,34.0,,Monthly,8,Bank Transfer,5,9.0,No
C09235,Female,38.0,37.52,Monthly,1,Credit Card,5,6.0,No
C09236,M,42.0,76.33,Monthly,8,Credit Card,3,7.0,Yes
C09237,Male,45.0,73.3,Monthly,3,Bank Transfer,3,7.0,No
C09238,Male,35.0,35.58,Monthly,1,E-Wallet,1,2.0,No
C09239,Male,43.0,26.84,Monthly,21,Credit Card,1,8.0,No
C09240,FEMALE,58.0,57.8,Monthly,42,Bank Transfer,3,6.0,Yes
C09241,Male,50.0,14.76,Monthly,40,Bank Transfer,3,7.0,No
C09242,Female,66.0,32.56,Monthly,5,Credit Card,2,5.0,No
C09243,Female,30.0,120.55,Monthly,22,Credit Card,6,3.0,Yes
C09244,Female,58.0,104.61,Yearly,14,Bank Transfer,2,8.0,No
C09245,Male,28.0,67.98,Monthly,20,E-Wallet,3,8.0,No
C09246,Female,,62.7,Monthly,23,Bank Transfer,3,6.0,No
C09247,Male,46.0,22.7,Monthly,48,E-Wallet,3,7.0,No
C09248,Male,31.0,39.12,Monthly,2,Bank Transfer,1,,No
C09249,Male,39.0,47.81,Monthly,18,E-Wallet,1,6.0,No
C09250,Male,48.0,39.5,Yearly,16,E-Wallet,3,7.0,No
C09251,Male,29.0,46.64,Monthly,5,E-Wallet,2,9.0,Yes
C09252,Female,58.0,97.97,Two-Year,6,Bank Transfer,1,7.0,No
C09253,Male,,42.78,Monthly,3,Cash,1,4.0,Yes
C09254,Male,61.0,46.83,Monthly,30,Credit Card,0,10.0,No
C09255,Female,50.0,,Yearly,26,Credit Card,1,7.0,Yes
C09256,Male,36.0,28.82,Monthly,12,E-Wallet,0,7.0,No
C09257,Male,33.0,37.41,Monthly,9,E-Wallet,1,6.0,Yes
C09258,Male,31.0,39.17,Monthly,4,E-Wallet,1,4.0,Yes
C09259,Female,36.0,55.98,Two-Year,19,E-Wallet,1,7.0,No
C09260,Male,,46.75,Monthly,1,Bank Transfer,1,6.0,Yes
C09261,Male,53.0,47.42,Monthly,8,,4,8.0,Yes
C09262,Male,,40.48,Monthly,24,Credit Card,0,5.0,No
C09263,Female,40.0,33.72,Monthly,12,Cash,2,5.0,No
C09264,Female,,71.82,Monthly,13,Bank Transfer,2,7.0,Yes
C09265,Female,31.0,46.9,Monthly,1,Credit Card,3,6.0,No
C09266,Male,35.0,72.14,Monthly,5,E-Wallet,1,6.0,No
C09267,Male,25.0,33.11,Yearly,14,Credit Card,2,6.0,No
C09268,Male,,40.47,Monthly,1,,1,8.0,No
C09269,Male,63.0,49.43,Two-Year,5,Credit Card,1,4.0,No
C09270,Male,41.0,51.55,Monthly,6,Credit Card,3,6.0,No
C09271,Male,28.0,76.67,Monthly,9,E-Wallet,2,5.0,No
C09272,Female,47.0,44.98,Yearly,6,Bank Transfer,6,5.0,No
C09273,Female,23.0,76.4,Monthly,8,Cash,3,5.0,No
C09274,Male,24.0,64.63,Monthly,10,Bank Transfer,3,9.0,No
C09275,F,28.0,52.03,Monthly,2,E-Wallet,5,5.0,No
C09276,FEMALE,57.0,35.58,Monthly,3,Cash,3,7.0,Yes
C09277,Male,34.0,76.75,Two-Year,22,Credit Card,3,9.0,No
C09278,Female,18.0,35.99,Monthly,8,Credit Card,3,7.0,Yes
C09279,Male,52.0,54.08,Yearly,6,Credit Card,2,3.0,Yes
C09280,Male,34.0,,Yearly,7,E-Wallet,1,8.0,No
C09281,Male,18.0,49.74,Monthly,3,E-Wallet,3,5.0,No
C09282,Female,34.0,45.82,Yearly,4,Credit Card,4,11.0,No
C09283,Female,44.0,37.72,Monthly,9,Credit Card,2,7.0,No
C09284,Male,42.0,26.37,Monthly,6,E-Wallet,3,6.0,No
C09285,Female,59.0,102.69,Yearly,8,Bank Transfer,5,6.0,No
C09286,Female,27.0,43.76,Monthly,2,Credit Card,5,7.0,Yes
C09287,Female,38.0,51.54,Monthly,3,E-Wallet,0,5.0,Yes
C09288,Female,29.0,51.4,Monthly,6,Cash,4,7.0,No
C09289,Male,19.0,89.39,Monthly,6,Credit Card,2,8.0,No
C09290,Male,,130.31,Monthly,26,Credit Card,4,6.0,No
C09291,Male,43.0,58.67,Monthly,1,E-Wallet,3,6.0,No
C09292,Female,41.0,50.87,Monthly,60,Bank Transfer,0,5.0,No
C09293,Female,43.0,,Two-Year,38,Cash,1,7.0,No
C09294,Female,29.0,28.51,Monthly,10,Cash,1,9.0,No
C09295,Female,25.0,24.57, Monthly ,16,Credit Card,1,6.0,No
C09296,F,38.0,38.16,Monthly,33,E-Wallet,2,7.0,No
C09297,Female,,21.31,Yearly,4,E-Wallet,0,5.0,Yes
C09298,Female,57.0,88.72,Monthly,5,Credit Card,1,6.0,No
C09299,Female,47.0,66.05,Two-Year,2, E-Wallet,3,9.0,No
C09300,male,38.0,48.75,Monthly,10,Bank Transfer,2,5.0,Yes
C09301,Male,41.0,89.95,Monthly,3,Bank Transfer,1,8.0,No
C09302,Male,38.0,33.72,Monthly,33,Bank Transfer,3,5.0,No
C09303,Female,25.0,37.75,Monthly,7,Credit Card,1,3.0,Yes
C09304,Male,38.0,22.87,Monthly,31,Bank Transfer,1,8.0,No
C09305,Female,21.0,77.36,Monthly,3,Credit Card,4,9.0,No
C09306,Male,36.0,37.91,Monthly,15,E-Wallet,3,6.0,No
C09307,Male,57.0,54.99,Yearly,13,Credit Card,2,,Yes
C09308,Female,47.0,85.73,Yearly,7,E-Wallet,4,5.0,No
C09309,Male,26.0,101.18,Monthly,28,Credit Card,1,9.0,Yes
C09310,Male,37.0,3914.0,Yearly,7,Bank Transfer,3,,No
C09311,Male,27.0,64.9,Monthly,3,Credit Card,2,5.0,No
C09312,Male,37.0,36.35,Monthly,46,E-Wallet,1,4.0,No
C09313,Female,50.0,116.46,Monthly,7,E-Wallet,1,10.0,No
C09314,male,45.0,50.66,Monthly,3,E-Wallet,3,6.0,No
C09315,Female,,56.61,Two-Year,6,Bank Transfer,3,9.0,No
C09316,Male,52.0,45.46,Monthly,12,Credit Card,0,6.0,No
C09317,Female,40.0,93.66,Monthly,9,Bank Transfer,2,6.0,No
C09318,Male,46.0,59.73,Monthly,13,Cash,3,4.0,No
C09319,Female,35.0,76.89,Monthly,14,Bank Transfer,3,10.0,No
C09320,Female,,64.03,Monthly,2,Cash,3,6.0,No
C09321,Male,53.0,49.44,Monthly,5,,3,7.0,No
C09322,Female,50.0,1135.0,Monthly,17,E-Wallet,2,4.0,No
C09323,Female,35.0,63.78,Two-Year,13,E-Wallet,2,6.0,No
C09324,Male,41.0,35.43,Monthly,2,E-Wallet,1,7.0,No
C09325,Male,52.0,,Monthly,5,E-Wallet,2,6.0,Yes
C09326,Female,48.0,58.38,Monthly,33,Bank Transfer,3,5.0,No
C09327,Female,20.0,82.13,Monthly,24,E-Wallet,3,2.0,No
C09328,Male,40.0,114.18,Monthly,14,Cash,4,7.0,Yes
C09329,Male,35.0,24.54,Two-Year,1,Bank Transfer,3,6.0,No
C09330,Female,51.0,55.23,Yearly,12,Cash,2,4.0,No
C09331,Female,50.0,68.06,Yearly,1,Credit Card,0,7.0,No
C09332,Female,53.0,62.37,Monthly,13,Credit Card,2,9.0,No
C09333,Male,24.0,85.99,Monthly,16, E-Wallet,2,4.0,Yes
C09334,Female,28.0,73.33,Yearly,9,E-Wallet,2,3.0,No
C09335,Male,51.0,35.04,Yearly,1,Credit Card,1,3.0,No
C09336,Male,30.0,34.58,Monthly,14,E-Wallet,0,0.0,No
C09337,FEMALE,19.0,62.84,Yearly,21,,2,5.0,No
C09338,Female,,85.26,Two-Year,11,Credit Card,3,9.0,No
C09339,Male,31.0,58.24,Monthly,15,Credit Card,2,4.0,No
C09340,Male,59.0,26.84,Monthly,2,Credit Card,6,7.0,No
C09341,Female,41.0,34.08,Monthly,16,Bank Transfer,2,5.0,No
C09342,Female,39.0,74.53,Two-Year,12,Bank Transfer,3,6.0,No
C09343,Female,33.0,,Monthly,5,Credit Card,2,5.0,No
C09344,Female,57.0,57.57,Monthly,14,Cash,5,7.0,Yes
C09345,Male,42.0,88.19,Monthly,13,E-Wallet,1,8.0,No
C09346,Female,33.0,31.79,Monthly,11,Bank Transfer,3,8.0,No
C09347,Female,28.0,45.31,Monthly,3,Bank Transfer,6,6.0,No
C09348,Female,37.0,43.15,Monthly,5,Credit Card,1,3.0,No
C09349,Female,26.0,64.07,Yearly,58,Bank Transfer,4,5.0,No
C09350,Female,50.0,77.31,Yearly,7,Cash,4,,No
C09351,Male,18.0,28.05,Yearly,1,E-Wallet,2,6.0,Yes
C09352,Male,36.0,,Monthly,28,Credit Card,0,6.0,No
C09353,Female,45.0,80.74,Monthly,3,Credit Card,1,9.0,No
C09354,Male,42.0,23.7,Yearly,7,Cash,1,7.0,No
C09355,Male,29.0,53.04,Monthly,4,Credit Card,3,6.0,No
C09356,Female,45.0,31.59,Monthly,40,Bank Transfer,1,7.0,Yes
C09357,Female,27.0,40.91,Monthly,6,Credit Card,2,10.0,No
C09358,Male,37.0,17.69,Monthly,15,E-Wallet,7,4.0,No
C09359,Female,45.0,102.18,Monthly,11,Credit Card,6,4.0,Yes
C09360,Female,43.0,46.52,Monthly,1,Bank Transfer,1,5.0,No
C09361,Female,29.0,37.97,Yearly,6,Credit Card,1,7.0,No
C09362,Female,52.0,63.29,Monthly,6,Credit Card,4,8.0,No
C09363,Male,,34.16,Two-Year,56,Bank Transfer,0,9.0,No
C09364,Male,46.0,32.73,Monthly,21,Credit Card,4,5.0,Yes
C09365,Male,56.0,107.73,Monthly,24,Credit Card,1,6.0,No
C09366,Male,51.0,123.21,Monthly,5,Credit Card,1,9.0,No
C09367,Female,51.0,41.83,Yearly,5,Credit Card,2,7.0,Yes
C09368,Female,40.0,88.26,Two-Year,9,Cash,2,6.0,No
C09369,Female,47.0,,Monthly,12,Bank Transfer,3,6.0,Yes
C09370,Female,40.0,28.9,Monthly,16,E-Wallet,2,9.0,No
C09371,Female,23.0,35.96,Monthly,21,Credit Card,4,10.0,No
C09372,Male,41.0,109.73,Yearly,25,Credit Card,6,10.0,No
C09373,Male,41.0,28.73,Monthly,1,E-Wallet,3,7.0,No
C09374,Female,45.0,152.39,Yearly,20,Credit Card,3,7.0,No
C09375,Male,36.0,4290.0,Monthly,12,Bank Transfer,2,8.0,No
C09376,Male,,111.2,Monthly,10,Credit Card,4,4.0,Yes
C09377,Female,45.0,,Monthly,12,,0,6.0,No
C09378,Male,22.0,78.25,Yearly,26,E-Wallet,1,5.0,No
C09379,Female,55.0,102.29,Monthly,10,,3,7.0,No
C09380,Male,35.0,102.05,Monthly,3,Bank Transfer,2,4.0,No
C09381,Male,40.0,41.97,Two-Year,7,Bank Transfer,3,10.0,No
C09382,Male,44.0,37.12,Monthly,31,Credit Card,2,7.0,Yes
C09383,Female,45.0,52.64,Monthly,21,E-Wallet,2,6.0,No
C09384,Male,21.0,30.41,Monthly,3,Cash,0,6.0,Yes
C09385,Female,47.0,60.8,Monthly,16,Bank Transfer,1,8.0,No
C09386,Female,41.0,37.74,Monthly,4,E-Wallet,0,4.0,No
C09387,Female,30.0,88.87,Yearly,6,E-Wallet,0,5.0,No
C09388,Male,,,Monthly,8,E-Wallet,1,8.0,No
C09389,Male,33.0,24.93,Monthly,7,E-Wallet,2,5.0,No
C09390,Female,22.0,102.56,Yearly,1,Credit Card,5,9.0,No
C09391,Female,58.0,59.29,Two-Year,18,E-Wallet,4,6.0,No
C09392,Female,55.0,55.32,Yearly,23,Credit Card,2,6.0,No
C09393,Male,43.0,89.34,Yearly,10,E-Wallet,3,5.0,No
C09394,Female,35.0,80.82,Two-Year,3,Credit Card,4,8.0,No
C09395,Male,35.0,38.75,Yearly,4,,6,7.0,Yes
C09396,Male,47.0,44.59,Two-Year,2,E-Wallet,2,,No
C09397,M,59.0,33.09,Yearly,3,E-Wallet,4,8.0,No
C09398,Male,31.0,28.25,Monthly,26,Credit Card,0,4.0,No
C09399,Male,24.0,70.84,Monthly,8,E-Wallet,1,5.0,Yes
C09400,male,56.0,65.14,Two-Year,2, E-Wallet,4,5.0,No
C09401,Female,18.0,76.89,Monthly,4,E-Wallet,1,5.0,Yes
C09402,Male,25.0,,Yearly,36,Cash,1,7.0,No
C09403,Female,35.0,77.36,Monthly,9,Credit Card,4,4.0,No
C09404,Male,19.0,80.52,Two-Year,9,E-Wallet,1,5.0,No
C09405,Male,51.0,21.43,Monthly,9,Bank Transfer,1,6.0,Yes
C09406,Male,48.0,47.55,Monthly,2,Credit Card,2,4.0,No
C09407,M,31.0,84.27,Yearly,43,E-Wallet,2,8.0,No
C09408,Female,53.0,32.28,Monthly,2,E-Wallet,4,9.0,No
C09409,Male,55.0,56.9,Monthly,15,Credit Card,5,8.0,No
C09410,Male,36.0,68.98,Monthly,1,E-Wallet,3,6.0,No
C09411,Male,32.0,66.64,Monthly,8,Credit Card,5,4.0,No
C09412,Female,65.0,64.45,Monthly,28,Bank Transfer,2,5.0,No
C09413,Female,46.0,71.49,Monthly,18,E-Wallet,3,5.0,No
C09414,Male,41.0,59.22,Yearly,5,Credit Card,1,9.0,Yes
C09415,Male,54.0,28.27,Monthly,10,Bank Transfer,3,7.0,No
C09416,Male,41.0,68.59,Monthly,3,Bank Transfer,4,6.0,No
C09417,Female,31.0,62.06,Yearly,38,Bank Transfer,2,,No
C09418,Male,,28.43,Monthly,15,Bank Transfer,3,3.0,No
C09419,Female,50.0,101.58,Monthly,6,Credit Card,5,6.0,No
C09420,Male,18.0,69.42,Monthly,5,Credit Card,7,10.0,Yes
C09421,Female,34.0,29.34,Monthly,4,Credit Card ,1,7.0,No
C09422,Female,54.0,37.8,Monthly,19,Credit Card,1,3.0,No
C09423,Female,31.0,42.36,Two-Year,7,Credit Card,3,6.0,No
C09424,Male,56.0,42.35,Monthly,5,Credit Card,2,,No
C09425,Female,,62.29,Monthly,29,Credit Card,1,8.0,No
C09426,Female,37.0,35.19,Monthly,2,Credit Card,2,3.0,No
C09427,Male,,90.71,Monthly,4,Credit Card,0,7.0,No
C09428,Female,34.0,87.41,Monthly,6, E-Wallet,1,6.0,No
C09429,Male,69.0,72.15,Monthly,4,Credit Card,0,7.0,No
C09430,Female,60.0,55.7,Monthly,11,Credit Card,2,8.0,No
C09431,Female,39.0,83.25,Monthly,12,Credit Card,2,8.0,No
C09432,Male,30.0,48.22,Yearly,1,Bank Transfer,2,7.0,No
C09433,Female,39.0,39.41,Monthly,2,E-Wallet,3,2.0,Yes
C09434,Male,40.0,93.27,Yearly,3,Bank Transfer,2,4.0,Yes
C09435,Male,23.0,2841.0,Monthly,1,Bank Transfer,4,4.0,No
C09436,Male,,40.13,Monthly,2,Bank Transfer,3,10.0,No
C09437,Female,53.0,45.24,Monthly,4,Bank Transfer,2,7.0,No
C09438,Male,,39.2,Yearly,6,Cash,1,6.0,Yes
C09439,Male,,135.64,Monthly,19,Bank Transfer,3,8.0,No
C09440,Female,54.0,54.7,Monthly,3,Credit Card,2,5.0,No
C09441,Male,31.0,58.62,Yearly,14,Bank Transfer,1,7.0,No
C09442,Male,58.0,75.53,Yearly,1,Bank Transfer,2,8.0,No
C09443,Male,29.0,,Monthly,13,Bank Transfer,2,8.0,No
C09444,Male,43.0,,Monthly,20,Bank Transfer,3,10.0,No
C09445,F,34.0,41.53,Monthly,12,E-Wallet,2,7.0,No
C09446,Male,34.0,124.4,Monthly,3,Credit Card,3,7.0,No
C09447,M,30.0,47.43,Monthly,5,Bank Transfer,2,10.0,No
C09448,Female,46.0,87.09,Yearly,20,E-Wallet,2,5.0,No
C09449,Male,48.0,17.75,Monthly,7,Bank Transfer,1,10.0,No
C09450,Male,37.0,32.18,Monthly,4,Credit Card,2,6.0,Yes
C09451,Male,21.0,47.84,Monthly,33,E-Wallet,2,7.0,No
C09452,Female,42.0,21.89,Monthly,13,Cash,1,7.0,Yes
C09453,Male,43.0,71.55,Monthly,20,E-Wallet,1,4.0,No
C09454,Male,35.0,62.86,Monthly,1,Credit Card,2,6.0,Yes
C09455,Female,60.0,,Monthly,5,Bank Transfer,2,5.0,No
C09456,Male,19.0,54.21, Monthly ,8,Bank Transfer,2,8.0,No
C09457,Male,18.0,78.49,Monthly,11,E-Wallet,1,,No
C09458,Female,29.0,21.19,Monthly,3,E-Wallet,2,6.0,No
C09459,Female,46.0,30.78,Monthly,9,Credit Card,3,,No
C09460,Male,25.0,46.96,Yearly,14,E-Wallet,2,5.0,No
C09461,Female,26.0,55.18,Yearly,6,E-Wallet,4,8.0,No
C09462,Male,49.0,53.18,Monthly,15,,3,9.0,No
C09463,Female,,81.47,Monthly,6,Credit Card,3,4.0,No
C09464,Male,42.0,67.68,Monthly,8,Bank Transfer,2,6.0,No
C09465,Female,47.0,74.7,Monthly,2,Credit Card,6,6.0,No
C09466,Female,32.0,29.21,Two-Year,13,E-Wallet,2,3.0,No
C09467,Female,33.0,,Monthly,4,Credit Card,0,7.0,No
C09468,Female,47.0,,Monthly,22,Credit Card,3,7.0,No
C09469,Male,21.0,105.42,Monthly,10,E-Wallet,1,7.0,Yes
C09470,Male,18.0,59.06,Monthly,10,Bank Transfer,0,6.0,No
C09471,Male,32.0,40.4,Two-Year,30,Credit Card,4,8.0,No
C09472,Female,49.0,80.13,Monthly,3,E-Wallet,1,7.0,No
C09473,Female,41.0,70.35,Monthly,10,E-Wallet,2,3.0,No
C09474,Male,48.0,1540.0,Monthly,6,Credit Card,3,,No
C09475,Female,18.0,46.67,Monthly,41,Cash,4,7.0,No
C09476,Female,41.0,47.03,Monthly,19,Credit Card,3,9.0,Yes
C09477,Female,45.0,94.86,Monthly,18,Cash,1,6.0,No
C09478,Female,,,Monthly,3,Credit Card,3,10.0,No
C09479,male,48.0,75.72,Yearly,4,Bank Transfer,3,7.0,No
C09480,Male,36.0,43.73,Monthly,1,,2,9.0,No
C09481,Male,74.0,63.48,Monthly,13,,2,6.0,No
C09482,Male,18.0,,Two-Year,6,Bank Transfer,4,,No
C09483,Female,,46.41,Yearly,5,Credit Card ,4,7.0,Yes
C09484,Female,33.0,57.5,Yearly,13,E-Wallet,1,7.0,No
C09485,Female,18.0,,Monthly,22,Credit Card,3,8.0,No
C09486,Female,31.0,38.69,Monthly,2,E-Wallet,4,6.0,No
C09487,Male,41.0,46.97,Monthly,31,Credit Card,3,3.0,Yes
C09488,Male,50.0,33.87,Monthly,1,Bank Transfer,1,9.0,No
C09489,Male,58.0,98.98,Yearly,2,E-Wallet,3,,No
C09490,Male,55.0,37.45,Monthly,22,Credit Card,3,6.0,Yes
C09491,Male,26.0,77.79,Two-Year,9,E-Wallet,2,7.0,No
C09492,Male,51.0,59.39,Monthly,34,Bank Transfer,3,6.0,No
C09493,Male,42.0,55.36,Monthly,8,Credit Card,2,7.0,No
C09494,Male,30.0,106.57,Monthly,32,Credit Card,1,2.0,No
C09495,Female,35.0,19.74,Monthly,4,Credit Card,3,7.0,No
C09496,Male,29.0,49.98,Yearly,12,Bank Transfer,4,9.0,No
C09497,Male,38.0,33.58,Monthly,63,Credit Card,3,7.0,No
C09498,Male,29.0,22.59,Monthly,6,Credit Card,3,8.0,Yes
C09499,F,25.0,31.89,Two-Year,1,Cash,4,6.0,No
C09500,Male,43.0,55.02,Two-Year,1,Credit Card,1,5.0,No
C09501,Male,45.0,39.39,Two-Year,24,E-Wallet,6,7.0,No
C09502,Female,,81.73,Monthly,9,Cash,6,5.0,No
C09503,Female,,49.59,Yearly,10,E-Wallet,4,5.0,No
C09504,M,34.0,47.18,Two-Year,20,Credit Card,2,6.0,No
C09505,Male,34.0,47.27,Monthly,21,E-Wallet,4,4.0,Yes
C09506,Male,45.0,52.23,Monthly,8,Credit Card,0,8.0,No
C09507,Male,36.0,45.23,Yearly,24,Credit Card,2,7.0,No
C09508,Female,150.0,37.22,Yearly,8,Cash,1,10.0,No
C09509,Male,18.0,85.21,Yearly,14,Bank Transfer,2,4.0,No
C09510,Male,38.0,41.23,Monthly,1,E-Wallet,0,7.0,No
C09511,Female,18.0,45.94,Monthly,2,Credit Card,3,6.0,Yes
C09512,Female,23.0,66.24,Monthly,23,Credit Card,1,9.0,No
C09513,Male,21.0,63.02,Monthly,5,Bank Transfer,1,9.0,No
C09514,Female,25.0,36.52,Monthly,5,Cash,3,6.0,No
C09515,Female,31.0,76.69,Monthly,14,Credit Card,2,7.0,Yes
C09516,Male,32.0,,Monthly,11,Credit Card,1,5.0,No
C09517,Male,45.0,3114.0,Monthly,2,Credit Card,3,8.0,No
C09518,FEMALE,-5.0,44.97,Monthly,18,Credit Card,5,8.0,No
C09519,Female,,45.47,Monthly,12,Credit Card,2,6.0,No
C09520,Male,38.0,49.86,Monthly,24,Credit Card,2,4.0,No
C09521,Male,41.0,31.36,Monthly,10,Bank Transfer,2,5.0,No
C09522,FEMALE,34.0,53.64,Yearly,7,Credit Card,1,10.0,No
C09523,Female,37.0,81.57,Monthly,6,Bank Transfer,3,5.0,No
C09524,Female,40.0,80.99,Two-Year,1,Credit Card,1,,No
C09525,Male,47.0,46.0,Yearly,1,Cash,2,5.0,No
C09526,Male,19.0,88.13,Monthly,2,Credit Card,0,7.0,No
C09527,Female,35.0,,Two-Year,32,Credit Card,1,5.0,No
C09528,Male,56.0,47.36,Monthly,26,E-Wallet,0,8.0,Yes
C09529,Female,54.0,74.53,Monthly,9,Bank Transfer,2,7.0,No
C09530,Female,48.0,19.72,Monthly,3,E-Wallet,2,7.0,No
C09531,Male,44.0,31.0,Monthly,2,Credit Card,1,8.0,No
C09532,Female,57.0,56.88,Monthly,4,Bank Transfer,9,6.0,Yes
C09533,Male,61.0,34.71,Monthly,29,Bank Transfer,2,9.0,No
C09534,Female,36.0,136.68,Monthly,9,Bank Transfer,3,6.0,No
C09535,F,,71.45,Monthly,20,Bank Transfer,3,4.0,Yes
C09536,Male,34.0,84.32,Monthly,9,Bank Transfer,3,6.0,No
C09537,Female,75.0,53.89,Monthly,12,E-Wallet,2,4.0,Yes
C09538,male,19.0,34.76,Yearly,12,Bank Transfer,3,9.0,Yes
C09539,Male,32.0,43.23,Monthly,1,E-Wallet,2,7.0,No
C09540,Female,21.0,61.22,Monthly,8,E-Wallet,2,5.0,No
C09541,Male,39.0,40.97,Monthly,24,E-Wallet,3,8.0,Yes
C09542,Male,23.0,73.85,Monthly,9,Bank Transfer,0,7.0,No
C09543,Male,36.0,75.2,Monthly,7,Credit Card,3,6.0,No
C09544,Male,18.0,54.72,Two-Year,9,E-Wallet,2,5.0,No
C09545,Male,45.0,24.01,Monthly,6,Cash,1,6.0,No
C09546,Male,52.0,118.11,Yearly,9,E-Wallet,4,3.0,No
C09547,F,33.0,49.62,Yearly,2,Bank Transfer,3,9.0,No
C09548,Male,36.0,184.78,Monthly,42,Bank Transfer,2,4.0,Yes
C09549,Male,36.0,73.23,Two-Year,1,,3,8.0,No
C09550,Female,40.0,49.68,Monthly,8,Cash,3,5.0,No
C09551,Male,37.0,66.79,Two-Year,3,Credit Card,3,,No
C09552,Female,47.0,22.01,Monthly,1,Credit Card,2,,No
C09553,Female,52.0,86.64,Monthly,13,Cash,3,9.0,Yes
C09554,Female,28.0,173.32,Two-Year,51,Bank Transfer,5,10.0,No
C09555,FEMALE,34.0,21.32,Monthly,17,Bank Transfer,3,9.0,No
C09556,F,48.0,47.97,Yearly,4,E-Wallet,2,5.0,No
C09557,Male,20.0,52.07,Monthly,9,E-Wallet,3,5.0,No
C09558,Male,18.0,80.95,Monthly,1,Bank Transfer,1,8.0,No
C09559,Female,40.0,140.85,Monthly,10,,1,7.0,No
C09560,Female,43.0,64.86,Two-Year,2,Bank Transfer,4,6.0,No
C09561,Female,29.0,143.14,Monthly,19,E-Wallet,3,4.0,No
C09562,Male,31.0,58.95,Monthly,1,E-Wallet,6,7.0,Yes
C09563,Female,28.0,66.9,Monthly,1,Credit Card,2,6.0,No
C09564,Female,27.0,63.29,Two-Year,24,Credit Card,6,9.0,No
C09565,Male,46.0,94.55,Monthly,35,Credit Card,4,9.0,Yes
C09566,Male,23.0,45.15,Monthly,2,E-Wallet,2,4.0,No
C09567,Female,34.0,78.9,Monthly,4,Credit Card,2,6.0,Yes
C09568,Female,27.0,31.38,Monthly,17,Credit Card,3,6.0,No
C09569,Male,20.0,48.04,Yearly,10,Credit Card,3,7.0,No
C09570,Female,48.0,41.0,Monthly,36,E-Wallet,6,6.0,Yes
C09571,Male,31.0,56.8,Yearly,6,Bank Transfer,1,8.0,No
C09572,Male,40.0,47.36,Monthly,1,Credit Card,3,5.0,No
C09573,Male,19.0,90.87,Monthly,1,Bank Transfer,2,,No
C09574,Male,29.0,36.77,Monthly,10,Credit Card,1,6.0,Yes
C09575,Male,47.0,25.05,Yearly,17,Credit Card,2,8.0,No
C09576,Male,69.0,29.64,Monthly,19,E-Wallet,1,4.0,No
C09577,Female,18.0,85.4,Monthly,30,E-Wallet,5,6.0,No
C09578,Female,35.0,35.29,Monthly,4,E-Wallet,3,8.0,No
C09579,Male,42.0,65.3,Yearly,17,Bank Transfer,4,7.0,No
C09580,Male,30.0,47.82,Monthly,22,Credit Card,2,4.0,No
C09581,Male,48.0,79.12,Two-Year,22,E-Wallet,2,7.0,No
C09582,Female,27.0,49.21,Monthly,7,Credit Card,3,1.0,No
C09583,Male,39.0,189.42,Monthly,12,E-Wallet,3,3.0,No
C09584,Male,31.0,128.27,Monthly,10,E-Wallet,5,6.0,Yes
C09585,Female,,47.38,Monthly,11,Credit Card,3,4.0,No
C09586,Female,29.0,44.55,Two-Year,4,,2,7.0,No
C09587,Male,33.0,223.53,Monthly,14,Bank Transfer,1,3.0,No
C09588,Male,49.0,33.6,Monthly,15,Credit Card,4,,No
C09589,Male,25.0,53.26,Monthly,3,E-Wallet,1,5.0,No
C09590,Female,38.0,55.15,Monthly,8,Credit Card,1,9.0,Yes
C09591,Male,18.0,54.54,Yearly,7,Credit Card,4,7.0,No
C09592,M,24.0,24.97,Two-Year,17,E-Wallet,3,7.0,No
C09593,Female,42.0,68.27,Monthly,14,Credit Card,5,6.0,Yes
C09594,Male,26.0,35.28,Monthly,8,E-Wallet,3,,Yes
C09595,Male,31.0,104.19,Monthly,13,Credit Card,2,8.0,No
C09596,Male,43.0,28.36,Two-Year,4,,3,6.0,No
C09597,Male,31.0,56.08,Two-Year,4,Credit Card,4,7.0,No
C09598,Male,47.0,20.14,Two-Year,4,Credit Card,4,9.0,No
C09599,Male,40.0,20.71,Monthly,1,Bank Transfer,2,7.0,No
C09600,Male,43.0,37.42,Monthly,15,Credit Card,4,6.0,No
C09601,Male,52.0,39.88,Monthly,52,Credit Card,1,4.0,No
C09602,Female,41.0,105.59,Monthly,5,Credit Card,0,7.0,Yes
C09603,Male,56.0,53.61,Monthly,32,E-Wallet,1,7.0,No
C09604,Male,48.0,97.67,Monthly,12,E-Wallet,3,9.0,Yes
C09605,Female,31.0,46.02,Monthly,4,E-Wallet,2,7.0,No
C09606,Female,53.0,71.72,Monthly,1,E-Wallet,2,,No
C09607,Female,41.0,39.39,Monthly,16,Credit Card,2,9.0,No
C09608,Male,33.0,38.2,Monthly,15,Bank Transfer,4,4.0,Yes
C09609,Male,41.0,24.06,Yearly,4,Credit Card,2,8.0,No
C09610,Female,51.0,63.5,Monthly,5,Credit Card,2,3.0,Yes
C09611,Female,43.0,61.43,Yearly,28,E-Wallet,3,3.0,No
C09612,Male,59.0,,Monthly,3,E-Wallet,4,5.0,Yes
C09613,M,51.0,60.14,Yearly,22,E-Wallet,2,6.0,No
C09614,Male,44.0,135.88,Monthly,3,E-Wallet,0,3.0,No
C09615,Female,25.0,59.1,Monthly,8,Bank Transfer,1,5.0,No
C09616,Female,35.0,85.31,Monthly,9,Cash,3,6.0,No
C09617,Female,38.0,47.19,Two-Year,8,Bank Transfer,2,5.0,No
C09618,Female,46.0,36.28,Monthly,5,E-Wallet,1,9.0,No
C09619,Female,45.0,75.41,Monthly,4,Credit Card,3,8.0,No
C09620,Male,40.0,52.45,Two-Year,16,Credit Card,1,6.0,Yes
C09621,Male,39.0,79.39,Monthly,4,Bank Transfer,3,8.0,No
C09622,Male,46.0,64.0,Monthly,12,Credit Card,3,7.0,No
C09623,Male,27.0,38.21,Two-Year,23,Credit Card,2,3.0,No
C09624,Female,58.0,88.54,Yearly,22,Credit Card,2,,No
C09625,Male,,36.89,Monthly,3,E-Wallet,4,8.0,No
C09626,Male,55.0,72.34,Two-Year,13,Cash,3,5.0,No
C09627,Female,37.0,97.2,Monthly,12,Credit Card,0,10.0,No
C09628,Female,50.0,45.92,Monthly,4,Cash,1,5.0,No
C09629,Male,42.0,91.85,Yearly,6,E-Wallet,0,5.0,No
C09630,Male,42.0,65.3,Monthly,5,Credit Card,4,8.0,No
C09631,Male,44.0,80.11,Monthly,10,,2,5.0,No
C09632,Female,,37.47,Two-Year,20,Cash,3,7.0,No
C09633,Male,34.0,60.13,Monthly,26,E-Wallet,4,2.0,No
C09634,Female,50.0,28.97,Monthly,16,Credit Card,2,7.0,No
C09635,Male,24.0,117.93,Monthly,8,Credit Card,4,7.0,No
C09636,Male,37.0,22.06,Monthly,39,E-Wallet,1,,No
C09637,Female,48.0,46.54,Monthly,10,Bank Transfer,1,4.0,No
C09638,Male,49.0,35.9,Monthly,8,Credit Card,1,8.0,No
C09639,Male,,73.97,Yearly,24,Credit Card,0,6.0,No
C09640,Male,33.0,129.77,Yearly,3,E-Wallet,2,7.0,No
C09641,Male,48.0,73.31,Monthly,3,Credit Card,2,6.0,Yes
C09642,Male,29.0,206.97,Monthly,19,E-Wallet,4,6.0,No
C09643,Male,59.0,29.37,Monthly,25,E-Wallet,2,6.0,No
C09644,Male,36.0,,Monthly,1,Credit Card,1,6.0,Yes
C09645,Male,19.0,36.53,Monthly,18,Credit Card,3,3.0,Yes
C09646,Female,23.0,57.66,Monthly,7,Cash,0,6.0,No
C09647,Female,38.0,34.39,Monthly,15,E-Wallet,1,5.0,No
C09648,Female,39.0,38.93,Monthly,2,E-Wallet,4,6.0,No
C09649,Female,61.0,72.18,Two-Year,44,Bank Transfer,1,10.0,No
C09650,Male,25.0,31.26,Monthly,26,Credit Card,3,9.0,No
C09651,Male,38.0,32.79,Monthly,7,Bank Transfer,4,7.0,No
C09652,Male,25.0,45.63,Monthly,27,E-Wallet,3,3.0,No
C09653,Male,32.0,47.61,Monthly,28,Credit Card,4,5.0,No
C09654,Male,58.0,86.01,Monthly,8,Credit Card,1,6.0,No
C09655,Male,24.0,36.41,Monthly,36,Bank Transfer,3,8.0,No
C09656,Female,45.0,39.48,Monthly,46,Bank Transfer,3,7.0,Yes
C09657,Female,42.0,70.93,Yearly,3,Cash,5,9.0,No
C09658,Male,,78.31,Yearly,1,Credit Card,4,8.0,No
C09659,Female,44.0,103.85,Monthly,5,Credit Card,6,8.0,No
C09660,Female,24.0,67.43,Monthly,9,E-Wallet,2,7.0,No
C09661,Female,57.0,57.9,Monthly,2,Bank Transfer,1,7.0,Yes
C09662,Male,,70.72,Monthly,2,Bank Transfer,1,3.0,Yes
C09663,Male,38.0,48.41,Monthly,43,E-Wallet,5,6.0,No
C09664,Male,67.0,48.25,Monthly,17,,2,8.0,No
C09665,Male,33.0,24.57,Monthly,25,Cash,4,10.0,No
C09666,Female,42.0,81.62,Monthly,43,Credit Card,6,6.0,Yes
C09667,Male,55.0,60.05,Monthly,6,Credit Card,3,8.0,Yes
C09668,Male,32.0,77.45,Monthly,14,,0,5.0,No
C09669,Female,21.0,15.38,Yearly,3,,1,6.0,No
C09670,Female,18.0,,Two-Year,10,Credit Card,1,2.0,No
C09671,Male,,37.15,Monthly,3,Credit Card,2,9.0,No
C09672,Female,31.0,,Monthly,3,Credit Card,0,7.0,No
C09673,Male,35.0,71.98,Monthly,2,Credit Card,2,5.0,No
C09674,Male,24.0,60.67,Monthly,11,Credit Card,1,10.0,No
C09675,Male,49.0,44.95,Monthly,36,Credit Card,2,6.0,No
C09676,Female,28.0,,Monthly,2,Credit Card,1,9.0,No
C09677,Female,32.0,35.96,Monthly,9,Credit Card,1,4.0,No
C09678,Male,41.0,52.2,Monthly,14,Bank Transfer,5,9.0,Yes
C09679,Male,25.0,42.09,Yearly,9,E-Wallet,2,,No
C09680,Male,35.0,151.4,Monthly,30,Credit Card,3,6.0,Yes
C09681,Male,54.0,105.79,Monthly,3,Bank Transfer,7,6.0,No
C09682,Male,43.0,,Monthly,1,E-Wallet,2,5.0,No
C09683,Male,39.0,27.92,Monthly,6,Cash,5,9.0,No
C09684,Female,40.0,80.55,Monthly,10,Bank Transfer,1,5.0,No
C09685,Female,33.0,59.41,Two-Year,4,Bank Transfer,4,2.0,No
C09686,Male,61.0,94.69,Yearly,3,Bank Transfer,1,9.0,No
C09687,Male,28.0,63.12,Monthly,20,Bank Transfer,2,7.0,No
C09688,FEMALE,40.0,54.43,Monthly,3,Credit Card,1,6.0,Yes
C09689,Male,39.0,60.66,Monthly,8,Bank Transfer,5,6.0,No
C09690,F,50.0,24.23,Two-Year,38,Cash,4,10.0,No
C09691,Female,51.0,38.65,Two-Year,12,Bank Transfer,1,6.0,No
C09692,Male,37.0,64.59,Monthly,9,Credit Card,2,6.0,No
C09693,Male,41.0,91.17,Two-Year,6,Cash,3,6.0,No
C09694,Female,41.0,42.62,Monthly,9,Credit Card,6,5.0,Yes
C09695,male,18.0,53.6,Monthly,16,Credit Card,2,6.0,No
C09696,Female,18.0,26.56,Monthly,21,Bank Transfer,4,7.0,No
C09697,Male,30.0,105.29,Monthly,13,Bank Transfer,3,6.0,No
C09698,male,200.0,90.12,Yearly,19,Credit Card,3,3.0,No
C09699,Female,23.0,73.22,Monthly,2,Bank Transfer,0,,No
C09700,Female,46.0,65.57,Yearly,1,Credit Card,2,8.0,No
C09701,Female,38.0,109.8,Two-Year,16,E-Wallet,3,4.0,Yes
C09702,Male,35.0,38.01,Yearly,4,,3,7.0,No
C09703,Female,,36.2,Monthly,26,E-Wallet,3,9.0,Yes
C09704,Female,37.0,88.03,Yearly,10,Credit Card,1,8.0,No
C09705,Male,18.0,85.41,Monthly,8,Credit Card ,0,7.0,Yes
C09706,Male,36.0,31.91,Yearly,18,Credit Card,4,7.0,No
C09707,Male,38.0,42.99,Monthly,17,Cash,3,7.0,No
C09708,Male,40.0,116.76,Monthly,15,Bank Transfer,1,6.0,No
C09709,Male,19.0,65.71,Yearly,15,E-Wallet,2,4.0,No
C09710,Female,40.0,77.81,Yearly,9,,2,6.0,No
C09711,Male,25.0,32.41,Two-Year,32,Cash,7,8.0,No
C09712,Female,28.0,73.37,Monthly,27,,3,9.0,Yes
C09713,Male,46.0,28.82,Monthly,5,Bank Transfer,3,6.0,No
C09714,Male,62.0,22.4,Monthly,20,E-Wallet,0,7.0,No
C09715,Male,38.0,,Monthly,27,Bank Transfer,1,7.0,Yes
C09716,Male,28.0,104.12,Monthly,12,E-Wallet,2,7.0,Yes
C09717,Male,40.0,48.71,Monthly,10,Bank Transfer,2,7.0,No
C09718,Male,,42.69,Yearly,14,E-Wallet,2,7.0,Yes
C09719,FEMALE,45.0,117.91,Two-Year,3,Credit Card,2,6.0,No
C09720,Female,70.0,50.02,Monthly,2,Credit Card,1,6.0,No
C09721,Female,29.0,53.01,Monthly,21,Bank Transfer,1,8.0,No
C09722,male,,117.01,Monthly,11,E-Wallet,3,5.0,No
C09723,Female,56.0,46.57,Monthly,2,Bank Transfer,1,4.0,Yes
C09724,Female,55.0,40.68,Yearly,7,Bank Transfer,4,5.0,No
C09725,Male,,78.81,Monthly,5,Credit Card,5,6.0,No
C09726,Female,37.0,39.63,Monthly,25,E-Wallet,5,,No
C09727,Female,55.0,51.16,Monthly,9,Credit Card,2,7.0,Yes
C09728,F,72.0,30.16,Two-Year,11,Bank Transfer,2,5.0,No
C09729,Male,46.0,59.35,Yearly,4,Bank Transfer,4,10.0,No
C09730,Male,33.0,56.3,Two-Year,20,Bank Transfer,2,8.0,No
C09731,Male,25.0,84.4,Monthly,32,E-Wallet,2,6.0,No
C09732,Female,64.0,80.3, Monthly ,19,Credit Card,2,6.0,No
C09733,Male,46.0,69.98,Monthly,9,E-Wallet,2,6.0,No
C09734,Female,27.0,65.2,Monthly,22,Credit Card,2,8.0,No
C09735,Female,35.0,52.83,Monthly,3,E-Wallet,4,9.0,No
C09736,Female,41.0,71.83,Yearly,2,Credit Card,1,10.0,No
C09737,Female,44.0,33.1, Monthly ,7,Credit Card,3,8.0,Yes
C09738,Male,27.0,18.97,Monthly,3,Credit Card,5,5.0,Yes
C09739,FEMALE,30.0,92.1,Yearly,4,E-Wallet,2,,No
C09740,Female,18.0,73.95,Monthly,11,,4,6.0,Yes
C09741,Male,50.0,51.57,Monthly,7,Bank Transfer,2,6.0,No
C09742,Male,33.0,88.55,Monthly,25,Cash,3,7.0,Yes
C09743,Female,43.0,39.28,Two-Year,4,Bank Transfer,1,5.0,No
C09744,Female,55.0,39.75,Monthly,69,Credit Card,1,6.0,Yes
C09745,Male,40.0,37.34,Monthly,6,Credit Card,4,5.0,Yes
C09746,Female,36.0,70.49,Two-Year,9,Credit Card,3,9.0,No
C09747,Female,40.0,26.78,Monthly,2,Credit Card,5,4.0,Yes
C09748,Male,38.0,38.66,Two-Year,11,Credit Card,5,10.0,No
C09749,Male,52.0,62.2,Monthly,40,Bank Transfer,3,8.0,No
C09750,Female,41.0,31.76,Monthly,17,E-Wallet,6,7.0,No
C09751,Male,31.0,40.56,Monthly,4,Bank Transfer,1,5.0,No
C09752,Male,50.0,20.18,Monthly,8,Bank Transfer,2,10.0,No
C09753,Male,52.0,71.71,Monthly,7,Credit Card,4,10.0,Yes
C09754,Female,21.0,40.06,Monthly,2, E-Wallet,1,7.0,No
C09755,Male,56.0,33.29,Monthly,27,Credit Card,5,5.0,No
C09756,Male,42.0,30.49,Monthly,6,Bank Transfer,3,5.0,No
C09757,M,41.0,45.23,Monthly,9,Bank Transfer,1,6.0,No
C09758,Female,50.0,26.81,Yearly,5,Credit Card,2,5.0,No
C09759,Male,31.0,130.85,Monthly,2,Credit Card ,4,6.0,Yes
C09760,Female,49.0,18.67,Monthly,28,Bank Transfer,1,5.0,No
C09761,Female,33.0,44.58,Monthly,1,E-Wallet,2,6.0,No
C09762,Male,20.0,57.29,Monthly,7,Credit Card,3,7.0,No
C09763,Female,26.0,38.52,Yearly,16,Credit Card,4,6.0,No
C09764,Female,44.0,60.07,Yearly,5,E-Wallet,2,6.0,Yes
C09765,Female,26.0,38.1,Yearly,8,Bank Transfer,4,6.0,No
C09766,Male,57.0,108.69,Monthly,10,E-Wallet,2,5.0,No
C09767,Female,52.0,33.0,Monthly,64,Credit Card,5,5.0,Yes
C09768,Female,54.0,18.95,Monthly,18,E-Wallet,1,,No
C09769,Female,39.0,30.44, Monthly ,41,Credit Card,4,5.0,No
C09770,Male,41.0,64.97,Yearly,15,Bank Transfer,3,7.0,No
C09771,Female,23.0,51.78,Two-Year,4,Credit Card,1,5.0,No
C09772,Male,49.0,76.59,Monthly,5,Credit Card,4,3.0,Yes
C09773,Male,42.0,68.43,Monthly,21,Bank Transfer,1,5.0,No
C09774,Male,44.0,41.0,Monthly,7,Bank Transfer,1,6.0,No
C09775,Female,58.0,43.81,Yearly,6,Bank Transfer,2,5.0,No
C09776,Male,30.0,45.91,Monthly,35,Bank Transfer,3,3.0,Yes
C09777,Female,36.0,127.48,Monthly,1,Credit Card,2,6.0,Yes
C09778,Female,41.0,74.51,Two-Year,9,E-Wallet,2,7.0,No
C09779,Male,26.0,,Yearly,18,Credit Card,2,8.0,No
C09780,Female,35.0,79.71,Monthly,16,,5,6.0,No
C09781,Male,,53.06,Monthly,6,Bank Transfer,0,5.0,No
C09782,Male,34.0,34.51,Yearly,10,Bank Transfer,5,9.0,No
C09783,Female,53.0,59.78,Monthly,1,Credit Card,3,10.0,No
C09784,Female,19.0,53.12,Yearly,10,Credit Card,4,7.0,No
C09785,Female,150.0,52.35,Monthly,11,Credit Card,3,9.0,No
C09786,Female,45.0,49.7,Yearly,25, E-Wallet,4,8.0,No
C09787,Male,31.0,21.68,Yearly,3,Cash,6,10.0,No
C09788,Male,,96.29,Yearly,21,Cash,5,7.0,Yes
C09789,Male,18.0,53.37,Monthly,16, E-Wallet,2,8.0,No
C09790,Male,28.0,28.89,Monthly,14,Credit Card,7,,No
C09791,Male,50.0,67.82,Monthly,7,Cash,5,7.0,Yes
C09792,Male,37.0,37.15,Two-Year,6,E-Wallet,2,,No
C09793,Male,51.0,70.31,Monthly,15,Credit Card,2,7.0,No
C09794,Male,200.0,81.19,Monthly,56,Bank Transfer,1,5.0,No
C09795,Male,46.0,86.39,Monthly,7,Bank Transfer,5,4.0,Yes
C09796,FEMALE,29.0,50.78,Yearly,31,Credit Card,3,9.0,No
C09797,Female,26.0,45.32,Yearly,11,Credit Card,1,10.0,No
C09798,Female,36.0,41.2,Yearly,25,,1,6.0,No
C09799,Male,30.0,39.44,Monthly,3,Credit Card,2,5.0,Yes
C09800,Female,19.0,54.18,Two-Year,18,Credit Card,0,8.0,No
C09801,Female,35.0,49.69,Monthly,22,Credit Card,2,7.0,No
C09802,Male,39.0,37.66,Yearly,22,Cash,1,3.0,No
C09803,Male,53.0,,Monthly,19,Credit Card ,1,9.0,No
C09804,Female,49.0,51.99,Monthly,5,Bank Transfer,1,5.0,No
C09805,FEMALE,52.0,44.91,Monthly,9,,3,,No
C09806,Female,46.0,32.67,Monthly,5, E-Wallet,3,5.0,No
C09807,Female,41.0,79.34,Monthly,6,Bank Transfer,1,4.0,No
C09808,Female,23.0,121.2,Monthly,5,Credit Card,1,3.0,Yes
C09809,Female,39.0,84.2,Monthly,5,E-Wallet,4,7.0,No
C09810,Female,45.0,39.48,Monthly,15,Credit Card,3,4.0,No
C09811,Male,55.0,53.38,Monthly,13,Bank Transfer,5,8.0,Yes
C09812,Female,46.0,109.2,Yearly,3,,2,6.0,No
C09813,Male,52.0,32.2,Two-Year,15,Credit Card,5,6.0,Yes
C09814,Female,25.0,77.65,Two-Year,5,E-Wallet,2,6.0,No
C09815,Female,34.0,28.46,Monthly,3,Credit Card,5,8.0,Yes
C09816,Female,,116.49,Yearly,17,Cash,8,7.0,No
C09817,Female,51.0,44.99,Yearly,6,,2,,No
C09818,Male,36.0,148.87,Monthly,11,Cash,1,5.0,No
C09819,Male,37.0,118.82,Monthly,3,E-Wallet,4,10.0,No
C09820,Male,46.0,52.04,Monthly,12,Credit Card,0,10.0,No
C09821,Female,24.0,39.5,Monthly,3,Cash,4,,Yes
C09822,Female,57.0,59.6,Yearly,3,Bank Transfer,1,6.0,No
C09823,Female,27.0,50.35,Monthly,6,Bank Transfer,3,8.0,Yes
C09824,Male,18.0,45.57,Monthly,19,Bank Transfer,1,8.0,No
C09825,Male,38.0,25.89,Monthly,3,Credit Card,3,5.0,No
C09826,Female,58.0,43.31,Monthly,2,Credit Card ,3,5.0,No
C09827,Male,45.0,33.12,Yearly,1,Credit Card,0,6.0,No
C09828,Female,47.0,69.98,Monthly,7,E-Wallet,4,3.0,No
C09829,Female,38.0,85.28,Monthly,4,Credit Card,1,5.0,No
C09830,Female,36.0,76.2,Monthly,5,Bank Transfer,4,6.0,Yes
C09831,Male,19.0,63.69,Monthly,49,E-Wallet,2,7.0,Yes
C09832,Female,18.0,37.2,Two-Year,3,Credit Card,2,7.0,Yes
C09833,Male,40.0,59.89,Two-Year,8,Credit Card,2,3.0,Yes
C09834,Female,53.0,78.0,Monthly,52,Credit Card,3,9.0,Yes
C09835,Male,42.0,41.94,Monthly,1,Bank Transfer,2,4.0,Yes
C09836,Male,45.0,57.6,Monthly,15,Credit Card,1,3.0,No
C09837,Female,57.0,51.14,Monthly,6,Cash,1,8.0,No
C09838,Male,41.0,115.36,Monthly,29,Bank Transfer,4,9.0,No
C09839,Female,36.0,80.09,Monthly,30,Bank Transfer,4,7.0,No
C09840,Female,28.0,71.82,Yearly,6,Cash,1,7.0,No
C09841,Female,62.0,25.22,Monthly,4,Credit Card,1,8.0,No
C09842,Female,44.0,59.01,Two-Year,7,Bank Transfer,6,7.0,No
C09843,Male,26.0,50.92,Monthly,41,Bank Transfer,1,7.0,Yes
C09844,Female,23.0,50.72,Monthly,4,Credit Card,4,6.0,No
C09845,Male,53.0,27.02,Monthly,48,Cash,3,6.0,No
C09846,Male,25.0,33.47,Monthly,21,E-Wallet,1,8.0,Yes
C09847,male,60.0,52.95,Monthly,4,E-Wallet,4,9.0,No
C09848,Male,18.0,90.15,Two-Year,19,Cash,4,6.0,No
C09849,Female,55.0,41.86,Monthly,1,Bank Transfer,2,5.0,No
C09850,male,43.0,45.61,Monthly,10,E-Wallet,0,10.0,Yes
C09851,Female,39.0,121.69,Two-Year,6,Bank Transfer,1,7.0,No
C09852,M,35.0,47.77,Monthly,7,Cash,3,3.0,Yes
C09853,Male,60.0,51.52,Monthly,8,Credit Card,1,5.0,No
C09854,Female,46.0,51.84,Yearly,9,Credit Card,1,2.0,No
C09855,Female,27.0,29.8,Monthly,13,Credit Card,2,7.0,No
C09856,Male,18.0,70.62,Monthly,15,Credit Card,2,7.0,No
C09857,Male,,40.7,Monthly,45,Bank Transfer,4,7.0,Yes
C09858,Female,37.0,53.86,Monthly,18,Credit Card,3,6.0,No
C09859,Male,19.0,66.68,Monthly,14,Credit Card,3,6.0,Yes
C09860,Male,37.0,130.86,Two-Year,6,Credit Card,3,8.0,No
C09861,Female,,30.17,Monthly,2,Bank Transfer,0,8.0,No
C09862,Female,38.0,80.58,Monthly,1,Credit Card,2,6.0,No
C09863,Female,46.0,80.72,Monthly,8,Bank Transfer,2,7.0,No
C09864,Female,55.0,40.97,Yearly,14,Credit Card,2,8.0,No
C09865,Female,48.0,71.51,Yearly,13,Bank Transfer,3,9.0,No
C09866,Male,29.0,114.38,Monthly,37,Credit Card,3,5.0,No
C09867,Male,42.0,38.7,Yearly,6,Credit Card,2,10.0,No
C09868,Male,38.0,60.87,Monthly,12,Credit Card,2,8.0,No
C09869,Female,22.0,65.51,Monthly,27,E-Wallet,2,6.0,No
C09870,Male,42.0,69.43,Yearly,7,E-Wallet,1,6.0,No
C09871,Male,60.0,77.18,Monthly,8,Cash,3,,No
C09872,Male,38.0,58.84,Yearly,31,Bank Transfer,6,4.0,No
C09873,Male,18.0,68.79,Monthly,10,Credit Card,5,5.0,Yes
C09874,Male,,36.23,Two-Year,20,Cash,2,4.0,No
C09875,Female,23.0,58.78,Monthly,33,Credit Card,1,8.0,No
C09876,Male,48.0,44.06,Two-Year,11,Credit Card,0,6.0,No
C09877,Male,44.0,31.39,Monthly,2,E-Wallet,1,7.0,Yes
C09878,Male,35.0,43.42,Monthly,21,Credit Card,1,8.0,Yes
C09879,Female,34.0,61.64,Monthly,21, E-Wallet,2,8.0,No
C09880,Female,35.0,66.43,Two-Year,2,Credit Card,4,3.0,Yes
C09881,Male,38.0,30.85,Monthly,10,,1,6.0,No
C09882,FEMALE,28.0,35.8,Monthly,9,Bank Transfer,4,4.0,Yes
C09883,Male,21.0,75.65,Yearly,23,Credit Card,4,5.0,No
C09884,Female,51.0,68.63,Monthly,4,E-Wallet,1,2.0,Yes
C09885,Male,,81.39,Monthly,7,E-Wallet,0,8.0,No
C09886,Female,40.0,101.04,Yearly,12,Credit Card,3,3.0,Yes
C09887,Female,41.0,69.55,Monthly,9,Bank Transfer,2,4.0,Yes
C09888,male,41.0,45.3,Yearly,38,E-Wallet,2,5.0,No
C09889,Male,23.0,57.49,Monthly,39,E-Wallet,2,8.0,Yes
C09890,Male,18.0,115.23,Monthly,2,Credit Card,2,7.0,No
C09891,Female,30.0,189.43,Monthly,5,E-Wallet,2,5.0,No
C09892,Male,42.0,67.25,Yearly,1,Cash,3,4.0,Yes
C09893,Female,29.0,69.48,Yearly,7,Credit Card ,3,7.0,No
C09894,Female,33.0,75.68,Monthly,14,Cash,7,3.0,No
C09895,Female,63.0,55.19,Monthly,8,E-Wallet,2,5.0,No
C09896,Male,200.0,92.18,Monthly,1,E-Wallet,4,10.0,No
C09897,Female,28.0,85.94,Yearly,3,Bank Transfer,3,8.0,No
C09898,Female,60.0,64.04,Monthly,3,E-Wallet,1,4.0,Yes
C09899,Female,37.0,47.32,Monthly,9,Credit Card,2,9.0,No
C09900,Male,29.0,27.54,Yearly,14,E-Wallet,0,6.0,No
C09901,Male,52.0,75.91,Yearly,5,Bank Transfer,4,8.0,No
C09902,Male,38.0,60.09,Monthly,2,Bank Transfer,1,7.0,No
C09903,Male,33.0,39.17,Yearly,20,E-Wallet,0,6.0,No
C09904,Female,40.0,32.84,Yearly,24,Bank Transfer,2,7.0,No
C09905,Female,30.0,73.53,Two-Year,4,E-Wallet,4,9.0,No
C09906,Male,25.0,26.56,Monthly,7,E-Wallet,5,10.0,No
C09907,Female,36.0,62.48,Monthly,2,E-Wallet,2,7.0,No
C09908,Male,25.0,79.81,Two-Year,4,Credit Card,5,5.0,No
C09909,Male,38.0,69.93,Monthly,18,Cash,2,6.0,No
C09910,Male,42.0,45.79,Monthly,6,Bank Transfer,3,10.0,No
C09911,Male,48.0,31.12,Monthly,12,Credit Card,2,8.0,No
C09912,Female,51.0,71.11,Monthly,36,,4,8.0,Yes
C09913,Male,,93.71,Monthly,16,Cash,1,7.0,No
C09914,Female,43.0,42.19,Two-Year,8,Bank Transfer,2,8.0,No
C09915,Male,43.0,,Monthly,6,Credit Card,1,6.0,No
C09916,Female,41.0,,Monthly,3,Bank Transfer,2,7.0,Yes
C09917,Male,32.0,,Monthly,17,Credit Card,4,5.0,No
C09918,Male,25.0,45.67,Monthly,2,,1,4.0,No
C09919,Male,44.0,87.22,Monthly,1,Bank Transfer,3,5.0,Yes
C09920,Male,18.0,39.18,Two-Year,2,Bank Transfer,4,9.0,No
C09921,Male,34.0,30.44,Monthly,4,E-Wallet,1,4.0,No
C09922,Female,18.0,78.69,Monthly,12,Credit Card,3,10.0,No
C09923,Female,21.0,,Yearly,24,Credit Card,3,8.0,No
C09924,Female,27.0,47.35,Monthly,59,E-Wallet,2,8.0,No
C09925,Female,51.0,41.18,Yearly,16,Cash,0,4.0,No
C09926,Male,46.0,,Monthly,2,Credit Card ,3,5.0,No
C09927,Male,31.0,102.65,Yearly,4,E-Wallet,2,7.0,No
C09928,Female,46.0,115.37,Monthly,2,Bank Transfer,2,7.0,Yes
C09929,Female,48.0,122.45,Yearly,2,Credit Card,2,9.0,No
C09930,Female,36.0,89.17,Monthly,11,Credit Card,4,6.0,No
C09931,Female,,67.34,Monthly,29,Credit Card,3,8.0,No
C09932,Male,35.0,28.66,Monthly,14,Credit Card,4,9.0,Yes
C09933,Male,36.0,50.18,Monthly,20,Credit Card,2,7.0,No
C09934,Male,23.0,144.1,Two-Year,9,Credit Card,2,6.0,Yes
C09935,Male,42.0,44.88,Monthly,8,E-Wallet,0,,No
C09936,Male,41.0,107.92,Monthly,34,E-Wallet,4,7.0,No
C09937,Male,,55.97,Monthly,16,E-Wallet,3,8.0,No
C09938,Female,41.0,16.36,Two-Year,8,Credit Card,2,5.0,No
C09939,Female,46.0,72.84,Monthly,5,Credit Card,2,4.0,Yes
C09940,Female,35.0,,Monthly,2,Bank Transfer,0,5.0,No
C09941,Female,40.0,53.41,Monthly,21,Credit Card,1,6.0,No
C09942,Male,33.0,95.09,Two-Year,3,,3,,No
C09943,Male,30.0,25.78,Monthly,9,Bank Transfer,3,7.0,No
C09944,Female,54.0,29.27,Monthly,13,,2,,No
C09945,Male,18.0,59.87,Monthly,17,,1,2.0,No
C09946,Male,48.0,67.67,Monthly,2,Credit Card,5,9.0,No
C09947,M,30.0,100.53,Monthly,1,Bank Transfer,4,4.0,Yes
C09948,Male,28.0,72.79,Monthly,15,Credit Card,4,6.0,Yes
C09949,Male,41.0,31.91,Yearly,8,Bank Transfer,2,6.0,No
C09950,Male,20.0,60.09,Yearly,3,Credit Card,6,3.0,No
C09951,Male,28.0,,Yearly,49,,3,3.0,No
C09952,Female,27.0,23.49,Monthly,19,Credit Card,4,2.0,No
C09953,Male,35.0,53.54,Yearly,11,E-Wallet,2,8.0,No
C09954,Male,28.0,46.95,Monthly,15,,3,6.0,No
C09955,Male,,40.67,Monthly,3,Bank Transfer,3,6.0,No
C09956,Male,59.0,68.34,Monthly,40,Credit Card,2,6.0,No
C09957,Female,,32.55,Monthly,68,,2,3.0,No
C09958,Female,44.0,65.86,Monthly,13,E-Wallet,1,,Yes
C09959,Female,48.0,70.23,Monthly,14,E-Wallet,2,7.0,No
C09960,Male,44.0,88.92,Monthly,15,E-Wallet,5,6.0,No
C09961,Female,30.0,32.93,Monthly,14,Bank Transfer,0,3.0,No
C09962,Female,35.0,27.73,Monthly,7,Cash,4,7.0,No
C09963,Male,29.0,61.9,Two-Year,10,Credit Card,3,7.0,No
C09964,Female,32.0,48.0,Two-Year,4,Credit Card,1,8.0,No
C09965,Male,23.0,201.58,Two-Year,8,Cash,0,7.0,No
C09966,Female,36.0,67.11,Yearly,7,Cash,1,7.0,No
C09967,Female,19.0,56.05,Two-Year,5,Bank Transfer,1,6.0,No
C09968,Male,35.0,50.51,Yearly,19,Credit Card,5,8.0,No
C09969,Female,23.0,31.56,Two-Year,7,Credit Card,0,8.0,No
C09970,Male,40.0,70.37,Monthly,10,Bank Transfer,2,6.0,No
C09971,Male,29.0,52.69,Yearly,3,Credit Card ,2,2.0,No
C09972,Female,41.0,52.71,Monthly,8,Credit Card,3,5.0,No
C09973,Female,50.0,56.97,Monthly,18,E-Wallet,2,4.0,No
C09974,Male,57.0,60.31,Two-Year,8,Credit Card,1,10.0,No
C09975,F,18.0,24.96,Monthly,10,E-Wallet,3,4.0,No
C09976,Male,27.0,79.57,Monthly,15,Bank Transfer,4,8.0,No
C09977,Male,34.0,37.3,Monthly,6,Cash,5,3.0,Yes
C09978,Female,43.0,51.31,Yearly,6,E-Wallet,0,3.0,No
C09979,Female,18.0,97.38,Yearly,2,Bank Transfer,2,9.0,No
C09980,Female,26.0,121.6, Monthly ,11,Credit Card,4,5.0,No
C09981,Male,39.0,,Monthly,15,Bank Transfer,0,10.0,No
C09982,Female,39.0,55.35,Two-Year,11,Credit Card,3,10.0,No
C09983,Male,42.0,61.73,Yearly,5,Cash,2,6.0,Yes
C09984,Female,43.0,27.7,Monthly,4,Credit Card,3,3.0,No
C09985,Female,,78.35,Yearly,3,E-Wallet,1,8.0,No
C09986,Female,40.0,57.53,Monthly,1,Credit Card,3,6.0,No
C09987,Male,38.0,59.58,Monthly,7,Credit Card,2,9.0,No
C09988,Male,45.0,36.13,Yearly,3,Credit Card,2,10.0,No
C09989,Male,18.0,65.75,Yearly,15,E-Wallet,3,5.0,No
C09990,Female,56.0,79.61,Monthly,40,Bank Transfer,5,8.0,Yes
C09991,Male,18.0,57.82,Monthly,1,Credit Card,3,5.0,No
C09992,Male,25.0,43.32,Monthly,27,Credit Card,4,9.0,No
C09993,Male,35.0,44.87,Two-Year,13,Credit Card,6,5.0,Yes
C09994,Female,46.0,60.29,Yearly,24,Credit Card,3,8.0,No
C09995,Male,18.0,55.81,Monthly,3,E-Wallet,4,7.0,No
C09996,Female,37.0,82.04,Monthly,29,,4,4.0,Yes
C09997,Female,47.0,43.99,Monthly,39,Credit Card,0,4.0,Yes
C09998,Female,49.0,31.55,Yearly,29,Credit Card,2,6.0,No
C09999,Male,29.0,64.18,Monthly,19,Credit Card,0,5.0,No
C10000,Male,34.0,44.04,Monthly,2,E-Wallet,4,2.0,No
C06253,Male,52.0,94.56,Monthly,72,E-Wallet,2,,No
C04685,Female,29.0,45.61,Monthly,11,E-Wallet,2,7.0,No
C01732,Female,36.0,131.11,Monthly,6,E-Wallet,2,5.0,No
C04743,Male,35.0,50.18,Monthly,9,Credit Card,4,7.0,No
C04522,Female,19.0,69.32,Monthly,5,,4,8.0,No
C06341,Male,32.0,31.5,Monthly,4,Credit Card,0,5.0,No
C00577,Male,39.0,74.33,Monthly,3,Credit Card ,0,8.0,No
C05203,Female,39.0,95.26, Monthly ,21,Bank Transfer,3,10.0,No
C06364,Male,48.0,27.8,Monthly,25,E-Wallet,4,3.0,No
C00440,Male,35.0,46.56,Monthly,8,E-Wallet,3,7.0,No
C02751,Male,35.0,104.5,Monthly,2,Cash,2,7.0,No
C07488,Female,47.0,53.96,Two-Year,6,Credit Card,1,3.0,No
C05273,Male,30.0,69.94,Yearly,8,E-Wallet,0,,No
C05654,Male,47.0,56.05,Monthly,11,Bank Transfer,3,8.0,No
C04000,Male,50.0,50.86,Monthly,19,,5,6.0,No
C06034,FEMALE,34.0,48.69,Monthly,40,E-Wallet,1,8.0,No
C00583,Male,60.0,52.23,Two-Year,1,Cash,4,7.0,Yes
C09931,Female,,67.34,Monthly,29,Credit Card,3,8.0,No
C07052,Female,37.0,48.19,Monthly,15,E-Wallet,3,7.0,No
C08159,Male,35.0,61.26,Monthly,36,Credit Card,3,7.0,No
C09897,Female,28.0,85.94,Yearly,3,Bank Transfer,3,8.0,No
C02250,Male,33.0,21.46,Monthly,67,Credit Card,3,6.0,No
C04641,Female,,84.4,Yearly,6,E-Wallet,3,8.0,No
C09486,Female,31.0,38.69,Monthly,2,E-Wallet,4,6.0,No
C04948,Female,23.0,57.51,Yearly,2,Credit Card,3,6.0,No
C09921,Male,34.0,30.44,Monthly,4,E-Wallet,1,4.0,No
C01964,Male,25.0,29.94,Monthly,2,E-Wallet,4,5.0,No
C08244,Male,34.0,85.85,Monthly,6,E-Wallet,2,10.0,No
C06591,Male,43.0,117.37,Monthly,5,Credit Card,2,7.0,No
C08848,Female,59.0,67.42,Monthly,28,,2,6.0,No
C00322,Female,49.0,81.6,Monthly,26,Credit Card,1,10.0,Yes
C02679,Male,42.0,109.02,Monthly,5,Bank Transfer,2,7.0,No
C04626,Female,45.0,156.87,Monthly,6,E-Wallet,5,6.0,No
C04950,Female,24.0,73.58,Monthly,20,,3,7.0,No
C08329,Female,31.0,57.04,Yearly,1,Credit Card,0,5.0,No
C03338,Female,38.0,71.22,Yearly,19,Bank Transfer,4,5.0,No
C05590,Female,30.0,70.98,Two-Year,12,Credit Card,0,6.0,No
C00252,Male,31.0,68.81,Monthly,6,Credit Card,3,7.0,No
C03974,Female,27.0,58.65,Monthly,18,Bank Transfer,2,6.0,No
C06631,Male,150.0,58.3,Monthly,29,E-Wallet,3,5.0,No
C05548,male,27.0,65.95,Monthly,12,E-Wallet,3,8.0,No
C00036,Female,48.0,36.89,Monthly,2,Credit Card,3,7.0,No
C08363,Male,33.0,40.37,Monthly,10,,2,4.0,No
C01514,Male,33.0,62.33,Monthly,4,E-Wallet,3,8.0,No
C09318,Male,46.0,59.73,Monthly,13,Cash,3,4.0,No
C00040,Male,34.0,64.35,Two-Year,3,Bank Transfer,7,3.0,Yes
C04820,Male,26.0,66.58,Monthly,1,Credit Card,1,6.0,No
C03466,Female,45.0,49.98,Yearly,13,Credit Card,2,4.0,No
C01761,Male,37.0,108.17,Monthly,4,Credit Card,1,6.0,No
C02305,Female,37.0,73.93,Yearly,5,Credit Card,2,8.0,No
C03724,Male,26.0,46.58,Monthly,3,Credit Card,3,6.0,No
C08285,Female,42.0,59.56,Monthly,3,Credit Card,0,3.0,Yes
C04994,Female,28.0,46.59,Monthly,14,E-Wallet,0,6.0,No
C08128,Female,32.0,101.68,Monthly,1,Bank Transfer,2,5.0,No
C03033,Female,24.0,14.38,Yearly,26,Credit Card,1,8.0,No
C07939,Male,46.0,59.46,Monthly,3, E-Wallet,2,3.0,No
C03040,Male,45.0,106.01,Two-Year,9,Cash,5,4.0,Yes
C09656,Female,45.0,39.48,Monthly,46,Bank Transfer,3,7.0,Yes
C02546,Male,40.0,58.46,Monthly,31,Bank Transfer,3,7.0,No
C02593,Female,24.0,19.38,Monthly,5,E-Wallet,1,4.0,Yes
C01189,Male,36.0,25.12,Monthly,10,,7,5.0,No
C07967,Male,40.0,59.68,Monthly,29,Credit Card,0,6.0,No
C06078,Female,41.0,89.66,Monthly,15,Credit Card ,2,3.0,Yes
C00108,Female,55.0,35.09,Monthly,2,Credit Card,2,10.0,No
C01316,Female,52.0,45.64,Yearly,5,Credit Card,2,3.0,No
C08188,Female,40.0,30.81,Two-Year,30,Credit Card,4,8.0,No
C02754,Male,18.0,60.76,Monthly,3,Cash,2,6.0,Yes
C09754,Female,21.0,40.06,Monthly,2, E-Wallet,1,7.0,No
C06232,Female,46.0,84.16,Monthly,9,Cash,2,6.0,No
C02877,Male,19.0,58.0,Two-Year,3,Bank Transfer,3,9.0,No
C05324,Female,36.0,41.68,Yearly,1,E-Wallet,2,3.0,No
C00800,Female,23.0,34.02,Monthly,5,Credit Card,2,8.0,No
C03571,Male,53.0,103.54,Yearly,1, E-Wallet,4,9.0,No
C02895,M,48.0,74.67,Monthly,12,Bank Transfer,2,,No
C02928,Female,41.0,47.06,Monthly,11,Credit Card,6,4.0,No
C08179,Male,37.0,28.68,Monthly,6,Bank Transfer,4,8.0,Yes
C00972,Female,38.0,63.47,Monthly,13,Bank Transfer,1,3.0,No
C06688,Male,32.0,57.48,Yearly,7,Bank Transfer,2,7.0,No
C08576,Male,36.0,36.39,Monthly,5,Credit Card,4,9.0,No
C02021,Female,25.0,22.82,Monthly,10,Credit Card,3,7.0,No
C09055,Female,48.0,30.44,Two-Year,2,Credit Card,5,6.0,No
C00953,Male,18.0,31.76,Yearly,3,Credit Card,3,9.0,No
C05360,Male,44.0,40.02,Monthly,3,Cash,1,5.0,Yes
C03858,Female,58.0,66.38,Monthly,2,Credit Card,2,6.0,No
C05862,Male,-5.0,52.97,Two-Year,13,Cash,6,10.0,No
C03146,Male,48.0,74.08,Two-Year,6,Bank Transfer,5,8.0,Yes
C03306,Male,37.0,69.19,Monthly,30,Credit Card,1,8.0,Yes
C03007,Female,27.0,60.36,Yearly,3,Credit Card,0,5.0,No
C09002,Female,35.0,39.34,Monthly,4,E-Wallet,0,8.0,No
C07771,Male,32.0,80.28,Yearly,4,,4,10.0,No
C07439,Male,33.0,68.55,Monthly,9,E-Wallet,2,9.0,No
C07943,Female,29.0,114.95,Monthly,9,Bank Transfer,0,8.0,No
C09239,Male,43.0,26.84,Monthly,21,Credit Card,1,8.0,No
C01057,Female,,61.41,Monthly,21,Cash,1,5.0,No
C03155,Male,47.0,15.66,Monthly,5,Bank Transfer,2,,No
C03788,Male,18.0,69.58,Two-Year,9,Cash,3,6.0,Yes
C09190,Female,18.0,30.54,Monthly,23,Credit Card,3,6.0,No
C07826,Female,27.0,54.77,Monthly,5,E-Wallet,3,8.0,No
C07540,Male,57.0,74.13,Two-Year,4,Credit Card,4,6.0,No
C07232,Male,24.0,58.97,Monthly,39,Credit Card,4,7.0,No
C00765,Male,34.0,32.22,Monthly,4,Credit Card,1,6.0,No
C05020,Female,24.0,49.2,Monthly,23,Credit Card,3,7.0,No
C04904,Male,39.0,37.87,Monthly,2,Bank Transfer,5,6.0,No
C08094,Female,33.0,47.45,Monthly,13,E-Wallet,2,6.0,No
C06844,Male,45.0,67.11,Monthly,1,Credit Card,2,4.0,Yes
C02166,Female,37.0,24.83,Monthly,10,Bank Transfer,4,7.0,No
C01863,Male,,109.85,Monthly,2,Credit Card,2,6.0,Yes
C07851,Male,50.0,,Yearly,7,E-Wallet,1,7.0,No
C09124,Female,,81.58,Monthly,11,Bank Transfer,4,3.0,Yes
C02341,Female,58.0,26.06,Monthly,4,Bank Transfer,2,4.0,Yes
C05528,Male,25.0,56.78,Monthly,1,Credit Card,7,,No
C06744,Female,31.0,41.55,Two-Year,14,Cash,2,4.0,Yes
C04004,Male,26.0,42.14,Two-Year,3,E-Wallet,4,8.0,No
C01124,Female,48.0,68.57,Monthly,9,Credit Card,3,7.0,No
C08710,Female,21.0,51.45,Monthly,31,Credit Card,1,5.0,No
C04050,Male,23.0,35.02,Monthly,13,E-Wallet,1,3.0,No
C07641,Male,28.0,36.02,Two-Year,7,Bank Transfer,3,6.0,No
C00766,Female,48.0,24.86,Monthly,5,E-Wallet,2,8.0,Yes
C02345,Female,57.0,38.09,Monthly,1,Credit Card,4,8.0,No
C04072,Female,20.0,35.45,Monthly,21,E-Wallet,0,7.0,Yes
C07217,Female,33.0,,Yearly,24,E-Wallet,3,5.0,No
C04217,Male,40.0,27.63,Two-Year,6,Credit Card,4,5.0,No
C07953,Female,24.0,43.4,Monthly,47,Bank Transfer,2,8.0,No
C05971,Female,26.0,73.46,Monthly,48,Bank Transfer,1,7.0,No
C03351,Male,53.0,74.03,Monthly,8,Cash,2,5.0,No
C04696,Female,28.0,81.02,Monthly,17,Credit Card,5,7.0,No
C03400,M,32.0,47.68,Yearly,10,Credit Card,4,5.0,No
C04082,Male,34.0,55.32,Two-Year,1,Cash,2,6.0,No
C09150,Female,42.0,36.98,Yearly,31,E-Wallet,4,5.0,Yes
C01225,Male,45.0,,Monthly,1,Bank Transfer,2,4.0,No
C06293,Female,,31.88,Yearly,36,Bank Transfer,1,8.0,No
C03123,Male,47.0,62.4,Monthly,2,E-Wallet,0,4.0,No
C00511,Female,36.0,89.27,Monthly,10,Credit Card,3,5.0,No
C05795,Male,27.0,91.16,Yearly,15,E-Wallet,1,5.0,Yes
C08182,Male,26.0,21.52,Monthly,7,E-Wallet,1,5.0,No
C09418,Male,,28.43,Monthly,15,Bank Transfer,3,3.0,No
C00097,Female,41.0,38.38,Monthly,12,Credit Card,2,10.0,No
C06682,Male,18.0,49.78,Yearly,10,Credit Card,2,8.0,No
C01513,Female,44.0,42.76,Monthly,10,Credit Card,0,4.0,No
C08792,Male,40.0,31.34,Monthly,30,Credit Card,0,8.0,No
C00120,Female,49.0,30.62,Monthly,43,Bank Transfer,5,8.0,No
C07792,Male,21.0,120.73,Monthly,3,Bank Transfer,2,10.0,No
C06518,Female,51.0,36.84,Monthly,7,E-Wallet,5,9.0,No
C00034,Female,54.0,55.03,Monthly,25,Bank Transfer,3,9.0,No
C07888,Male,44.0,82.71,Monthly,20,Bank Transfer,3,,No
C06831,Female,18.0,41.3,Monthly,3,Credit Card,4,7.0,No
C05422,Male,28.0,50.28,Monthly,27,Credit Card,2,8.0,No
C01069,Male,44.0,,Monthly,16,Credit Card,3,8.0,No
C01348,Male,26.0,74.61,Monthly,16,Credit Card,3,9.0,No
C04748,Male,32.0,,Monthly,18,Credit Card,1,2.0,No
C06006,Female,18.0,53.9,Monthly,6,Bank Transfer,1,9.0,No
C06040,Female,40.0,26.54,Monthly,11,Credit Card,3,8.0,No
C03818,Female,29.0,27.88,Monthly,2,E-Wallet,1,8.0,No
C08447,Female,38.0,50.71,Two-Year,9,E-Wallet,2,7.0,No
C05270,Male,74.0,57.48,Monthly,6,Credit Card,3,7.0,No
C06898,Male,38.0,71.89,Yearly,10,Credit Card,1,6.0,No
C05310,Female,53.0,25.15,Monthly,6,Bank Transfer,1,8.0,No
C00032,Male,54.0,52.35,Yearly,50,Credit Card,1,9.0,Yes
C05675,male,39.0,55.21,Yearly,9,Cash,7,10.0,No
C04387,Female,40.0,39.14,Monthly,2,Credit Card,2,4.0,No
C00030,Male,20.0,44.02,Monthly,15,Credit Card,4,8.0,Yes
C04203,Male,36.0,69.08,Monthly,6,Credit Card,0,5.0,No
C07508,Male,,89.06,Monthly,1,Bank Transfer,3,6.0,No
C00736,Female,23.0,43.38,Monthly,4,Bank Transfer,0,6.0,No
C02068,Male,,58.63,Monthly,4,Credit Card,4,5.0,Yes
C00107,Male,39.0,25.17,Monthly,2,E-Wallet,1,,Yes
C09645,Male,19.0,36.53,Monthly,18,Credit Card,3,3.0,Yes
C08895,Male,48.0,59.13,Monthly,4,Cash,2,9.0,No
C08021,Male,39.0,63.1,Yearly,12,E-Wallet,2,7.0,No
C02233,Female,27.0,45.21,Monthly,1,Credit Card,2,,Yes
C00994,Female,25.0,144.54,Two-Year,11,Cash,1,10.0,No
C09413,Female,46.0,71.49,Monthly,18,E-Wallet,3,5.0,No
C07059,Female,,32.09,Monthly,26,E-Wallet,1,6.0,No
C06790,Female,31.0,66.08,Two-Year,1,Credit Card,0,6.0,No
C00361,Male,31.0,60.64,Monthly,5, E-Wallet,3,,No
C00305,Female,33.0,44.04,Monthly,18,E-Wallet,3,,No
C02628,F,26.0,118.69,Yearly,20,Cash,2,6.0,No
C08966,Female,45.0,98.23,Monthly,12,Bank Transfer,4,8.0,No
C04514,Female,45.0,35.66,Yearly,12,Credit Card,4,3.0,No
C05911,F,61.0,24.69,Two-Year,33,E-Wallet,1,8.0,No
C08314,Female,60.0,31.45,Monthly,33,Credit Card,0,5.0,No
C03101,Male,23.0,169.02,Monthly,15,Credit Card,2,4.0,No
C05704,Male,54.0,59.97,Two-Year,23,Credit Card,1,2.0,No
C03899,Female,58.0,77.82,Two-Year,11,Credit Card,6,8.0,No
C05441,Male,18.0,65.18,Monthly,38,Cash,3,6.0,No
C07931,Female,37.0,23.18,Monthly,6,Bank Transfer,3,7.0,No
C00622,Male,40.0,79.02,Monthly,7,Bank Transfer,2,5.0,Yes
C07236,Male,59.0,96.98,Two-Year,3,Cash,4,5.0,No
C02499,Female,34.0,106.89,Monthly,12,Credit Card,3,8.0,No
C00714,Male,35.0,105.01,Monthly,6,Bank Transfer,1,7.0,No
C08404,Female,34.0,70.45,Monthly,14,Credit Card,5,8.0,Yes
C02856,Male,37.0,70.44,Monthly,7,E-Wallet,1,6.0,No
C04270,Female,38.0,33.87,Monthly,12,E-Wallet,3,6.0,No
C02909,Male,30.0,73.56,Yearly,17,E-Wallet,3,9.0,No
C08081,Male,18.0,30.91,Monthly,7,E-Wallet,3,9.0,No
C04517,Female,31.0,65.73,Monthly,3,Credit Card,4,9.0,No
C01262,Female,36.0,62.92,Monthly,2,Credit Card,0,2.0,No
C03161,Male,23.0,124.19,Monthly,35,Bank Transfer,2,5.0,No
C00971,Female,50.0,89.4,Monthly,5,Credit Card,3,6.0,No
C03913,Male,34.0,59.39,Monthly,17,Bank Transfer,2,3.0,No
